<aRacer APP Log Data for RaceAMP>
Created Date: 2026-10-08 13:56:03
Product ID: 50
AMP Version: 25
Stage_1,Stage_1,Stage_1,Stage_2,Stage_2,Stage_1,Stage_2,Stage_3,Stage_3,Stage_2,Stage_2,Stage_1,Stage_1,Stage_3,Stage_3,Stage_3,Stage_2,Stage_2,Flag,Flag,Flag,Stage_3,Stage_3,Stage_3,Flag,Flag,Flag,Flag,Flag,Flag,Flag,Flag,Flag,Flag,Flag,Flag,Flag,Flag,Flag,Flag,Flag,Flag,Flag,Flag,Flag,Flag,Flag,Flag,Flag,Flag,Flag,Flag,Flag,Flag,Flag,Flag,Flag,Flag,Flag,Flag,Flag,Flag,Flag,Flag,Flag,Flag,Flag,Flag,Flag,Flag,Flag,Flag,Flag,Flag,Flag,Flag,Flag,Flag,Flag,Flag,Flag,Flag,Flag,Flag,Flag,Flag,Flag,Flag,Stage_2,Flag,Flag,Flag,Stage_3,Stage_2,Stage_1,Stage_1,Stage_1,Stage_1,Stage_1,Stage_1,Stage_1,Stage_1,Stage_1,Stage_1,Stage_1,Stage_2
Time,AFR/系統空燃比,AFR_WBO2_CAL/寬域空燃比 AFR讀值,Acc_Fuel_Mult/加速增濃補償,Cyl1_Comn_FuelPW/1缸噴油脈寬,Cyl1_Eng_AP/1缸進氣壓力,Cyl1_Final_VM/1缸最終進氣效率,Cyl1_Injector_Period_Rate/1號噴嘴使用率,ETC_APS_Percent/ETC APS開度百分比,Dec_FC_En/減速斷油作動,Power_En/全油門模式作動,WBO2_AT_En/寬域含氧感知器自動調校作動,WBO2_Ready/寬域含氧感知器已準備,Fuel_CL/含氧感知器閉迴路即時修正值,GPS_Speed/賽車功能模組GPS速度,GearNum/檔位,ISC_Air_Flow/ISC空氣流量值,Idle_Desir_RPM/怠速目標轉速,KnockEn/爆震功能開啟,KnockOccur/爆震發生,KnockSARetard/爆震點火退角,Knock_Level/爆震等級百分比,Knock_SA_Retard/爆震點火退角,Knock_Thresh/爆震偵測門檻,P0106/壓力感知器相關問題,P0107/壓力感知器斷路,P0108/壓力感知器短路至電瓶,P0112/進氣溫度感知器短路至地,P0113/進氣溫度感知器斷路,P0117/引擎溫度感知器短路至地,P0118/引擎溫度感知器斷路,P0563/電瓶電壓過高,P0122/TPS斷路,P0123/TPS短路至電瓶,P0131/含氧感知器短路至地,P0132/含氧感知器短路至電瓶,P0134/含氧感知器無反應,P0231/油泵斷路,P0232/油泵短路至電瓶,P0601/EEPROM錯誤,P0261/噴嘴斷路,P0262/噴嘴斷路至電瓶,P0351/點火線圈短路至電瓶,P0650/EFI指示燈短路電瓶,P0654/轉速錶線路短路至電瓶,P1351/點火線圈斷路,P1650/EFI指示燈斷路,P1654/轉速錶線路斷路,P0298/引擎溫度過高,P0335/曲軸位置感知器問題,P0508/ISC斷路,P0509/ISC短路至電瓶,P1117/水溫錶斷路,P1118/水溫錶短路至電瓶,P1499/排氣溫度過高,P1620/發電機斷路,P0264/第二缸噴嘴斷路,P0265/第二缸噴嘴斷路至電瓶,P0352/第二缸點火線圈短路至電瓶,P1131/含氧感知器太稀,P1132/含氧感知器太濃,P1335/曲軸位置感知器斷路,P1352/第二缸點火線圈斷路,P1500/傾倒閥做動,P0135/含氧感知器加熱器短路至電瓶,P0222/TPS2開路,P0223/TPS2短路到電瓶,P0263/噴嘴使用率過高!!,P0505/ISC步進馬達步數基準點問題,P0660/副節流閥作動器異常,P1135/含氧感知器加熱器斷路,P1509/ISC步進馬達驅動電路過熱,P1574/TPS1_2 Disagree ,P1630/APS1 Open ,P1631/APS1 Short to V ,P1632/TPS or APS 5V correlation malfunction,P1633/APS2 Open ,P1634/APS2 Short to V ,P1639/APS1_2 Disagree ,P0560/ETC stop Voltage,P0562/ETC Limit Voltage,P1121/ETC Motor Open ,P1124/ETC Relay failure(ON side) ,P1125/ETC Motor malfunction ,P1126/ETC Relay failure(OFF side) ,P1585/ETC processor malfunction ,P1588/ETC return spring malfunction ,Malf_On/故障發生!!,Miss_CRK_Cnt/曲軸識別錯誤數,Eng_Over_Heat/引擎過熱,Neutral_SW/空檔開關,VVA/VVA做動狀態 0為不作動 1為作動,NBO2_AD/窄頻含氧感知器數位值,NBO2_Volt/窄頻含氧感知器電壓,PH_GPS_Altitude/手機GPS海拔高度,PH_GPS_Speed/手機GPS速度,P_Atm/大氣壓力,RPM/引擎轉速,SA/點火角度,TPS_Percent/TPS開度百分比,TPS_indx/TPS開度,T_Air_indx/進氣溫度,T_Eng/引擎溫度,Vehicle_Speed/車速,Volt_Batt_indx/電瓶電壓,iAF1_B_AFR/寬域空燃比 B
0,13.3,25.6,0.062,6.877,65.0,281,21.48,0.00,0,0,0,0,0.00,0,0,10.94,2016,1,0,0,0,0,0,0,0,0,0,0,0,0,0,0,0,0,0,0,0,0,0,0,0,0,0,0,0,0,0,0,0,0,0,0,0,0,0,0,0,0,0,0,0,0,0,0,0,0,0,0,0,0,0,0,0,0,0,0,0,0,0,0,0,0,0,0,0,0,0,0,0,0,0,12,58.82,62.2,15,101,3759,24,19.2,33,37,71,8,13.8,25.5
100,13.3,25.6,0.000,6.109,61.9,274,23.05,0.00,0,0,0,0,0.00,0,0,10.94,2016,1,0,0,0,0,0,0,0,0,0,0,0,0,0,0,0,0,0,0,0,0,0,0,0,0,0,0,0,0,0,0,0,0,0,0,0,0,0,0,0,0,0,0,0,0,0,0,0,0,0,0,0,0,0,0,0,0,0,0,0,0,0,0,0,0,0,0,0,0,0,0,0,0,0,11,53.92,62.2,15,101,4574,30,18.8,32,37,71,8,13.6,25.5
200,13.3,25.6,0.000,5.995,61.1,272,23.83,0.00,0,0,0,0,0.00,0,0,10.94,2016,1,0,0,0,0,0,0,0,0,0,0,0,0,0,0,0,0,0,0,0,0,0,0,0,0,0,0,0,0,0,0,0,0,0,0,0,0,0,0,0,0,0,0,0,0,0,0,0,0,0,0,0,0,0,0,0,0,0,0,0,0,0,0,0,0,0,0,0,0,0,0,0,0,0,12,58.82,62.2,15,101,4837,31,18.0,31,37,71,8,13.6,25.5
300,13.3,25.6,0.000,5.995,61.1,272,23.83,0.00,0,0,0,0,0.00,0,0,10.94,2016,1,0,0,0,0,0,0,0,0,0,0,0,0,0,0,0,0,0,0,0,0,0,0,0,0,0,0,0,0,0,0,0,0,0,0,0,0,0,0,0,0,0,0,0,0,0,0,0,0,0,0,0,0,0,0,0,0,0,0,0,0,0,0,0,0,0,0,0,0,0,0,0,0,0,12,58.82,62.2,15,101,4969,31,18.0,31,37,71,9,13.9,25.5
400,13.3,25.6,0.000,5.853,60.3,269,24.22,0.00,0,0,0,0,0.00,0,0,10.94,2016,1,0,0,0,0,0,0,0,0,0,0,0,0,0,0,0,0,0,0,0,0,0,0,0,0,0,0,0,0,0,0,0,0,0,0,0,0,0,0,0,0,0,0,0,0,0,0,0,0,0,0,0,0,0,0,0,0,0,0,0,0,0,0,0,0,0,0,0,0,0,0,0,0,0,11,53.92,62.2,15,101,5044,32,18.8,32,37,71,10,13.9,25.5
500,13.3,25.6,0.000,5.840,60.3,269,24.61,0.00,0,0,0,0,0.00,0,0,10.94,2016,1,0,0,0,0,0,0,0,0,0,0,0,0,0,0,0,0,0,0,0,0,0,0,0,0,0,0,0,0,0,0,0,0,0,0,0,0,0,0,0,0,0,0,0,0,0,0,0,0,0,0,0,0,0,0,0,0,0,0,0,0,0,0,0,0,0,0,0,0,0,0,0,0,0,12,58.82,62.6,9,101,5095,32,18.8,32,37,71,10,14.0,25.5
600,13.3,25.6,0.000,5.840,60.3,269,24.61,0.00,0,0,0,0,0.00,0,0,10.94,2016,1,0,0,0,0,0,0,0,0,0,0,0,0,0,0,0,0,0,0,0,0,0,0,0,0,0,0,0,0,0,0,0,0,0,0,0,0,0,0,0,0,0,0,0,0,0,0,0,0,0,0,0,0,0,0,0,0,0,0,0,0,0,0,0,0,0,0,0,0,0,0,0,0,0,12,58.82,62.6,9,101,5095,32,18.8,32,37,71,10,14.0,25.5
700,13.3,25.6,0.000,5.853,60.3,269,24.61,0.00,0,0,0,0,0.00,0,0,10.94,2016,1,0,0,0,0,0,0,0,0,0,0,0,0,0,0,0,0,0,0,0,0,0,0,0,0,0,0,0,0,0,0,0,0,0,0,0,0,0,0,0,0,0,0,0,0,0,0,0,0,0,0,0,0,0,0,0,0,0,0,0,0,0,0,0,0,0,0,0,0,0,0,0,0,0,11,53.92,62.6,9,101,5160,32,18.8,32,37,71,12,13.6,25.5
800,13.3,25.6,0.000,5.829,59.9,268,25.00,0.00,0,0,0,0,0.00,0,0,10.94,2016,1,0,0,0,0,0,0,0,0,0,0,0,0,0,0,0,0,0,0,0,0,0,0,0,0,0,0,0,0,0,0,0,0,0,0,0,0,0,0,0,0,0,0,0,0,0,0,0,0,0,0,0,0,0,0,0,0,0,0,0,0,0,0,0,0,0,0,0,0,0,0,0,0,0,11,53.92,62.6,9,101,5160,32,18.8,32,37,71,12,13.6,25.5
900,13.3,25.6,0.000,5.881,60.3,269,25.00,0.00,0,0,0,0,0.00,0,0,10.94,2016,1,0,0,0,0,0,0,0,0,0,0,0,0,0,0,0,0,0,0,0,0,0,0,0,0,0,0,0,0,0,0,0,0,0,0,0,0,0,0,0,0,0,0,0,0,0,0,0,0,0,0,0,0,0,0,0,0,0,0,0,0,0,0,0,0,0,0,0,0,0,0,0,0,0,12,58.82,62.6,9,101,5178,32,18.8,32,37,71,14,13.6,25.5
1000,13.3,25.6,0.000,5.853,60.3,269,25.00,0.00,0,0,0,0,0.00,0,0,10.94,2016,1,0,0,0,0,0,0,0,0,0,0,0,0,0,0,0,0,0,0,0,0,0,0,0,0,0,0,0,0,0,0,0,0,0,0,0,0,0,0,0,0,0,0,0,0,0,0,0,0,0,0,0,0,0,0,0,0,0,0,0,0,0,0,0,0,0,0,0,0,0,0,0,0,0,12,58.82,62.6,9,101,5178,32,18.8,32,37,71,14,14.0,25.5
1100,13.3,25.6,0.000,5.853,60.3,269,25.00,0.00,0,0,0,0,0.00,0,0,10.94,2016,1,0,0,0,0,0,0,0,0,0,0,0,0,0,0,0,0,0,0,0,0,0,0,0,0,0,0,0,0,0,0,0,0,0,0,0,0,0,0,0,0,0,0,0,0,0,0,0,0,0,0,0,0,0,0,0,0,0,0,0,0,0,0,0,0,0,0,0,0,0,0,0,0,0,12,58.82,62.6,9,101,5186,32,18.8,32,37,71,15,13.9,25.5
1200,13.3,25.6,0.000,5.802,59.9,268,25.00,0.00,0,0,0,0,0.00,0,0,10.94,2016,1,0,0,0,0,0,0,0,0,0,0,0,0,0,0,0,0,0,0,0,0,0,0,0,0,0,0,0,0,0,0,0,0,0,0,0,0,0,0,0,0,0,0,0,0,0,0,0,0,0,0,0,0,0,0,0,0,0,0,0,0,0,0,0,0,0,0,0,0,0,0,0,0,0,11,53.92,62.6,9,101,5203,32,18.8,32,37,71,16,14.0,25.5
1300,13.3,25.6,0.000,5.802,59.9,268,25.00,0.00,0,0,0,0,0.00,0,0,10.94,2016,1,0,0,0,0,0,0,0,0,0,0,0,0,0,0,0,0,0,0,0,0,0,0,0,0,0,0,0,0,0,0,0,0,0,0,0,0,0,0,0,0,0,0,0,0,0,0,0,0,0,0,0,0,0,0,0,0,0,0,0,0,0,0,0,0,0,0,0,0,0,0,0,0,0,11,53.92,62.6,9,101,5203,32,18.8,32,37,71,16,14.0,25.5
1400,13.3,25.6,0.000,5.774,59.1,267,24.61,0.00,0,0,0,0,0.00,0,0,10.94,2016,1,0,0,0,0,0,0,0,0,0,0,0,0,0,0,0,0,0,0,0,0,0,0,0,0,0,0,0,0,0,0,0,0,0,0,0,0,0,0,0,0,0,0,0,0,0,0,0,0,0,0,0,0,0,0,0,0,0,0,0,0,0,0,0,0,0,0,0,0,0,0,0,0,0,12,58.82,62.6,9,101,5164,32,17.6,30,37,71,17,13.6,25.5
1500,13.3,25.6,0.000,5.639,58.8,264,24.22,0.00,0,0,0,0,0.00,0,0,10.94,2016,1,0,0,0,0,0,0,0,0,0,0,0,0,0,0,0,0,0,0,0,0,0,0,0,0,0,0,0,0,0,0,0,0,0,0,0,0,0,0,0,0,0,0,0,0,0,0,0,0,0,0,0,0,0,0,0,0,0,0,0,0,0,0,0,0,0,0,0,0,0,0,0,0,0,11,53.92,62.9,9,101,5160,32,17.6,30,37,71,18,13.5,25.5
1600,13.3,25.6,0.000,5.639,58.8,264,24.22,0.00,0,0,0,0,0.00,0,0,10.94,2016,1,0,0,0,0,0,0,0,0,0,0,0,0,0,0,0,0,0,0,0,0,0,0,0,0,0,0,0,0,0,0,0,0,0,0,0,0,0,0,0,0,0,0,0,0,0,0,0,0,0,0,0,0,0,0,0,0,0,0,0,0,0,0,0,0,0,0,0,0,0,0,0,0,0,12,58.82,62.9,9,101,5134,32,16.9,29,37,71,19,13.9,25.5
1700,13.3,25.6,0.000,5.656,58.8,265,23.83,0.00,0,0,0,0,0.00,0,0,10.94,2016,1,0,0,0,0,0,0,0,0,0,0,0,0,0,0,0,0,0,0,0,0,0,0,0,0,0,0,0,0,0,0,0,0,0,0,0,0,0,0,0,0,0,0,0,0,0,0,0,0,0,0,0,0,0,0,0,0,0,0,0,0,0,0,0,0,0,0,0,0,0,0,0,0,0,12,58.82,62.9,9,101,5117,32,16.9,29,37,71,20,14.0,25.5
1800,13.3,25.6,0.000,5.656,58.8,265,23.83,0.00,0,0,0,0,0.00,0,0,10.94,2016,1,0,0,0,0,0,0,0,0,0,0,0,0,0,0,0,0,0,0,0,0,0,0,0,0,0,0,0,0,0,0,0,0,0,0,0,0,0,0,0,0,0,0,0,0,0,0,0,0,0,0,0,0,0,0,0,0,0,0,0,0,0,0,0,0,0,0,0,0,0,0,0,0,0,12,58.82,62.9,9,101,5117,32,16.9,29,37,71,20,14.0,25.5
1900,13.3,25.6,0.000,5.656,59.1,265,23.83,0.00,0,0,0,0,0.00,0,0,10.94,2016,1,0,0,0,0,0,0,0,0,0,0,0,0,0,0,0,0,0,0,0,0,0,0,0,0,0,0,0,0,0,0,0,0,0,0,0,0,0,0,0,0,0,0,0,0,0,0,0,0,0,0,0,0,0,0,0,0,0,0,0,0,0,0,0,0,0,0,0,0,0,0,0,0,0,12,58.82,62.9,9,101,5132,32,17.6,30,37,71,21,14.0,25.5
2000,13.3,25.6,0.000,5.698,59.1,265,24.22,0.00,0,0,0,0,0.00,0,0,10.94,2016,1,0,0,0,0,0,0,0,0,0,0,0,0,0,0,0,0,0,0,0,0,0,0,0,0,0,0,0,0,0,0,0,0,0,0,0,0,0,0,0,0,0,0,0,0,0,0,0,0,0,0,0,0,0,0,0,0,0,0,0,0,0,0,0,0,0,0,0,0,0,0,0,0,0,12,58.82,62.9,9,101,5164,32,17.6,30,37,72,22,13.6,25.5
2100,13.3,25.6,0.000,5.698,59.1,265,24.22,0.00,0,0,0,0,0.00,0,0,10.94,2016,1,0,0,0,0,0,0,0,0,0,0,0,0,0,0,0,0,0,0,0,0,0,0,0,0,0,0,0,0,0,0,0,0,0,0,0,0,0,0,0,0,0,0,0,0,0,0,0,0,0,0,0,0,0,0,0,0,0,0,0,0,0,0,0,0,0,0,0,0,0,0,0,0,0,12,58.82,62.9,9,101,5164,32,17.6,30,37,72,22,13.6,25.5
2200,13.3,25.6,0.000,5.698,59.1,265,24.61,0.00,0,0,0,0,0.00,0,0,10.94,2016,1,0,0,0,0,0,0,0,0,0,0,0,0,0,0,0,0,0,0,0,0,0,0,0,0,0,0,0,0,0,0,0,0,0,0,0,0,0,0,0,0,0,0,0,0,0,0,0,0,0,0,0,0,0,0,0,0,0,0,0,0,0,0,0,0,0,0,0,0,0,0,0,0,0,11,53.92,62.9,9,101,5177,32,17.6,30,37,72,24,13.5,25.5
2300,13.3,25.6,0.000,5.611,58.8,264,24.22,0.00,0,0,0,0,0.00,0,0,10.94,2016,1,0,0,0,0,0,0,0,0,0,0,0,0,0,0,0,0,0,0,0,0,0,0,0,0,0,0,0,0,0,0,0,0,0,0,0,0,0,0,0,0,0,0,0,0,0,0,0,0,0,0,0,0,0,0,0,0,0,0,0,0,0,0,0,0,0,0,0,0,0,0,0,0,0,11,53.92,62.9,9,101,5202,32,17.6,30,37,72,25,13.9,25.5
2400,13.3,25.6,0.000,5.611,58.8,264,24.22,0.00,0,0,0,0,0.00,0,0,10.94,2016,1,0,0,0,0,0,0,0,0,0,0,0,0,0,0,0,0,0,0,0,0,0,0,0,0,0,0,0,0,0,0,0,0,0,0,0,0,0,0,0,0,0,0,0,0,0,0,0,0,0,0,0,0,0,0,0,0,0,0,0,0,0,0,0,0,0,0,0,0,0,0,0,0,0,11,53.92,62.9,9,101,5286,32,18.8,32,37,72,25,13.9,25.5
2500,13.3,25.6,0.000,5.414,57.2,262,23.83,0.00,0,0,0,0,0.00,0,0,10.94,2016,1,0,0,0,0,0,0,0,0,0,0,0,0,0,0,0,0,0,0,0,0,0,0,0,0,0,0,0,0,0,0,0,0,0,0,0,0,0,0,0,0,0,0,0,0,0,0,0,0,0,0,0,0,0,0,0,0,0,0,0,0,0,0,0,0,0,0,0,0,0,0,0,0,0,12,58.82,63.0,13,101,5316,33,16.5,28,37,72,26,13.9,25.5
2600,13.3,25.6,0.000,5.414,57.2,262,23.83,0.00,0,0,0,0,0.00,0,0,10.94,2016,1,0,0,0,0,0,0,0,0,0,0,0,0,0,0,0,0,0,0,0,0,0,0,0,0,0,0,0,0,0,0,0,0,0,0,0,0,0,0,0,0,0,0,0,0,0,0,0,0,0,0,0,0,0,0,0,0,0,0,0,0,0,0,0,0,0,0,0,0,0,0,0,0,0,12,58.82,63.0,13,101,5316,33,16.5,28,37,72,26,13.9,25.5
2700,13.3,25.6,0.000,5.853,59.5,271,26.17,0.00,0,0,0,0,0.00,0,0,10.94,2016,1,0,0,0,0,0,0,0,0,0,0,0,0,0,0,0,0,0,0,0,0,0,0,0,0,0,0,0,0,0,0,0,0,0,0,0,0,0,0,0,0,0,0,0,0,0,0,0,0,0,0,0,0,0,0,0,0,0,0,0,0,0,0,0,0,0,0,0,0,0,0,0,0,0,12,58.82,63.0,13,101,5509,34,22.7,39,37,72,27,13.5,25.5
2800,13.3,25.6,0.062,6.691,61.9,282,30.47,0.00,0,0,0,0,0.00,0,0,10.94,2016,1,0,0,0,0,0,0,0,0,0,0,0,0,0,0,0,0,0,0,0,0,0,0,0,0,0,0,0,0,0,0,0,0,0,0,0,0,0,0,0,0,0,0,0,0,0,0,0,0,0,0,0,0,0,0,0,0,0,0,0,0,0,0,0,0,0,0,0,0,0,0,0,0,0,12,58.82,63.0,13,101,5509,34,22.7,39,37,72,27,13.5,25.5
2900,13.3,25.6,0.016,6.535,61.5,282,30.47,0.00,0,0,0,0,0.00,0,0,10.94,2016,1,0,0,0,0,0,0,0,0,0,0,0,0,0,0,0,0,0,0,0,0,0,0,0,0,0,0,0,0,0,0,0,0,0,0,0,0,0,0,0,0,0,0,0,0,0,0,0,0,0,0,0,0,0,0,0,0,0,0,0,0,0,0,0,0,0,0,0,0,0,0,0,0,0,12,58.82,63.0,13,101,5592,35,22.4,38,37,72,30,13.7,25.5
3000,13.3,25.6,0.000,6.438,62.3,286,30.08,0.00,0,0,0,0,0.00,0,0,10.94,2016,1,0,0,0,0,0,0,0,0,0,0,0,0,0,0,0,0,0,0,0,0,0,0,0,0,0,0,0,0,0,0,0,0,0,0,0,0,0,0,0,0,0,0,0,0,0,0,0,0,0,0,0,0,0,0,0,0,0,0,0,0,0,0,0,0,0,0,0,0,0,0,0,0,0,12,58.82,63.0,13,101,5651,35,23.9,41,37,72,28,13.9,25.5
3100,13.3,25.6,0.000,6.414,62.3,285,29.69,0.00,0,0,0,0,0.00,0,0,10.94,2016,1,0,0,0,0,0,0,0,0,0,0,0,0,0,0,0,0,0,0,0,0,0,0,0,0,0,0,0,0,0,0,0,0,0,0,0,0,0,0,0,0,0,0,0,0,0,0,0,0,0,0,0,0,0,0,0,0,0,0,0,0,0,0,0,0,0,0,0,0,0,0,0,0,0,12,58.82,63.0,13,101,5631,35,23.9,41,37,72,30,13.9,25.5
3200,13.3,25.6,0.000,6.414,62.3,285,29.69,0.00,0,0,0,0,0.00,0,0,10.94,2016,1,0,0,0,0,0,0,0,0,0,0,0,0,0,0,0,0,0,0,0,0,0,0,0,0,0,0,0,0,0,0,0,0,0,0,0,0,0,0,0,0,0,0,0,0,0,0,0,0,0,0,0,0,0,0,0,0,0,0,0,0,0,0,0,0,0,0,0,0,0,0,0,0,0,12,58.82,63.0,13,101,5631,35,23.9,41,37,72,30,13.9,25.5
3300,13.3,25.6,0.000,6.614,63.4,289,30.86,0.00,0,0,0,0,0.00,0,0,10.94,2016,1,0,0,0,0,0,0,0,0,0,0,0,0,0,0,0,0,0,0,0,0,0,0,0,0,0,0,0,0,0,0,0,0,0,0,0,0,0,0,0,0,0,0,0,0,0,0,0,0,0,0,0,0,0,0,0,0,0,0,0,0,0,0,0,0,0,0,0,0,0,0,0,0,0,12,58.82,63.0,13,101,5632,35,26.3,45,37,72,31,13.5,25.5
3400,13.3,25.6,0.000,6.677,63.4,290,31.25,0.00,0,0,0,0,0.00,0,0,10.94,2016,1,0,0,0,0,0,0,0,0,0,0,0,0,0,0,0,0,0,0,0,0,0,0,0,0,0,0,0,0,0,0,0,0,0,0,0,0,0,0,0,0,0,0,0,0,0,0,0,0,0,0,0,0,0,0,0,0,0,0,0,0,0,0,0,0,0,0,0,0,0,0,0,0,0,12,58.82,63.0,13,101,5673,35,25.9,44,37,72,31,13.5,25.5
3500,13.3,25.6,0.000,6.677,63.4,290,31.25,0.00,0,0,0,0,0.00,0,0,10.94,2016,1,0,0,0,0,0,0,0,0,0,0,0,0,0,0,0,0,0,0,0,0,0,0,0,0,0,0,0,0,0,0,0,0,0,0,0,0,0,0,0,0,0,0,0,0,0,0,0,0,0,0,0,0,0,0,0,0,0,0,0,0,0,0,0,0,0,0,0,0,0,0,0,0,0,11,53.92,62.7,20,101,5714,35,28.2,48,37,72,32,13.5,25.5
3600,13.3,25.6,0.062,0.000,63.8,291,1.17,0.00,0,0,0,0,0.00,0,0,10.94,2016,1,0,0,0,0,0,0,0,0,0,0,0,0,0,0,0,0,0,0,0,0,0,0,0,0,0,0,0,0,0,0,0,0,0,0,0,0,0,0,0,0,0,0,0,0,0,0,0,0,0,0,0,0,0,0,0,0,0,0,0,0,0,0,0,0,0,0,0,0,0,0,0,0,0,12,58.82,62.7,20,101,5724,35,27.5,47,37,72,32,13.9,25.5
3700,13.3,25.6,0.062,0.000,63.8,291,1.17,0.00,0,0,0,0,0.00,0,0,10.94,2016,1,0,0,0,0,0,0,0,0,0,0,0,0,0,0,0,0,0,0,0,0,0,0,0,0,0,0,0,0,0,0,0,0,0,0,0,0,0,0,0,0,0,0,0,0,0,0,0,0,0,0,0,0,0,0,0,0,0,0,0,0,0,0,0,0,0,0,0,0,0,0,0,0,0,12,58.82,62.7,20,101,5724,35,27.5,47,37,72,32,13.9,25.5
3800,13.3,25.6,0.016,7.002,64.2,293,33.59,0.00,0,0,0,0,0.00,0,0,10.94,2016,1,0,0,0,0,0,0,0,0,0,0,0,0,0,0,0,0,0,0,0,0,0,0,0,0,0,0,0,0,0,0,0,0,0,0,0,0,0,0,0,0,0,0,0,0,0,0,0,0,0,0,0,0,0,0,0,0,0,0,0,0,0,0,0,0,0,0,0,0,0,0,0,0,0,11,53.92,62.7,20,101,5773,35,28.2,48,37,73,33,13.9,25.5
3900,13.3,25.6,0.000,6.749,64.2,293,32.42,0.00,0,0,0,0,0.00,0,0,10.94,2016,1,0,0,0,0,0,0,0,0,0,0,0,0,0,0,0,0,0,0,0,0,0,0,0,0,0,0,0,0,0,0,0,0,0,0,0,0,0,0,0,0,0,0,0,0,0,0,0,0,0,0,0,0,0,0,0,0,0,0,0,0,0,0,0,0,0,0,0,0,0,0,0,0,0,12,58.82,62.7,20,101,5798,35,27.5,47,37,73,35,13.9,25.5
4000,13.3,25.6,0.000,6.777,64.2,293,32.42,0.00,0,0,0,0,0.00,0,0,10.94,2016,1,0,0,0,0,0,0,0,0,0,0,0,0,0,0,0,0,0,0,0,0,0,0,0,0,0,0,0,0,0,0,0,0,0,0,0,0,0,0,0,0,0,0,0,0,0,0,0,0,0,0,0,0,0,0,0,0,0,0,0,0,0,0,0,0,0,0,0,0,0,0,0,0,0,11,53.92,62.7,20,101,5800,35,28.6,49,37,73,35,13.5,25.5
4100,13.3,25.6,0.000,6.791,63.4,293,32.81,0.00,0,0,0,0,0.00,0,0,10.94,2016,1,0,0,0,0,0,0,0,0,0,0,0,0,0,0,0,0,0,0,0,0,0,0,0,0,0,0,0,0,0,0,0,0,0,0,0,0,0,0,0,0,0,0,0,0,0,0,0,0,0,0,0,0,0,0,0,0,0,0,0,0,0,0,0,0,0,0,0,0,0,0,0,0,0,11,53.92,62.7,20,101,5829,35,27.5,47,37,73,36,13.5,25.5
4200,13.3,25.6,0.000,6.791,63.4,293,32.81,0.00,0,0,0,0,0.00,0,0,10.94,2016,1,0,0,0,0,0,0,0,0,0,0,0,0,0,0,0,0,0,0,0,0,0,0,0,0,0,0,0,0,0,0,0,0,0,0,0,0,0,0,0,0,0,0,0,0,0,0,0,0,0,0,0,0,0,0,0,0,0,0,0,0,0,0,0,0,0,0,0,0,0,0,0,0,0,11,53.92,62.7,20,101,5829,35,27.5,47,37,73,36,13.5,25.5
4300,13.3,25.6,0.000,6.677,63.4,292,32.03,0.00,0,0,0,0,0.00,0,0,10.94,2016,1,0,0,0,0,0,0,0,0,0,0,0,0,0,0,0,0,0,0,0,0,0,0,0,0,0,0,0,0,0,0,0,0,0,0,0,0,0,0,0,0,0,0,0,0,0,0,0,0,0,0,0,0,0,0,0,0,0,0,0,0,0,0,0,0,0,0,0,0,0,0,0,0,0,12,58.82,62.7,20,101,5802,35,27.1,46,37,73,36,13.7,25.5
4400,13.3,25.6,0.000,6.431,61.1,289,30.86,0.00,0,0,0,0,0.00,0,0,10.94,2016,1,0,0,0,0,0,0,0,0,0,0,0,0,0,0,0,0,0,0,0,0,0,0,0,0,0,0,0,0,0,0,0,0,0,0,0,0,0,0,0,0,0,0,0,0,0,0,0,0,0,0,0,0,0,0,0,0,0,0,0,0,0,0,0,0,0,0,0,0,0,0,0,0,0,12,58.82,62.7,20,101,5816,35,23.5,40,37,73,37,13.9,25.5
4500,13.3,25.6,0.000,5.494,56.4,270,26.17,0.00,0,0,0,0,0.00,0,0,10.94,2016,1,0,0,0,0,0,0,0,0,0,0,0,0,0,0,0,0,0,0,0,0,0,0,0,0,0,0,0,0,0,0,0,0,0,0,0,0,0,0,0,0,0,0,0,0,0,0,0,0,0,0,0,0,0,0,0,0,0,0,0,0,0,0,0,0,0,0,0,0,0,0,0,0,0,12,58.82,62.5,25,101,5705,35,16.5,28,37,73,37,13.9,25.5
4600,13.3,25.6,0.000,5.494,56.4,269,25.78,0.00,0,0,0,0,0.00,0,0,10.94,2016,1,0,0,0,0,0,0,0,0,0,0,0,0,0,0,0,0,0,0,0,0,0,0,0,0,0,0,0,0,0,0,0,0,0,0,0,0,0,0,0,0,0,0,0,0,0,0,0,0,0,0,0,0,0,0,0,0,0,0,0,0,0,0,0,0,0,0,0,0,0,0,0,0,0,12,58.82,62.5,25,101,5653,35,15.7,27,37,73,38,13.7,25.5
4700,13.3,25.6,0.000,5.494,56.4,269,25.78,0.00,0,0,0,0,0.00,0,0,10.94,2016,1,0,0,0,0,0,0,0,0,0,0,0,0,0,0,0,0,0,0,0,0,0,0,0,0,0,0,0,0,0,0,0,0,0,0,0,0,0,0,0,0,0,0,0,0,0,0,0,0,0,0,0,0,0,0,0,0,0,0,0,0,0,0,0,0,0,0,0,0,0,0,0,0,0,11,53.92,62.5,25,101,5413,25,3.9,7,37,73,38,13.6,25.5
4800,13.3,25.6,0.000,3.684,44.7,222,16.41,0.00,0,0,0,0,0.00,0,0,10.94,2016,1,0,0,0,0,0,0,0,0,0,0,0,0,0,0,0,0,0,0,0,0,0,0,0,0,0,0,0,0,0,0,0,0,0,0,0,0,0,0,0,0,0,0,0,0,0,0,0,0,0,0,0,0,0,0,0,0,0,0,0,0,0,0,0,0,0,0,0,0,0,0,0,0,0,11,53.92,62.5,25,101,5413,25,3.9,7,37,73,38,13.6,25.5
4900,13.3,25.6,0.000,3.539,44.3,216,14.45,0.00,0,0,0,0,0.00,0,0,10.94,2016,1,0,0,0,0,0,0,0,0,0,0,0,0,0,0,0,0,0,0,0,0,0,0,0,0,0,0,0,0,0,0,0,0,0,0,0,0,0,0,0,0,0,0,0,0,0,0,0,0,0,0,0,0,0,0,0,0,0,0,0,0,0,0,0,0,0,0,0,0,0,0,0,0,0,12,58.82,62.5,25,101,4937,23,1.6,3,37,73,38,13.6,25.5
5000,13.3,25.6,0.000,3.508,44.7,214,13.28,0.00,0,0,0,0,0.00,0,0,10.94,2016,1,0,0,0,0,0,0,0,0,0,0,0,0,0,0,0,0,0,0,0,0,0,0,0,0,0,0,0,0,0,0,0,0,0,0,0,0,0,0,0,0,0,0,0,0,0,0,0,0,0,0,0,0,0,0,0,0,0,0,0,0,0,0,0,0,0,0,0,0,0,0,0,0,0,12,58.82,62.5,25,101,4663,23,2.4,4,37,73,37,14.0,25.5
5100,13.3,25.6,0.000,3.522,45.1,214,12.89,0.00,0,0,0,0,0.00,0,0,10.94,2016,1,0,0,0,0,0,0,0,0,0,0,0,0,0,0,0,0,0,0,0,0,0,0,0,0,0,0,0,0,0,0,0,0,0,0,0,0,0,0,0,0,0,0,0,0,0,0,0,0,0,0,0,0,0,0,0,0,0,0,0,0,0,0,0,0,0,0,0,0,0,0,0,0,0,12,58.82,62.5,25,101,4497,22,1.6,3,37,73,37,14.0,25.5
5200,13.3,25.6,0.000,3.522,45.1,214,12.89,0.00,0,0,0,0,0.00,0,0,10.94,2016,1,0,0,0,0,0,0,0,0,0,0,0,0,0,0,0,0,0,0,0,0,0,0,0,0,0,0,0,0,0,0,0,0,0,0,0,0,0,0,0,0,0,0,0,0,0,0,0,0,0,0,0,0,0,0,0,0,0,0,0,0,0,0,0,0,0,0,0,0,0,0,0,0,0,12,58.82,62.5,25,101,4400,22,1.6,3,37,73,37,14.0,25.5
5300,13.3,25.6,0.000,3.522,45.1,212,12.50,0.00,0,0,0,0,0.00,0,0,10.94,2016,1,0,0,0,0,0,0,0,0,0,0,0,0,0,0,0,0,0,0,0,0,0,0,0,0,0,0,0,0,0,0,0,0,0,0,0,0,0,0,0,0,0,0,0,0,0,0,0,0,0,0,0,0,0,0,0,0,0,0,0,0,0,0,0,0,0,0,0,0,0,0,0,0,0,12,58.82,62.5,25,101,4314,22,1.6,3,37,73,36,13.6,25.5
5400,13.3,25.6,0.000,3.522,45.1,212,12.50,0.00,0,0,0,0,0.00,0,0,10.94,2016,1,0,0,0,0,0,0,0,0,0,0,0,0,0,0,0,0,0,0,0,0,0,0,0,0,0,0,0,0,0,0,0,0,0,0,0,0,0,0,0,0,0,0,0,0,0,0,0,0,0,0,0,0,0,0,0,0,0,0,0,0,0,0,0,0,0,0,0,0,0,0,0,0,0,12,58.82,62.5,25,101,4314,22,1.6,3,37,73,36,13.6,25.5
5500,13.3,25.6,0.000,3.508,45.1,211,12.11,0.00,0,0,0,0,0.00,0,0,10.94,2016,1,0,0,0,0,0,0,0,0,0,0,0,0,0,0,0,0,0,0,0,0,0,0,0,0,0,0,0,0,0,0,0,0,0,0,0,0,0,0,0,0,0,0,0,0,0,0,0,0,0,0,0,0,0,0,0,0,0,0,0,0,0,0,0,0,0,0,0,0,0,0,0,0,0,12,58.82,62.6,31,101,4270,21,1.6,3,37,73,35,13.9,25.5
5600,13.3,25.6,0.000,3.508,45.1,211,12.11,0.00,0,0,0,0,0.00,0,0,10.94,2016,1,0,0,0,0,0,0,0,0,0,0,0,0,0,0,0,0,0,0,0,0,0,0,0,0,0,0,0,0,0,0,0,0,0,0,0,0,0,0,0,0,0,0,0,0,0,0,0,0,0,0,0,0,0,0,0,0,0,0,0,0,0,0,0,0,0,0,0,0,0,0,0,0,0,12,58.82,62.6,31,101,4270,21,1.6,3,37,73,35,13.9,25.5
5700,13.3,25.6,0.000,3.453,45.1,210,12.11,0.00,0,0,0,0,0.00,0,0,10.94,2016,1,0,0,0,0,0,0,0,0,0,0,0,0,0,0,0,0,0,0,0,0,0,0,0,0,0,0,0,0,0,0,0,0,0,0,0,0,0,0,0,0,0,0,0,0,0,0,0,0,0,0,0,0,0,0,0,0,0,0,0,0,0,0,0,0,0,0,0,0,0,0,0,0,0,12,58.82,62.6,31,101,4217,21,1.6,3,37,73,34,14.0,25.5
5800,13.3,25.6,0.000,3.453,45.1,210,11.72,0.00,0,0,0,0,0.00,0,0,10.94,2016,1,0,0,0,0,0,0,0,0,0,0,0,0,0,0,0,0,0,0,0,0,0,0,0,0,0,0,0,0,0,0,0,0,0,0,0,0,0,0,0,0,0,0,0,0,0,0,0,0,0,0,0,0,0,0,0,0,0,0,0,0,0,0,0,0,0,0,0,0,0,0,0,0,0,12,58.82,62.6,31,101,4202,21,1.6,3,37,73,34,14.0,25.5
5900,13.3,25.6,0.000,3.453,45.1,210,11.72,0.00,0,0,0,0,0.00,0,0,10.94,2016,1,0,0,0,0,0,0,0,0,0,0,0,0,0,0,0,0,0,0,0,0,0,0,0,0,0,0,0,0,0,0,0,0,0,0,0,0,0,0,0,0,0,0,0,0,0,0,0,0,0,0,0,0,0,0,0,0,0,0,0,0,0,0,0,0,0,0,0,0,0,0,0,0,0,12,58.82,62.6,31,101,4202,21,1.6,3,37,73,34,14.0,25.5
6000,13.3,25.6,0.000,3.491,45.5,210,12.11,0.00,0,0,0,0,0.00,0,0,10.94,2016,1,0,0,0,0,0,0,0,0,0,0,0,0,0,0,0,0,0,0,0,0,0,0,0,0,0,0,0,0,0,0,0,0,0,0,0,0,0,0,0,0,0,0,0,0,0,0,0,0,0,0,0,0,0,0,0,0,0,0,0,0,0,0,0,0,0,0,0,0,0,0,0,0,0,12,58.82,62.6,31,101,4158,22,1.6,3,37,73,33,13.6,25.5
6100,13.3,25.6,0.000,3.518,45.5,210,12.11,0.00,0,0,0,0,0.00,0,0,10.94,2016,1,0,0,0,0,0,0,0,0,0,0,0,0,0,0,0,0,0,0,0,0,0,0,0,0,0,0,0,0,0,0,0,0,0,0,0,0,0,0,0,0,0,0,0,0,0,0,0,0,0,0,0,0,0,0,0,0,0,0,0,0,0,0,0,0,0,0,0,0,0,0,0,0,0,12,58.82,62.6,31,101,4175,22,1.6,3,37,73,33,13.6,25.5
6200,13.3,25.6,0.000,3.518,45.5,210,12.11,0.00,0,0,0,0,0.00,0,0,10.94,2016,1,0,0,0,0,0,0,0,0,0,0,0,0,0,0,0,0,0,0,0,0,0,0,0,0,0,0,0,0,0,0,0,0,0,0,0,0,0,0,0,0,0,0,0,0,0,0,0,0,0,0,0,0,0,0,0,0,0,0,0,0,0,0,0,0,0,0,0,0,0,0,0,0,0,12,58.82,62.6,31,101,4155,22,1.6,3,37,73,33,13.6,25.5
6300,13.3,25.6,0.000,3.491,45.5,210,12.11,0.00,0,0,0,0,0.00,0,0,10.94,2016,1,0,0,0,0,0,0,0,0,0,0,0,0,0,0,0,0,0,0,0,0,0,0,0,0,0,0,0,0,0,0,0,0,0,0,0,0,0,0,0,0,0,0,0,0,0,0,0,0,0,0,0,0,0,0,0,0,0,0,0,0,0,0,0,0,0,0,0,0,0,0,0,0,0,12,58.82,62.6,31,101,4171,22,1.6,3,37,73,33,14.0,25.5
6400,13.3,25.6,0.000,3.477,45.5,210,11.72,0.00,0,0,0,0,0.00,0,0,10.94,2016,1,0,0,0,0,0,0,0,0,0,0,0,0,0,0,0,0,0,0,0,0,0,0,0,0,0,0,0,0,0,0,0,0,0,0,0,0,0,0,0,0,0,0,0,0,0,0,0,0,0,0,0,0,0,0,0,0,0,0,0,0,0,0,0,0,0,0,0,0,0,0,0,0,0,12,58.82,62.6,31,101,4127,22,1.6,3,37,73,32,14.0,25.5
6500,13.3,25.6,0.000,3.477,45.5,210,11.72,0.00,0,0,0,0,0.00,0,0,10.94,2016,1,0,0,0,0,0,0,0,0,0,0,0,0,0,0,0,0,0,0,0,0,0,0,0,0,0,0,0,0,0,0,0,0,0,0,0,0,0,0,0,0,0,0,0,0,0,0,0,0,0,0,0,0,0,0,0,0,0,0,0,0,0,0,0,0,0,0,0,0,0,0,0,0,0,12,58.82,62.9,33,101,4127,22,1.6,3,37,73,32,14.0,25.5
6600,13.3,25.6,0.000,3.487,45.5,208,11.33,0.00,0,0,0,0,0.00,0,0,10.94,2016,1,0,0,0,0,0,0,0,0,0,0,0,0,0,0,0,0,0,0,0,0,0,0,0,0,0,0,0,0,0,0,0,0,0,0,0,0,0,0,0,0,0,0,0,0,0,0,0,0,0,0,0,0,0,0,0,0,0,0,0,0,0,0,0,0,0,0,0,0,0,0,0,0,0,12,58.82,62.9,33,101,4004,21,1.6,3,37,73,31,13.6,25.5
6700,13.3,25.6,0.000,3.487,45.5,208,11.33,0.00,0,0,0,0,0.00,0,0,10.94,2016,1,0,0,0,0,0,0,0,0,0,0,0,0,0,0,0,0,0,0,0,0,0,0,0,0,0,0,0,0,0,0,0,0,0,0,0,0,0,0,0,0,0,0,0,0,0,0,0,0,0,0,0,0,0,0,0,0,0,0,0,0,0,0,0,0,0,0,0,0,0,0,0,0,0,12,58.82,62.9,33,101,4004,21,1.6,3,37,73,31,13.6,25.5
6800,13.3,25.6,0.000,3.501,45.5,208,11.33,0.00,0,0,0,0,0.00,0,0,10.94,2016,1,0,0,0,0,0,0,0,0,0,0,0,0,0,0,0,0,0,0,0,0,0,0,0,0,0,0,0,0,0,0,0,0,0,0,0,0,0,0,0,0,0,0,0,0,0,0,0,0,0,0,0,0,0,0,0,0,0,0,0,0,0,0,0,0,0,0,0,0,0,0,0,0,0,12,58.82,62.9,33,101,3941,21,1.6,3,37,73,30,13.6,25.5
6900,13.3,25.6,0.000,3.518,45.9,208,11.33,0.00,0,0,0,0,0.00,0,0,10.94,2016,1,0,0,0,0,0,0,0,0,0,0,0,0,0,0,0,0,0,0,0,0,0,0,0,0,0,0,0,0,0,0,0,0,0,0,0,0,0,0,0,0,0,0,0,0,0,0,0,0,0,0,0,0,0,0,0,0,0,0,0,0,0,0,0,0,0,0,0,0,0,0,0,0,0,12,58.82,62.9,33,101,3903,21,1.6,3,37,73,29,13.7,25.5
7000,13.3,25.6,0.000,3.491,45.9,208,10.94,0.00,0,0,0,0,0.00,0,0,10.94,2016,1,0,0,0,0,0,0,0,0,0,0,0,0,0,0,0,0,0,0,0,0,0,0,0,0,0,0,0,0,0,0,0,0,0,0,0,0,0,0,0,0,0,0,0,0,0,0,0,0,0,0,0,0,0,0,0,0,0,0,0,0,0,0,0,0,0,0,0,0,0,0,0,0,0,12,58.82,62.9,33,101,3849,21,1.6,3,37,73,27,14.0,25.5
7100,13.3,25.6,0.000,3.491,45.9,208,10.94,0.00,0,0,0,0,0.00,0,0,10.94,2016,1,0,0,0,0,0,0,0,0,0,0,0,0,0,0,0,0,0,0,0,0,0,0,0,0,0,0,0,0,0,0,0,0,0,0,0,0,0,0,0,0,0,0,0,0,0,0,0,0,0,0,0,0,0,0,0,0,0,0,0,0,0,0,0,0,0,0,0,0,0,0,0,0,0,12,58.82,62.9,33,101,3849,21,1.6,3,37,73,27,14.0,25.5
7200,13.3,25.6,0.000,3.487,46.2,207,10.55,0.00,0,0,0,0,0.00,0,0,10.94,2016,1,0,0,0,0,0,0,0,0,0,0,0,0,0,0,0,0,0,0,0,0,0,0,0,0,0,0,0,0,0,0,0,0,0,0,0,0,0,0,0,0,0,0,0,0,0,0,0,0,0,0,0,0,0,0,0,0,0,0,0,0,0,0,0,0,0,0,0,0,0,0,0,0,0,12,58.82,62.9,33,101,3752,21,1.6,3,37,73,25,13.9,25.5
7300,13.3,25.6,0.000,3.487,46.2,207,10.55,0.00,0,0,0,0,0.00,0,0,10.94,2016,1,0,0,0,0,0,0,0,0,0,0,0,0,0,0,0,0,0,0,0,0,0,0,0,0,0,0,0,0,0,0,0,0,0,0,0,0,0,0,0,0,0,0,0,0,0,0,0,0,0,0,0,0,0,0,0,0,0,0,0,0,0,0,0,0,0,0,0,0,0,0,0,0,0,12,58.82,62.9,33,101,3752,21,1.6,3,37,73,25,13.9,25.5
7400,13.3,25.6,0.000,3.487,46.2,207,10.55,0.00,0,0,0,0,0.00,0,0,10.94,2016,1,0,0,0,0,0,0,0,0,0,0,0,0,0,0,0,0,0,0,0,0,0,0,0,0,0,0,0,0,0,0,0,0,0,0,0,0,0,0,0,0,0,0,0,0,0,0,0,0,0,0,0,0,0,0,0,0,0,0,0,0,0,0,0,0,0,0,0,0,0,0,0,0,0,11,53.92,62.8,29,101,3758,21,1.6,3,37,73,25,13.6,25.5
7500,13.3,25.6,0.000,3.598,46.6,209,10.94,0.00,0,0,0,0,0.00,0,0,10.94,2016,1,0,0,0,0,0,0,0,0,0,0,0,0,0,0,0,0,0,0,0,0,0,0,0,0,0,0,0,0,0,0,0,0,0,0,0,0,0,0,0,0,0,0,0,0,0,0,0,0,0,0,0,0,0,0,0,0,0,0,0,0,0,0,0,0,0,0,0,0,0,0,0,0,0,11,53.92,62.8,29,101,3664,20,1.6,3,37,73,24,13.6,25.5
7600,13.3,25.6,0.000,3.598,46.6,209,10.94,0.00,0,0,0,0,0.00,0,0,10.94,2016,1,0,0,0,0,0,0,0,0,0,0,0,0,0,0,0,0,0,0,0,0,0,0,0,0,0,0,0,0,0,0,0,0,0,0,0,0,0,0,0,0,0,0,0,0,0,0,0,0,0,0,0,0,0,0,0,0,0,0,0,0,0,0,0,0,0,0,0,0,0,0,0,0,0,11,53.92,62.8,29,101,3664,20,1.6,3,37,73,24,13.6,25.5
7700,13.3,25.6,0.000,3.605,47.4,211,10.94,0.00,0,0,0,0,0.00,0,0,10.94,2016,1,0,0,0,0,0,0,0,0,0,0,0,0,0,0,0,0,0,0,0,0,0,0,0,0,0,0,0,0,0,0,0,0,0,0,0,0,0,0,0,0,0,0,0,0,0,0,0,0,0,0,0,0,0,0,0,0,0,0,0,0,0,0,0,0,0,0,0,0,0,0,0,0,0,12,58.82,62.8,29,101,3695,22,2.7,5,37,73,23,14.0,25.5
7800,13.3,25.6,0.000,3.660,47.4,213,11.33,0.00,0,0,0,0,0.00,0,0,10.94,2016,1,0,0,0,0,0,0,0,0,0,0,0,0,0,0,0,0,0,0,0,0,0,0,0,0,0,0,0,0,0,0,0,0,0,0,0,0,0,0,0,0,0,0,0,0,0,0,0,0,0,0,0,0,0,0,0,0,0,0,0,0,0,0,0,0,0,0,0,0,0,0,0,0,0,12,58.82,62.8,29,101,3756,22,2.7,5,37,73,23,14.0,25.5
7900,13.3,25.6,0.070,4.933,54.8,245,15.62,0.00,0,0,0,0,0.00,0,0,10.94,2016,1,0,0,0,0,0,0,0,0,0,0,0,0,0,0,0,0,0,0,0,0,0,0,0,0,0,0,0,0,0,0,0,0,0,0,0,0,0,0,0,0,0,0,0,0,0,0,0,0,0,0,0,0,0,0,0,0,0,0,0,0,0,0,0,0,0,0,0,0,0,0,0,0,0,12,58.82,62.8,29,101,3828,26,9.8,17,37,73,23,14.0,25.5
8000,13.3,25.6,0.070,4.933,54.8,245,15.62,0.00,0,0,0,0,0.00,0,0,10.94,2016,1,0,0,0,0,0,0,0,0,0,0,0,0,0,0,0,0,0,0,0,0,0,0,0,0,0,0,0,0,0,0,0,0,0,0,0,0,0,0,0,0,0,0,0,0,0,0,0,0,0,0,0,0,0,0,0,0,0,0,0,0,0,0,0,0,0,0,0,0,0,0,0,0,0,12,58.82,62.8,29,101,3828,26,9.8,17,37,73,23,14.0,25.5
8100,13.3,25.6,0.047,6.500,63.0,278,22.66,0.00,0,0,0,0,0.00,0,0,10.94,2016,1,0,0,0,0,0,0,0,0,0,0,0,0,0,0,0,0,0,0,0,0,0,0,0,0,0,0,0,0,0,0,0,0,0,0,0,0,0,0,0,0,0,0,0,0,0,0,0,0,0,0,0,0,0,0,0,0,0,0,0,0,0,0,0,0,0,0,0,0,0,0,0,0,0,12,58.82,62.8,29,101,4535,30,18.8,32,37,73,23,13.5,25.5
8200,13.3,25.6,0.000,6.203,62.3,277,23.05,0.00,0,0,0,0,0.00,0,0,10.94,2016,1,0,0,0,0,0,0,0,0,0,0,0,0,0,0,0,0,0,0,0,0,0,0,0,0,0,0,0,0,0,0,0,0,0,0,0,0,0,0,0,0,0,0,0,0,0,0,0,0,0,0,0,0,0,0,0,0,0,0,0,0,0,0,0,0,0,0,0,0,0,0,0,0,0,12,58.82,62.8,29,101,4535,30,18.8,32,37,73,23,13.5,25.5
8300,13.3,25.6,0.000,5.791,59.9,269,22.66,0.00,0,0,0,0,0.00,0,0,10.94,2016,1,0,0,0,0,0,0,0,0,0,0,0,0,0,0,0,0,0,0,0,0,0,0,0,0,0,0,0,0,0,0,0,0,0,0,0,0,0,0,0,0,0,0,0,0,0,0,0,0,0,0,0,0,0,0,0,0,0,0,0,0,0,0,0,0,0,0,0,0,0,0,0,0,0,12,58.82,62.8,29,101,4776,31,17.6,30,37,73,24,14.0,25.5
8400,13.3,25.6,0.000,5.670,59.5,267,23.05,0.00,0,0,0,0,0.00,0,0,10.94,2016,1,0,0,0,0,0,0,0,0,0,0,0,0,0,0,0,0,0,0,0,0,0,0,0,0,0,0,0,0,0,0,0,0,0,0,0,0,0,0,0,0,0,0,0,0,0,0,0,0,0,0,0,0,0,0,0,0,0,0,0,0,0,0,0,0,0,0,0,0,0,0,0,0,0,12,58.82,62.9,24,101,4958,31,17.6,30,37,73,25,14.0,25.5
8500,13.3,25.6,0.000,5.670,59.5,267,23.05,0.00,0,0,0,0,0.00,0,0,10.94,2016,1,0,0,0,0,0,0,0,0,0,0,0,0,0,0,0,0,0,0,0,0,0,0,0,0,0,0,0,0,0,0,0,0,0,0,0,0,0,0,0,0,0,0,0,0,0,0,0,0,0,0,0,0,0,0,0,0,0,0,0,0,0,0,0,0,0,0,0,0,0,0,0,0,0,11,53.92,62.9,24,101,5095,32,17.6,30,37,73,25,14.0,25.5
8600,13.3,25.6,0.000,5.580,58.8,264,23.44,0.00,0,0,0,0,0.00,0,0,10.94,2016,1,0,0,0,0,0,0,0,0,0,0,0,0,0,0,0,0,0,0,0,0,0,0,0,0,0,0,0,0,0,0,0,0,0,0,0,0,0,0,0,0,0,0,0,0,0,0,0,0,0,0,0,0,0,0,0,0,0,0,0,0,0,0,0,0,0,0,0,0,0,0,0,0,0,11,53.92,62.9,24,101,5143,32,16.9,29,37,73,26,13.6,25.5
8700,13.3,25.6,0.000,5.580,58.8,264,23.44,0.00,0,0,0,0,0.00,0,0,10.94,2016,1,0,0,0,0,0,0,0,0,0,0,0,0,0,0,0,0,0,0,0,0,0,0,0,0,0,0,0,0,0,0,0,0,0,0,0,0,0,0,0,0,0,0,0,0,0,0,0,0,0,0,0,0,0,0,0,0,0,0,0,0,0,0,0,0,0,0,0,0,0,0,0,0,0,11,53.92,62.9,24,101,5143,32,16.9,29,37,73,26,13.6,25.5
8800,13.3,25.6,0.000,5.580,58.8,264,24.22,0.00,0,0,0,0,0.00,0,0,10.94,2016,1,0,0,0,0,0,0,0,0,0,0,0,0,0,0,0,0,0,0,0,0,0,0,0,0,0,0,0,0,0,0,0,0,0,0,0,0,0,0,0,0,0,0,0,0,0,0,0,0,0,0,0,0,0,0,0,0,0,0,0,0,0,0,0,0,0,0,0,0,0,0,0,0,0,12,58.82,62.9,24,101,5231,32,17.6,30,37,73,26,13.6,25.5
8900,13.3,25.6,0.000,5.642,58.8,266,24.61,0.00,0,0,0,0,0.00,0,0,10.94,2016,1,0,0,0,0,0,0,0,0,0,0,0,0,0,0,0,0,0,0,0,0,0,0,0,0,0,0,0,0,0,0,0,0,0,0,0,0,0,0,0,0,0,0,0,0,0,0,0,0,0,0,0,0,0,0,0,0,0,0,0,0,0,0,0,0,0,0,0,0,0,0,0,0,0,12,58.82,62.9,24,101,5297,33,17.6,30,37,73,27,13.7,25.5
9000,13.3,25.6,0.000,5.632,58.8,267,24.61,0.00,0,0,0,0,0.00,0,0,10.94,2016,1,0,0,0,0,0,0,0,0,0,0,0,0,0,0,0,0,0,0,0,0,0,0,0,0,0,0,0,0,0,0,0,0,0,0,0,0,0,0,0,0,0,0,0,0,0,0,0,0,0,0,0,0,0,0,0,0,0,0,0,0,0,0,0,0,0,0,0,0,0,0,0,0,0,12,58.82,62.9,24,101,5328,33,17.6,30,37,73,27,14.0,25.5
9100,13.3,25.6,0.000,4.563,48.6,245,19.92,0.00,0,0,0,0,0.00,0,0,10.94,2016,1,0,0,0,0,0,0,0,0,0,0,0,0,0,0,0,0,0,0,0,0,0,0,0,0,0,0,0,0,0,0,0,0,0,0,0,0,0,0,0,0,0,0,0,0,0,0,0,0,0,0,0,0,0,0,0,0,0,0,0,0,0,0,0,0,0,0,0,0,0,0,0,0,0,12,58.82,62.9,24,101,5297,32,8.2,14,37,73,28,13.9,25.5
9200,13.3,25.6,0.000,4.563,48.6,245,19.92,0.00,0,0,0,0,0.00,0,0,10.94,2016,1,0,0,0,0,0,0,0,0,0,0,0,0,0,0,0,0,0,0,0,0,0,0,0,0,0,0,0,0,0,0,0,0,0,0,0,0,0,0,0,0,0,0,0,0,0,0,0,0,0,0,0,0,0,0,0,0,0,0,0,0,0,0,0,0,0,0,0,0,0,0,0,0,0,12,58.82,62.9,24,101,5297,32,8.2,14,37,73,28,13.9,25.5
9300,13.3,25.6,0.000,4.054,48.6,230,17.19,0.00,0,0,0,0,0.00,0,0,10.94,2016,1,0,0,0,0,0,0,0,0,0,0,0,0,0,0,0,0,0,0,0,0,0,0,0,0,0,0,0,0,0,0,0,0,0,0,0,0,0,0,0,0,0,0,0,0,0,0,0,0,0,0,0,0,0,0,0,0,0,0,0,0,0,0,0,0,0,0,0,0,0,0,0,0,0,12,58.82,62.9,24,101,5122,28,7.5,13,37,73,29,13.9,25.5
9400,13.3,25.6,0.062,0.000,54.8,249,1.17,0.00,0,0,0,0,0.00,0,0,10.94,2016,1,0,0,0,0,0,0,0,0,0,0,0,0,0,0,0,0,0,0,0,0,0,0,0,0,0,0,0,0,0,0,0,0,0,0,0,0,0,0,0,0,0,0,0,0,0,0,0,0,0,0,0,0,0,0,0,0,0,0,0,0,0,0,0,0,0,0,0,0,0,0,0,0,0,12,58.82,62.7,20,101,5050,32,14.5,25,37,73,29,13.6,25.5
9500,13.3,25.6,0.062,0.000,54.8,249,1.17,0.00,0,0,0,0,0.00,0,0,10.94,2016,0,0,0,0,0,0,0,0,0,0,0,0,0,0,0,0,0,0,0,0,0,0,0,0,0,0,0,0,0,0,0,0,0,0,0,0,0,0,0,0,0,0,0,0,0,0,0,0,0,0,0,0,0,0,0,0,0,0,0,0,0,0,0,0,0,0,0,0,0,0,0,0,0,0,12,58.82,62.7,20,101,5313,30,60.4,103,37,73,30,13.5,25.5
9600,13.3,25.6,0.078,8.953,86.9,268,43.36,0.00,0,0,0,0,0.00,0,0,10.94,2016,1,0,0,0,0,0,0,0,0,0,0,0,0,0,0,0,0,0,0,0,0,0,0,0,0,0,0,0,0,0,0,0,0,0,0,0,0,0,0,0,0,0,0,0,0,0,0,0,0,0,0,0,0,0,0,0,0,0,0,0,0,0,0,0,0,0,0,0,0,0,0,0,0,0,12,58.82,62.7,20,101,5825,35,81.6,139,37,73,30,13.9,25.5
9700,13.3,25.6,0.055,9.337,86.9,279,46.48,0.00,0,0,0,0,0.00,0,0,10.94,2016,1,0,0,0,0,0,0,0,0,0,0,0,0,0,0,0,0,0,0,0,0,0,0,0,0,0,0,0,0,0,0,0,0,0,0,0,0,0,0,0,0,0,0,0,0,0,0,0,0,0,0,0,0,0,0,0,0,0,0,0,0,0,0,0,0,0,0,0,0,0,0,0,0,0,12,58.82,62.7,20,101,6034,35,81.6,139,37,73,31,13.9,25.5
9800,13.3,25.6,0.055,9.337,86.9,279,46.48,0.00,0,0,0,0,0.00,0,0,10.94,2016,1,0,0,0,0,0,0,0,0,0,0,0,0,0,0,0,0,0,0,0,0,0,0,0,0,0,0,0,0,0,0,0,0,0,0,0,0,0,0,0,0,0,0,0,0,0,0,0,0,0,0,0,0,0,0,0,0,0,0,0,0,0,0,0,0,0,0,0,0,0,0,0,0,0,12,58.82,62.7,20,101,6225,35,82.4,140,37,73,32,13.9,25.5
9900,13.3,25.6,0.000,9.240,86.9,295,48.44,0.00,0,0,0,0,0.00,0,0,10.94,2016,1,0,0,0,0,0,0,0,0,0,0,0,0,0,0,0,0,0,0,0,0,0,0,0,0,0,0,0,0,0,0,0,0,0,0,0,0,0,0,0,0,0,0,0,0,0,0,0,0,0,0,0,0,0,0,0,0,0,0,0,0,0,0,0,0,0,0,0,0,0,0,0,0,0,12,58.82,62.7,20,101,6360,35,82.4,140,37,73,33,13.7,25.5
10000,13.3,25.6,0.000,9.240,86.9,295,48.44,0.00,0,0,0,0,0.00,0,0,10.94,2016,1,0,0,0,0,0,0,0,0,0,0,0,0,0,0,0,0,0,0,0,0,0,0,0,0,0,0,0,0,0,0,0,0,0,0,0,0,0,0,0,0,0,0,0,0,0,0,0,0,0,0,0,0,0,0,0,0,0,0,0,0,0,0,0,0,0,0,0,0,0,0,0,0,0,12,58.82,62.7,20,101,6360,35,82.4,140,37,73,33,13.7,25.5
10100,13.3,25.6,0.000,9.434,86.9,299,50.39,0.00,0,0,0,0,0.00,0,0,10.94,2016,1,0,0,0,0,0,0,0,0,0,0,0,0,0,0,0,0,0,0,0,0,0,0,0,0,0,0,0,0,0,0,0,0,0,0,0,0,0,0,0,0,0,0,0,0,0,0,0,0,0,0,0,0,0,0,0,0,0,0,0,0,0,0,0,0,0,0,0,0,0,0,0,0,0,12,58.82,62.7,20,101,6437,35,82.4,140,37,73,34,13.5,25.5
10200,13.3,25.6,0.000,9.424,86.5,300,50.78,0.00,0,0,0,0,0.00,0,0,10.94,2016,1,0,0,0,0,0,0,0,0,0,0,0,0,0,0,0,0,0,0,0,0,0,0,0,0,0,0,0,0,0,0,0,0,0,0,0,0,0,0,0,0,0,0,0,0,0,0,0,0,0,0,0,0,0,0,0,0,0,0,0,0,0,0,0,0,0,0,0,0,0,0,0,0,0,11,53.92,62.7,20,101,6520,35,82.4,140,37,73,35,13.5,25.5
10300,13.3,25.6,0.000,9.382,86.5,300,51.17,0.00,0,0,0,0,0.00,0,0,10.94,2016,1,0,0,0,0,0,0,0,0,0,0,0,0,0,0,0,0,0,0,0,0,0,0,0,0,0,0,0,0,0,0,0,0,0,0,0,0,0,0,0,0,0,0,0,0,0,0,0,0,0,0,0,0,0,0,0,0,0,0,0,0,0,0,0,0,0,0,0,0,0,0,0,0,0,12,58.82,62.7,20,101,6579,35,82.4,140,37,73,37,13.9,25.5
10400,13.3,25.6,0.000,9.413,86.5,301,51.56,0.00,0,0,0,0,0.00,0,0,10.94,2016,1,0,0,0,0,0,0,0,0,0,0,0,0,0,0,0,0,0,0,0,0,0,0,0,0,0,0,0,0,0,0,0,0,0,0,0,0,0,0,0,0,0,0,0,0,0,0,0,0,0,0,0,0,0,0,0,0,0,0,0,0,0,0,0,0,0,0,0,0,0,0,0,0,0,12,58.82,62.9,24,101,6634,35,82.4,140,37,73,39,13.9,25.5
10500,13.3,25.6,0.000,9.413,86.5,301,51.56,0.00,0,0,0,0,0.00,0,0,10.94,2016,1,0,0,0,0,0,0,0,0,0,0,0,0,0,0,0,0,0,0,0,0,0,0,0,0,0,0,0,0,0,0,0,0,0,0,0,0,0,0,0,0,0,0,0,0,0,0,0,0,0,0,0,0,0,0,0,0,0,0,0,0,0,0,0,0,0,0,0,0,0,0,0,0,0,12,58.82,62.9,24,101,6634,35,82.4,140,37,73,39,13.9,25.5
10600,13.3,25.6,0.000,9.434,86.1,303,51.95,0.00,0,0,0,0,0.00,0,0,10.94,2016,1,0,0,0,0,0,0,0,0,0,0,0,0,0,0,0,0,0,0,0,0,0,0,0,0,0,0,0,0,0,0,0,0,0,0,0,0,0,0,0,0,0,0,0,0,0,0,0,0,0,0,0,0,0,0,0,0,0,0,0,0,0,0,0,0,0,0,0,0,0,0,0,0,0,12,58.82,62.9,24,101,6660,35,82.4,140,37,73,40,13.9,25.5
10700,12.8,25.6,0.078,10.534,86.9,300,58.20,0.00,0,1,0,0,0.00,0,0,10.94,2016,1,0,0,0,0,0,0,0,0,0,0,0,0,0,0,0,0,0,0,0,0,0,0,0,0,0,0,0,0,0,0,0,0,0,0,0,0,0,0,0,0,0,0,0,0,0,0,0,0,0,0,0,0,0,0,0,0,0,0,0,0,0,0,0,0,0,0,0,0,0,0,0,0,0,12,58.82,62.9,24,101,6665,35,95.7,163,37,73,42,13.8,25.5
10800,12.8,25.6,0.078,10.534,86.9,300,58.20,0.00,0,1,0,0,0.00,0,0,10.94,2016,1,0,0,0,0,0,0,0,0,0,0,0,0,0,0,0,0,0,0,0,0,0,0,0,0,0,0,0,0,0,0,0,0,0,0,0,0,0,0,0,0,0,0,0,0,0,0,0,0,0,0,0,0,0,0,0,0,0,0,0,0,0,0,0,0,0,0,0,0,0,0,0,0,0,11,53.92,62.9,24,101,6657,35,98.0,167,37,73,43,13.8,25.5
10900,12.8,25.6,0.031,10.091,86.9,300,56.25,0.00,0,1,0,0,0.00,0,0,10.94,2016,1,0,0,0,0,0,0,0,0,0,0,0,0,0,0,0,0,0,0,0,0,0,0,0,0,0,0,0,0,0,0,0,0,0,0,0,0,0,0,0,0,0,0,0,0,0,0,0,0,0,0,0,0,0,0,0,0,0,0,0,0,0,0,0,0,0,0,0,0,0,0,0,0,0,12,58.82,62.9,24,101,6696,35,98.0,167,37,73,44,13.9,25.5
11000,12.8,25.6,0.031,10.091,86.9,300,56.25,0.00,0,1,0,0,0.00,0,0,10.94,2016,1,0,0,0,0,0,0,0,0,0,0,0,0,0,0,0,0,0,0,0,0,0,0,0,0,0,0,0,0,0,0,0,0,0,0,0,0,0,0,0,0,0,0,0,0,0,0,0,0,0,0,0,0,0,0,0,0,0,0,0,0,0,0,0,0,0,0,0,0,0,0,0,0,0,12,58.82,62.9,24,101,6696,35,98.0,167,37,73,44,13.9,25.5
11100,12.8,25.6,0.000,9.794,86.9,300,54.69,0.00,0,1,0,0,0.00,0,0,10.94,2016,1,0,0,0,0,0,0,0,0,0,0,0,0,0,0,0,0,0,0,0,0,0,0,0,0,0,0,0,0,0,0,0,0,0,0,0,0,0,0,0,0,0,0,0,0,0,0,0,0,0,0,0,0,0,0,0,0,0,0,0,0,0,0,0,0,0,0,0,0,0,0,0,0,0,11,53.92,62.9,24,101,6738,35,98.0,167,37,73,45,13.9,25.5
11200,12.8,25.6,0.000,9.794,86.9,300,54.69,0.00,0,1,0,0,0.00,0,0,10.94,2016,1,0,0,0,0,0,0,0,0,0,0,0,0,0,0,0,0,0,0,0,0,0,0,0,0,0,0,0,0,0,0,0,0,0,0,0,0,0,0,0,0,0,0,0,0,0,0,0,0,0,0,0,0,0,0,0,0,0,0,0,0,0,0,0,0,0,0,0,0,0,0,0,0,0,12,58.82,62.9,24,101,6738,35,98.0,167,37,73,47,13.9,25.5
11300,12.8,25.6,0.000,9.794,86.9,300,54.69,0.00,0,1,0,0,0.00,0,0,10.94,2016,1,0,0,0,0,0,0,0,0,0,0,0,0,0,0,0,0,0,0,0,0,0,0,0,0,0,0,0,0,0,0,0,0,0,0,0,0,0,0,0,0,0,0,0,0,0,0,0,0,0,0,0,0,0,0,0,0,0,0,0,0,0,0,0,0,0,0,0,0,0,0,0,0,0,12,58.82,62.9,24,101,6748,35,98.0,167,37,73,48,13.9,25.5
11400,12.8,25.6,0.000,9.794,86.9,300,55.08,0.00,0,1,0,0,0.00,0,0,10.94,2016,1,0,0,0,0,0,0,0,0,0,0,0,0,0,0,0,0,0,0,0,0,0,0,0,0,0,0,0,0,0,0,0,0,0,0,0,0,0,0,0,0,0,0,0,0,0,0,0,0,0,0,0,0,0,0,0,0,0,0,0,0,0,0,0,0,0,0,0,0,0,0,0,0,0,12,58.82,63.2,32,101,6790,35,98.0,167,37,73,49,13.9,25.5
11500,12.8,25.6,0.000,9.794,86.9,300,55.08,0.00,0,1,0,0,0.00,0,0,10.94,2016,1,0,0,0,0,0,0,0,0,0,0,0,0,0,0,0,0,0,0,0,0,0,0,0,0,0,0,0,0,0,0,0,0,0,0,0,0,0,0,0,0,0,0,0,0,0,0,0,0,0,0,0,0,0,0,0,0,0,0,0,0,0,0,0,0,0,0,0,0,0,0,0,0,0,12,58.82,63.2,32,101,6790,35,98.0,167,37,73,49,13.9,25.5
11600,12.7,25.6,0.000,9.856,86.9,300,55.86,0.00,0,1,0,0,0.00,0,0,10.94,2016,1,0,0,0,0,0,0,0,0,0,0,0,0,0,0,0,0,0,0,0,0,0,0,0,0,0,0,0,0,0,0,0,0,0,0,0,0,0,0,0,0,0,0,0,0,0,0,0,0,0,0,0,0,0,0,0,0,0,0,0,0,0,0,0,0,0,0,0,0,0,0,0,0,0,12,58.82,63.2,32,101,6804,35,98.0,167,37,73,49,13.8,25.5
11700,12.7,25.6,0.000,9.825,86.9,299,55.47,0.00,0,1,0,0,0.00,0,0,10.94,2016,1,0,0,0,0,0,0,0,0,0,0,0,0,0,0,0,0,0,0,0,0,0,0,0,0,0,0,0,0,0,0,0,0,0,0,0,0,0,0,0,0,0,0,0,0,0,0,0,0,0,0,0,0,0,0,0,0,0,0,0,0,0,0,0,0,0,0,0,0,0,0,0,0,0,12,58.82,63.2,32,101,6809,35,97.6,166,37,73,51,13.8,25.5
11800,12.7,25.6,0.000,9.825,86.9,299,55.86,0.00,0,1,0,0,0.00,0,0,10.94,2016,1,0,0,0,0,0,0,0,0,0,0,0,0,0,0,0,0,0,0,0,0,0,0,0,0,0,0,0,0,0,0,0,0,0,0,0,0,0,0,0,0,0,0,0,0,0,0,0,0,0,0,0,0,0,0,0,0,0,0,0,0,0,0,0,0,0,0,0,0,0,0,0,0,0,12,58.82,63.2,32,101,6825,35,97.6,166,37,73,52,13.9,25.5
11900,12.7,25.6,0.000,9.825,86.9,299,55.86,0.00,0,1,0,0,0.00,0,0,10.94,2016,1,0,0,0,0,0,0,0,0,0,0,0,0,0,0,0,0,0,0,0,0,0,0,0,0,0,0,0,0,0,0,0,0,0,0,0,0,0,0,0,0,0,0,0,0,0,0,0,0,0,0,0,0,0,0,0,0,0,0,0,0,0,0,0,0,0,0,0,0,0,0,0,0,0,12,58.82,63.2,32,101,6825,35,97.6,166,37,73,52,13.9,25.5
12000,12.7,25.6,0.000,9.825,86.9,299,55.86,0.00,0,1,0,0,0.00,0,0,10.94,2016,1,0,0,0,0,0,0,0,0,0,0,0,0,0,0,0,0,0,0,0,0,0,0,0,0,0,0,0,0,0,0,0,0,0,0,0,0,0,0,0,0,0,0,0,0,0,0,0,0,0,0,0,0,0,0,0,0,0,0,0,0,0,0,0,0,0,0,0,0,0,0,0,0,0,11,53.92,63.2,32,101,6879,35,97.6,166,37,73,55,13.8,25.5
12100,12.7,25.6,0.000,9.794,86.9,298,55.86,0.00,0,1,0,0,0.00,0,0,10.94,2016,1,0,0,0,0,0,0,0,0,0,0,0,0,0,0,0,0,0,0,0,0,0,0,0,0,0,0,0,0,0,0,0,0,0,0,0,0,0,0,0,0,0,0,0,0,0,0,0,0,0,0,0,0,0,0,0,0,0,0,0,0,0,0,0,0,0,0,0,0,0,0,0,0,0,12,58.82,63.2,32,101,6868,35,97.6,166,37,73,55,13.9,25.5
12200,12.7,25.6,0.000,9.794,86.9,298,55.86,0.00,0,1,0,0,0.00,0,0,10.94,2016,1,0,0,0,0,0,0,0,0,0,0,0,0,0,0,0,0,0,0,0,0,0,0,0,0,0,0,0,0,0,0,0,0,0,0,0,0,0,0,0,0,0,0,0,0,0,0,0,0,0,0,0,0,0,0,0,0,0,0,0,0,0,0,0,0,0,0,0,0,0,0,0,0,0,12,58.82,63.2,32,101,6868,35,97.6,166,37,73,55,13.9,25.5
12300,12.7,25.6,0.000,9.794,86.9,298,55.86,0.00,0,1,0,0,0.00,0,0,10.94,2016,1,0,0,0,0,0,0,0,0,0,0,0,0,0,0,0,0,0,0,0,0,0,0,0,0,0,0,0,0,0,0,0,0,0,0,0,0,0,0,0,0,0,0,0,0,0,0,0,0,0,0,0,0,0,0,0,0,0,0,0,0,0,0,0,0,0,0,0,0,0,0,0,0,0,12,58.82,63.2,32,101,6915,35,92.9,158,37,73,56,13.8,25.5
12400,12.7,25.6,0.000,9.763,86.9,297,55.86,0.00,0,1,0,0,0.00,0,0,10.94,2016,1,0,0,0,0,0,0,0,0,0,0,0,0,0,0,0,0,0,0,0,0,0,0,0,0,0,0,0,0,0,0,0,0,0,0,0,0,0,0,0,0,0,0,0,0,0,0,0,0,0,0,0,0,0,0,0,0,0,0,0,0,0,0,0,0,0,0,0,0,0,0,0,0,0,12,58.82,63.3,42,101,6915,35,92.9,158,37,73,56,13.8,25.5
12500,12.7,25.6,0.000,9.749,86.5,298,55.86,0.00,0,1,0,0,0.00,0,0,10.94,2016,1,0,0,0,0,0,0,0,0,0,0,0,0,0,0,0,0,0,0,0,0,0,0,0,0,0,0,0,0,0,0,0,0,0,0,0,0,0,0,0,0,0,0,0,0,0,0,0,0,0,0,0,0,0,0,0,0,0,0,0,0,0,0,0,0,0,0,0,0,0,0,0,0,0,11,53.92,63.3,42,101,6912,35,87.1,148,37,73,58,13.8,25.5
12600,12.7,25.6,0.000,9.718,86.5,297,55.86,0.00,0,1,0,0,0.00,0,0,10.94,2016,1,0,0,0,0,0,0,0,0,0,0,0,0,0,0,0,0,0,0,0,0,0,0,0,0,0,0,0,0,0,0,0,0,0,0,0,0,0,0,0,0,0,0,0,0,0,0,0,0,0,0,0,0,0,0,0,0,0,0,0,0,0,0,0,0,0,0,0,0,0,0,0,0,0,11,53.92,63.3,42,101,6956,35,87.1,148,37,73,59,13.8,25.5
12700,12.7,25.6,0.000,9.718,86.5,297,55.86,0.00,0,1,0,0,0.00,0,0,10.94,2016,1,0,0,0,0,0,0,0,0,0,0,0,0,0,0,0,0,0,0,0,0,0,0,0,0,0,0,0,0,0,0,0,0,0,0,0,0,0,0,0,0,0,0,0,0,0,0,0,0,0,0,0,0,0,0,0,0,0,0,0,0,0,0,0,0,0,0,0,0,0,0,0,0,0,11,53.92,63.3,42,101,6940,35,87.1,148,37,73,59,13.8,25.5
12800,12.7,25.6,0.000,9.686,86.5,296,55.86,0.00,0,1,0,0,0.00,0,0,10.94,2016,1,0,0,0,0,0,0,0,0,0,0,0,0,0,0,0,0,0,0,0,0,0,0,0,0,0,0,0,0,0,0,0,0,0,0,0,0,0,0,0,0,0,0,0,0,0,0,0,0,0,0,0,0,0,0,0,0,0,0,0,0,0,0,0,0,0,0,0,0,0,0,0,0,0,11,53.92,63.3,42,101,6945,35,87.1,148,37,73,60,13.8,25.5
12900,12.7,25.6,0.000,9.686,86.5,296,55.86,0.00,0,1,0,0,0.00,0,0,10.94,2016,1,0,0,0,0,0,0,0,0,0,0,0,0,0,0,0,0,0,0,0,0,0,0,0,0,0,0,0,0,0,0,0,0,0,0,0,0,0,0,0,0,0,0,0,0,0,0,0,0,0,0,0,0,0,0,0,0,0,0,0,0,0,0,0,0,0,0,0,0,0,0,0,0,0,11,53.92,63.3,42,101,6945,35,87.1,148,37,73,60,13.8,25.5
13000,12.7,25.6,0.000,9.718,86.5,297,56.25,0.00,0,1,0,0,0.00,0,0,10.94,2016,1,0,0,0,0,0,0,0,0,0,0,0,0,0,0,0,0,0,0,0,0,0,0,0,0,0,0,0,0,0,0,0,0,0,0,0,0,0,0,0,0,0,0,0,0,0,0,0,0,0,0,0,0,0,0,0,0,0,0,0,0,0,0,0,0,0,0,0,0,0,0,0,0,0,11,53.92,63.3,42,101,6954,35,87.1,148,37,73,61,13.8,25.5
13100,12.7,25.6,0.000,9.756,86.5,296,56.25,0.00,0,1,0,0,0.00,0,0,10.94,2016,1,0,0,0,0,0,0,0,0,0,0,0,0,0,0,0,0,0,0,0,0,0,0,0,0,0,0,0,0,0,0,0,0,0,0,0,0,0,0,0,0,0,0,0,0,0,0,0,0,0,0,0,0,0,0,0,0,0,0,0,0,0,0,0,0,0,0,0,0,0,0,0,0,0,12,58.82,63.3,42,101,6951,35,87.1,148,37,72,62,13.8,25.5
13200,12.7,25.6,0.000,9.787,86.5,297,56.64,0.00,0,1,0,0,0.00,0,0,10.94,2016,1,0,0,0,0,0,0,0,0,0,0,0,0,0,0,0,0,0,0,0,0,0,0,0,0,0,0,0,0,0,0,0,0,0,0,0,0,0,0,0,0,0,0,0,0,0,0,0,0,0,0,0,0,0,0,0,0,0,0,0,0,0,0,0,0,0,0,0,0,0,0,0,0,0,12,58.82,63.3,42,101,6976,35,87.1,148,37,72,62,13.8,25.5
13300,12.7,25.6,0.000,9.804,86.1,299,56.64,0.00,0,1,0,0,0.00,0,0,10.94,2016,1,0,0,0,0,0,0,0,0,0,0,0,0,0,0,0,0,0,0,0,0,0,0,0,0,0,0,0,0,0,0,0,0,0,0,0,0,0,0,0,0,0,0,0,0,0,0,0,0,0,0,0,0,0,0,0,0,0,0,0,0,0,0,0,0,0,0,0,0,0,0,0,0,0,12,58.82,63.3,42,101,6970,35,85.9,146,37,72,64,13.8,25.5
13400,12.7,25.6,0.000,9.804,86.1,299,56.64,0.00,0,1,0,0,0.00,0,0,10.94,2016,1,0,0,0,0,0,0,0,0,0,0,0,0,0,0,0,0,0,0,0,0,0,0,0,0,0,0,0,0,0,0,0,0,0,0,0,0,0,0,0,0,0,0,0,0,0,0,0,0,0,0,0,0,0,0,0,0,0,0,0,0,0,0,0,0,0,0,0,0,0,0,0,0,0,12,58.82,63.2,50,101,6970,35,85.9,146,37,72,64,13.8,25.5
13500,12.7,25.6,0.000,10.036,84.5,312,58.20,0.00,0,0,0,0,0.00,0,0,10.94,2016,1,0,0,0,0,0,0,0,0,0,0,0,0,0,0,0,0,0,0,0,0,0,0,0,0,0,0,0,0,0,0,0,0,0,0,0,0,0,0,0,0,0,0,0,0,0,0,0,0,0,0,0,0,0,0,0,0,0,0,0,0,0,0,0,0,0,0,0,0,0,0,0,0,0,12,58.82,63.2,50,101,7001,35,80.4,137,37,72,65,13.8,25.5
13600,12.7,25.6,0.000,10.036,84.5,312,58.20,0.00,0,0,0,0,0.00,0,0,10.94,2016,1,0,0,0,0,0,0,0,0,0,0,0,0,0,0,0,0,0,0,0,0,0,0,0,0,0,0,0,0,0,0,0,0,0,0,0,0,0,0,0,0,0,0,0,0,0,0,0,0,0,0,0,0,0,0,0,0,0,0,0,0,0,0,0,0,0,0,0,0,0,0,0,0,0,12,58.82,63.2,50,101,7001,35,80.4,137,37,72,65,13.8,25.5
13700,12.9,25.6,0.000,9.946,82.2,320,57.81,0.00,0,0,0,0,0.00,0,0,10.94,2016,1,0,0,0,0,0,0,0,0,0,0,0,0,0,0,0,0,0,0,0,0,0,0,0,0,0,0,0,0,0,0,0,0,0,0,0,0,0,0,0,0,0,0,0,0,0,0,0,0,0,0,0,0,0,0,0,0,0,0,0,0,0,0,0,0,0,0,0,0,0,0,0,0,0,12,58.82,63.2,50,101,7038,35,68.6,117,37,72,66,13.8,25.5
13800,13.1,25.6,0.000,9.621,80.6,320,56.25,0.00,0,0,0,0,0.00,0,0,10.94,2016,1,0,0,0,0,0,0,0,0,0,0,0,0,0,0,0,0,0,0,0,0,0,0,0,0,0,0,0,0,0,0,0,0,0,0,0,0,0,0,0,0,0,0,0,0,0,0,0,0,0,0,0,0,0,0,0,0,0,0,0,0,0,0,0,0,0,0,0,0,0,0,0,0,0,12,58.82,63.2,50,101,7038,35,68.6,117,37,72,66,13.8,25.5
13900,13.1,25.6,0.000,9.621,80.6,320,56.25,0.00,0,0,0,0,0.00,0,0,10.94,2016,1,0,0,0,0,0,0,0,0,0,0,0,0,0,0,0,0,0,0,0,0,0,0,0,0,0,0,0,0,0,0,0,0,0,0,0,0,0,0,0,0,0,0,0,0,0,0,0,0,0,0,0,0,0,0,0,0,0,0,0,0,0,0,0,0,0,0,0,0,0,0,0,0,0,12,58.82,63.2,50,101,7038,35,68.6,117,37,72,66,13.8,25.5
14000,13.3,25.6,0.000,9.091,77.5,320,53.12,0.00,0,0,0,0,0.00,0,0,10.94,2016,1,0,0,0,0,0,0,0,0,0,0,0,0,0,0,0,0,0,0,0,0,0,0,0,0,0,0,0,0,0,0,0,0,0,0,0,0,0,0,0,0,0,0,0,0,0,0,0,0,0,0,0,0,0,0,0,0,0,0,0,0,0,0,0,0,0,0,0,0,0,0,0,0,0,11,53.92,63.2,50,101,6999,35,47.1,80,37,72,67,13.8,25.5
14100,13.3,25.6,0.000,7.905,68.5,314,45.70,0.00,0,0,0,0,0.00,0,0,10.94,2016,1,0,0,0,0,0,0,0,0,0,0,0,0,0,0,0,0,0,0,0,0,0,0,0,0,0,0,0,0,0,0,0,0,0,0,0,0,0,0,0,0,0,0,0,0,0,0,0,0,0,0,0,0,0,0,0,0,0,0,0,0,0,0,0,0,0,0,0,0,0,0,0,0,0,11,53.92,63.2,50,101,6962,35,42.7,73,37,72,67,13.9,25.5
14200,13.3,25.6,0.000,7.905,68.5,314,45.70,0.00,0,0,0,0,0.00,0,0,10.94,2016,1,0,0,0,0,0,0,0,0,0,0,0,0,0,0,0,0,0,0,0,0,0,0,0,0,0,0,0,0,0,0,0,0,0,0,0,0,0,0,0,0,0,0,0,0,0,0,0,0,0,0,0,0,0,0,0,0,0,0,0,0,0,0,0,0,0,0,0,0,0,0,0,0,0,12,58.82,63.2,50,101,6844,35,36.9,63,37,72,69,13.9,25.5
14300,13.3,25.6,0.000,7.538,65.4,313,41.80,0.00,0,0,0,0,0.00,0,0,10.94,2016,1,0,0,0,0,0,0,0,0,0,0,0,0,0,0,0,0,0,0,0,0,0,0,0,0,0,0,0,0,0,0,0,0,0,0,0,0,0,0,0,0,0,0,0,0,0,0,0,0,0,0,0,0,0,0,0,0,0,0,0,0,0,0,0,0,0,0,0,0,0,0,0,0,0,12,58.82,63.2,50,101,6761,35,35.3,60,37,72,69,13.9,25.5
14400,13.3,25.6,0.000,7.538,65.4,313,41.80,0.00,0,0,0,0,0.00,0,0,10.94,2016,1,0,0,0,0,0,0,0,0,0,0,0,0,0,0,0,0,0,0,0,0,0,0,0,0,0,0,0,0,0,0,0,0,0,0,0,0,0,0,0,0,0,0,0,0,0,0,0,0,0,0,0,0,0,0,0,0,0,0,0,0,0,0,0,0,0,0,0,0,0,0,0,0,0,12,58.82,63.4,56,101,6761,35,35.3,60,37,72,69,13.9,25.5
14500,13.3,25.6,0.000,6.895,62.3,300,38.28,0.00,0,0,0,0,0.00,0,0,10.94,2016,1,0,0,0,0,0,0,0,0,0,0,0,0,0,0,0,0,0,0,0,0,0,0,0,0,0,0,0,0,0,0,0,0,0,0,0,0,0,0,0,0,0,0,0,0,0,0,0,0,0,0,0,0,0,0,0,0,0,0,0,0,0,0,0,0,0,0,0,0,0,0,0,0,0,12,58.82,63.4,56,101,6530,35,11.0,19,37,72,69,13.9,25.5
14600,13.3,25.6,0.000,4.653,47.8,251,25.00,0.00,0,0,0,0,0.00,0,0,10.94,2016,0,0,0,0,0,0,0,0,0,0,0,0,0,0,0,0,0,0,0,0,0,0,0,0,0,0,0,0,0,0,0,0,0,0,0,0,0,0,0,0,0,0,0,0,0,0,0,0,0,0,0,0,0,0,0,0,0,0,0,0,0,0,0,0,0,0,0,0,0,0,0,0,0,0,12,58.82,63.4,56,101,6530,35,11.0,19,37,72,69,13.9,25.5
14700,13.3,25.6,0.000,3.826,45.1,229,19.92,0.00,0,0,0,0,0.00,0,0,10.94,2016,1,0,0,0,0,0,0,0,0,0,0,0,0,0,0,0,0,0,0,0,0,0,0,0,0,0,0,0,0,0,0,0,0,0,0,0,0,0,0,0,0,0,0,0,0,0,0,0,0,0,0,0,0,0,0,0,0,0,0,0,0,0,0,0,0,0,0,0,0,0,0,0,0,0,11,53.92,63.4,56,101,6232,25,7.1,12,37,72,70,13.9,25.5
14800,13.3,25.6,0.000,3.882,45.9,231,19.14,0.00,0,0,0,0,0.00,0,0,10.94,2016,1,0,0,0,0,0,0,0,0,0,0,0,0,0,0,0,0,0,0,0,0,0,0,0,0,0,0,0,0,0,0,0,0,0,0,0,0,0,0,0,0,0,0,0,0,0,0,0,0,0,0,0,0,0,0,0,0,0,0,0,0,0,0,0,0,0,0,0,0,0,0,0,0,0,11,53.92,63.4,56,101,5990,25,7.1,12,37,72,69,13.9,25.5
14900,13.3,25.6,0.000,3.882,45.9,231,19.14,0.00,0,0,0,0,0.00,0,0,10.94,2016,1,0,0,0,0,0,0,0,0,0,0,0,0,0,0,0,0,0,0,0,0,0,0,0,0,0,0,0,0,0,0,0,0,0,0,0,0,0,0,0,0,0,0,0,0,0,0,0,0,0,0,0,0,0,0,0,0,0,0,0,0,0,0,0,0,0,0,0,0,0,0,0,0,0,11,53.92,63.4,56,101,5990,25,7.1,12,37,72,69,13.9,25.5
15000,13.3,25.6,0.000,3.916,46.2,231,18.75,0.00,0,0,0,0,0.00,0,0,10.94,2016,1,0,0,0,0,0,0,0,0,0,0,0,0,0,0,0,0,0,0,0,0,0,0,0,0,0,0,0,0,0,0,0,0,0,0,0,0,0,0,0,0,0,0,0,0,0,0,0,0,0,0,0,0,0,0,0,0,0,0,0,0,0,0,0,0,0,0,0,0,0,0,0,0,0,12,58.82,63.4,56,101,5758,25,7.1,12,37,72,69,13.9,25.5
15100,13.3,25.6,0.000,3.916,46.2,231,18.75,0.00,0,0,0,0,0.00,0,0,10.94,2016,1,0,0,0,0,0,0,0,0,0,0,0,0,0,0,0,0,0,0,0,0,0,0,0,0,0,0,0,0,0,0,0,0,0,0,0,0,0,0,0,0,0,0,0,0,0,0,0,0,0,0,0,0,0,0,0,0,0,0,0,0,0,0,0,0,0,0,0,0,0,0,0,0,0,12,58.82,63.4,56,101,5758,25,7.1,12,37,72,69,13.9,25.5
15200,13.3,25.6,0.000,3.899,46.2,230,18.36,0.00,0,0,0,0,0.00,0,0,10.94,2016,1,0,0,0,0,0,0,0,0,0,0,0,0,0,0,0,0,0,0,0,0,0,0,0,0,0,0,0,0,0,0,0,0,0,0,0,0,0,0,0,0,0,0,0,0,0,0,0,0,0,0,0,0,0,0,0,0,0,0,0,0,0,0,0,0,0,0,0,0,0,0,0,0,0,12,58.82,63.4,56,101,5714,25,7.1,12,37,72,68,13.9,25.5
15300,13.3,25.6,0.000,3.899,46.2,230,18.36,0.00,0,0,0,0,0.00,0,0,10.94,2016,1,0,0,0,0,0,0,0,0,0,0,0,0,0,0,0,0,0,0,0,0,0,0,0,0,0,0,0,0,0,0,0,0,0,0,0,0,0,0,0,0,0,0,0,0,0,0,0,0,0,0,0,0,0,0,0,0,0,0,0,0,0,0,0,0,0,0,0,0,0,0,0,0,0,12,58.82,63.4,56,101,5667,28,7.1,12,37,72,69,13.9,25.5
15400,13.3,25.6,0.000,4.023,47.0,234,18.75,0.00,0,0,0,0,0.00,0,0,10.94,2016,1,0,0,0,0,0,0,0,0,0,0,0,0,0,0,0,0,0,0,0,0,0,0,0,0,0,0,0,0,0,0,0,0,0,0,0,0,0,0,0,0,0,0,0,0,0,0,0,0,0,0,0,0,0,0,0,0,0,0,0,0,0,0,0,0,0,0,0,0,0,0,0,0,0,12,58.82,63.6,60,101,5667,28,7.1,12,37,72,68,14.0,25.5
15500,13.3,25.6,0.000,4.037,47.0,234,18.75,0.00,0,0,0,0,0.00,0,0,10.94,2016,1,0,0,0,0,0,0,0,0,0,0,0,0,0,0,0,0,0,0,0,0,0,0,0,0,0,0,0,0,0,0,0,0,0,0,0,0,0,0,0,0,0,0,0,0,0,0,0,0,0,0,0,0,0,0,0,0,0,0,0,0,0,0,0,0,0,0,0,0,0,0,0,0,0,12,58.82,63.6,60,101,5667,28,7.1,12,37,72,68,14.0,25.5
15600,13.3,25.6,0.000,4.023,47.4,234,18.75,0.00,0,0,0,0,0.00,0,0,10.94,2016,1,0,0,0,0,0,0,0,0,0,0,0,0,0,0,0,0,0,0,0,0,0,0,0,0,0,0,0,0,0,0,0,0,0,0,0,0,0,0,0,0,0,0,0,0,0,0,0,0,0,0,0,0,0,0,0,0,0,0,0,0,0,0,0,0,0,0,0,0,0,0,0,0,0,12,58.82,63.6,60,101,5673,28,7.5,13,37,72,68,14.0,25.5
15700,13.3,25.6,0.000,4.082,47.4,235,19.14,0.00,0,0,0,0,0.00,0,0,10.94,2016,1,0,0,0,0,0,0,0,0,0,0,0,0,0,0,0,0,0,0,0,0,0,0,0,0,0,0,0,0,0,0,0,0,0,0,0,0,0,0,0,0,0,0,0,0,0,0,0,0,0,0,0,0,0,0,0,0,0,0,0,0,0,0,0,0,0,0,0,0,0,0,0,0,0,12,58.82,63.6,60,101,5647,29,7.5,13,37,72,69,14.0,25.5
15800,13.3,25.6,0.000,4.179,47.8,238,19.53,0.00,0,0,0,0,0.00,0,0,10.94,2016,1,0,0,0,0,0,0,0,0,0,0,0,0,0,0,0,0,0,0,0,0,0,0,0,0,0,0,0,0,0,0,0,0,0,0,0,0,0,0,0,0,0,0,0,0,0,0,0,0,0,0,0,0,0,0,0,0,0,0,0,0,0,0,0,0,0,0,0,0,0,0,0,0,0,11,53.92,63.6,60,101,5667,30,7.5,13,37,72,68,13.9,25.5
15900,13.3,25.6,0.000,4.179,47.8,238,19.53,0.00,0,0,0,0,0.00,0,0,10.94,2016,1,0,0,0,0,0,0,0,0,0,0,0,0,0,0,0,0,0,0,0,0,0,0,0,0,0,0,0,0,0,0,0,0,0,0,0,0,0,0,0,0,0,0,0,0,0,0,0,0,0,0,0,0,0,0,0,0,0,0,0,0,0,0,0,0,0,0,0,0,0,0,0,0,0,12,58.82,63.6,60,101,5686,35,10.6,18,37,72,67,14.0,25.5
16000,13.3,25.6,0.000,4.473,50.2,247,21.09,0.00,0,0,0,0,0.00,0,0,10.94,2016,1,0,0,0,0,0,0,0,0,0,0,0,0,0,0,0,0,0,0,0,0,0,0,0,0,0,0,0,0,0,0,0,0,0,0,0,0,0,0,0,0,0,0,0,0,0,0,0,0,0,0,0,0,0,0,0,0,0,0,0,0,0,0,0,0,0,0,0,0,0,0,0,0,0,13,63.73,63.6,60,101,5812,35,20.4,35,37,72,68,13.9,25.5
16100,13.3,25.6,0.062,6.386,59.5,281,30.47,0.00,0,0,0,0,0.00,0,0,10.94,2016,1,0,0,0,0,0,0,0,0,0,0,0,0,0,0,0,0,0,0,0,0,0,0,0,0,0,0,0,0,0,0,0,0,0,0,0,0,0,0,0,0,0,0,0,0,0,0,0,0,0,0,0,0,0,0,0,0,0,0,0,0,0,0,0,0,0,0,0,0,0,0,0,0,0,13,63.73,63.6,60,101,5812,35,20.4,35,37,72,68,13.9,25.5
16200,13.3,25.6,0.062,7.016,62.7,293,34.77,0.00,0,0,0,0,0.00,0,0,10.94,2016,1,0,0,0,0,0,0,0,0,0,0,0,0,0,0,0,0,0,0,0,0,0,0,0,0,0,0,0,0,0,0,0,0,0,0,0,0,0,0,0,0,0,0,0,0,0,0,0,0,0,0,0,0,0,0,0,0,0,0,0,0,0,0,0,0,0,0,0,0,0,0,0,0,0,12,58.82,63.6,60,101,5974,35,27.1,46,37,72,67,13.9,25.5
16300,13.3,25.6,0.062,7.701,66.6,302,39.45,0.00,0,0,0,0,0.00,0,0,10.94,2016,1,0,0,0,0,0,0,0,0,0,0,0,0,0,0,0,0,0,0,0,0,0,0,0,0,0,0,0,0,0,0,0,0,0,0,0,0,0,0,0,0,0,0,0,0,0,0,0,0,0,0,0,0,0,0,0,0,0,0,0,0,0,0,0,0,0,0,0,0,0,0,0,0,0,12,58.82,63.6,60,101,6200,35,34.1,58,37,72,69,13.9,25.5
16400,13.3,25.6,0.070,8.368,70.5,308,44.14,0.00,0,0,0,0,0.00,0,0,10.94,2016,1,0,0,0,0,0,0,0,0,0,0,0,0,0,0,0,0,0,0,0,0,0,0,0,0,0,0,0,0,0,0,0,0,0,0,0,0,0,0,0,0,0,0,0,0,0,0,0,0,0,0,0,0,0,0,0,0,0,0,0,0,0,0,0,0,0,0,0,0,0,0,0,0,0,12,58.82,63.7,61,101,6367,35,41.2,70,37,72,68,13.9,25.5
16500,13.3,25.6,0.070,8.368,70.5,308,44.14,0.00,0,0,0,0,0.00,0,0,10.94,2016,1,0,0,0,0,0,0,0,0,0,0,0,0,0,0,0,0,0,0,0,0,0,0,0,0,0,0,0,0,0,0,0,0,0,0,0,0,0,0,0,0,0,0,0,0,0,0,0,0,0,0,0,0,0,0,0,0,0,0,0,0,0,0,0,0,0,0,0,0,0,0,0,0,0,12,58.82,63.7,61,101,6574,35,48.2,82,37,72,68,13.8,25.5
16600,13.3,25.6,0.055,8.756,73.6,312,49.22,0.00,0,0,0,0,0.00,0,0,10.94,2016,1,0,0,0,0,0,0,0,0,0,0,0,0,0,0,0,0,0,0,0,0,0,0,0,0,0,0,0,0,0,0,0,0,0,0,0,0,0,0,0,0,0,0,0,0,0,0,0,0,0,0,0,0,0,0,0,0,0,0,0,0,0,0,0,0,0,0,0,0,0,0,0,0,0,12,58.82,63.7,61,101,6680,35,51.0,87,37,72,68,13.8,25.5
16700,13.3,25.6,0.039,8.880,74.8,315,49.22,0.00,0,0,0,0,0.00,0,0,10.94,2016,1,0,0,0,0,0,0,0,0,0,0,0,0,0,0,0,0,0,0,0,0,0,0,0,0,0,0,0,0,0,0,0,0,0,0,0,0,0,0,0,0,0,0,0,0,0,0,0,0,0,0,0,0,0,0,0,0,0,0,0,0,0,0,0,0,0,0,0,0,0,0,0,0,0,12,58.82,63.7,61,101,6680,35,51.0,87,37,72,68,13.8,25.5
16800,13.3,25.6,0.000,8.963,77.5,314,50.39,0.00,0,0,0,0,0.00,0,0,10.94,2016,1,0,0,0,0,0,0,0,0,0,0,0,0,0,0,0,0,0,0,0,0,0,0,0,0,0,0,0,0,0,0,0,0,0,0,0,0,0,0,0,0,0,0,0,0,0,0,0,0,0,0,0,0,0,0,0,0,0,0,0,0,0,0,0,0,0,0,0,0,0,0,0,0,0,12,58.82,63.7,61,101,6798,35,55.7,95,37,72,69,13.8,25.5
16900,13.3,25.6,0.000,9.067,79.1,316,51.95,0.00,0,0,0,0,0.00,0,0,10.94,2016,1,0,0,0,0,0,0,0,0,0,0,0,0,0,0,0,0,0,0,0,0,0,0,0,0,0,0,0,0,0,0,0,0,0,0,0,0,0,0,0,0,0,0,0,0,0,0,0,0,0,0,0,0,0,0,0,0,0,0,0,0,0,0,0,0,0,0,0,0,0,0,0,0,0,12,58.82,63.7,61,101,6898,35,60.0,102,37,72,69,13.8,25.5
17000,13.3,25.6,0.000,9.081,78.3,318,52.34,0.00,0,0,0,0,0.00,0,0,10.94,2016,1,0,0,0,0,0,0,0,0,0,0,0,0,0,0,0,0,0,0,0,0,0,0,0,0,0,0,0,0,0,0,0,0,0,0,0,0,0,0,0,0,0,0,0,0,0,0,0,0,0,0,0,0,0,0,0,0,0,0,0,0,0,0,0,0,0,0,0,0,0,0,0,0,0,11,53.92,63.7,61,101,6968,35,60.4,103,37,72,69,13.8,25.5
17100,13.3,25.6,0.000,9.123,78.7,318,52.73,0.00,0,0,0,0,0.00,0,0,10.94,2016,1,0,0,0,0,0,0,0,0,0,0,0,0,0,0,0,0,0,0,0,0,0,0,0,0,0,0,0,0,0,0,0,0,0,0,0,0,0,0,0,0,0,0,0,0,0,0,0,0,0,0,0,0,0,0,0,0,0,0,0,0,0,0,0,0,0,0,0,0,0,0,0,0,0,12,58.82,63.7,61,101,6987,35,61.2,104,37,72,70,13.8,25.5
17200,13.3,25.6,0.000,9.123,78.7,318,52.73,0.00,0,0,0,0,0.00,0,0,10.94,2016,1,0,0,0,0,0,0,0,0,0,0,0,0,0,0,0,0,0,0,0,0,0,0,0,0,0,0,0,0,0,0,0,0,0,0,0,0,0,0,0,0,0,0,0,0,0,0,0,0,0,0,0,0,0,0,0,0,0,0,0,0,0,0,0,0,0,0,0,0,0,0,0,0,0,12,58.82,63.7,61,101,6987,35,61.2,104,37,72,70,13.8,25.5
17300,13.3,25.6,0.000,9.136,78.3,320,53.52,0.00,0,0,0,0,0.00,0,0,10.94,2016,1,0,0,0,0,0,0,0,0,0,0,0,0,0,0,0,0,0,0,0,0,0,0,0,0,0,0,0,0,0,0,0,0,0,0,0,0,0,0,0,0,0,0,0,0,0,0,0,0,0,0,0,0,0,0,0,0,0,0,0,0,0,0,0,0,0,0,0,0,0,0,0,0,0,12,58.82,63.7,61,101,7067,35,61.2,104,37,72,71,13.8,25.5
17400,13.3,25.6,0.000,9.136,78.3,320,53.52,0.00,0,0,0,0,0.00,0,0,10.94,2016,1,0,0,0,0,0,0,0,0,0,0,0,0,0,0,0,0,0,0,0,0,0,0,0,0,0,0,0,0,0,0,0,0,0,0,0,0,0,0,0,0,0,0,0,0,0,0,0,0,0,0,0,0,0,0,0,0,0,0,0,0,0,0,0,0,0,0,0,0,0,0,0,0,0,12,58.82,63.9,61,101,7067,35,61.2,104,37,72,71,13.8,25.5
17500,13.3,25.6,0.000,9.119,77.9,321,53.52,0.00,0,0,0,0,0.00,0,0,10.94,2016,1,0,0,0,0,0,0,0,0,0,0,0,0,0,0,0,0,0,0,0,0,0,0,0,0,0,0,0,0,0,0,0,0,0,0,0,0,0,0,0,0,0,0,0,0,0,0,0,0,0,0,0,0,0,0,0,0,0,0,0,0,0,0,0,0,0,0,0,0,0,0,0,0,0,12,58.82,63.9,61,101,7087,35,61.6,105,37,72,72,13.9,25.5
17600,13.3,25.6,0.000,9.119,77.9,321,53.52,0.00,0,0,0,0,0.00,0,0,10.94,2016,1,0,0,0,0,0,0,0,0,0,0,0,0,0,0,0,0,0,0,0,0,0,0,0,0,0,0,0,0,0,0,0,0,0,0,0,0,0,0,0,0,0,0,0,0,0,0,0,0,0,0,0,0,0,0,0,0,0,0,0,0,0,0,0,0,0,0,0,0,0,0,0,0,0,12,58.82,63.9,61,101,7096,35,61.6,105,37,72,72,13.9,25.5
17700,13.3,25.6,0.000,9.119,77.9,321,53.52,0.00,0,0,0,0,0.00,0,0,10.94,2016,1,0,0,0,0,0,0,0,0,0,0,0,0,0,0,0,0,0,0,0,0,0,0,0,0,0,0,0,0,0,0,0,0,0,0,0,0,0,0,0,0,0,0,0,0,0,0,0,0,0,0,0,0,0,0,0,0,0,0,0,0,0,0,0,0,0,0,0,0,0,0,0,0,0,13,63.73,63.9,61,101,7108,35,61.6,105,37,72,73,13.8,25.5
17800,13.3,25.6,0.000,9.147,77.9,322,53.91,0.00,0,0,0,0,0.00,0,0,10.94,2016,1,0,0,0,0,0,0,0,0,0,0,0,0,0,0,0,0,0,0,0,0,0,0,0,0,0,0,0,0,0,0,0,0,0,0,0,0,0,0,0,0,0,0,0,0,0,0,0,0,0,0,0,0,0,0,0,0,0,0,0,0,0,0,0,0,0,0,0,0,0,0,0,0,0,12,58.82,63.9,61,101,7105,35,61.6,105,37,72,74,13.8,25.5
17900,13.3,25.6,0.000,9.147,77.9,322,53.91,0.00,0,0,0,0,0.00,0,0,10.94,2016,1,0,0,0,0,0,0,0,0,0,0,0,0,0,0,0,0,0,0,0,0,0,0,0,0,0,0,0,0,0,0,0,0,0,0,0,0,0,0,0,0,0,0,0,0,0,0,0,0,0,0,0,0,0,0,0,0,0,0,0,0,0,0,0,0,0,0,0,0,0,0,0,0,0,12,58.82,63.9,61,101,7105,35,61.6,105,37,72,74,13.8,25.5
18000,13.3,25.6,0.000,9.147,77.9,322,53.91,0.00,0,0,0,0,0.00,0,0,10.94,2016,1,0,0,0,0,0,0,0,0,0,0,0,0,0,0,0,0,0,0,0,0,0,0,0,0,0,0,0,0,0,0,0,0,0,0,0,0,0,0,0,0,0,0,0,0,0,0,0,0,0,0,0,0,0,0,0,0,0,0,0,0,0,0,0,0,0,0,0,0,0,0,0,0,0,12,58.82,63.9,61,101,7125,35,61.6,105,37,72,75,13.9,25.5
18100,13.3,25.6,0.000,9.147,77.9,322,53.91,0.00,0,0,0,0,0.00,0,0,10.94,2016,1,0,0,0,0,0,0,0,0,0,0,0,0,0,0,0,0,0,0,0,0,0,0,0,0,0,0,0,0,0,0,0,0,0,0,0,0,0,0,0,0,0,0,0,0,0,0,0,0,0,0,0,0,0,0,0,0,0,0,0,0,0,0,0,0,0,0,0,0,0,0,0,0,0,12,58.82,63.9,61,101,7125,35,61.6,105,37,72,75,13.9,25.5
18200,13.3,25.6,0.000,9.261,79.5,323,55.08,0.00,0,0,0,0,0.00,0,0,10.94,2016,1,0,0,0,0,0,0,0,0,0,0,0,0,0,0,0,0,0,0,0,0,0,0,0,0,0,0,0,0,0,0,0,0,0,0,0,0,0,0,0,0,0,0,0,0,0,0,0,0,0,0,0,0,0,0,0,0,0,0,0,0,0,0,0,0,0,0,0,0,0,0,0,0,0,12,58.82,63.9,61,101,7140,35,66.3,113,37,72,75,13.8,25.5
18300,13.3,25.6,0.000,9.347,79.5,323,55.47,0.00,0,0,0,0,0.00,0,0,10.94,2016,1,0,0,0,0,0,0,0,0,0,0,0,0,0,0,0,0,0,0,0,0,0,0,0,0,0,0,0,0,0,0,0,0,0,0,0,0,0,0,0,0,0,0,0,0,0,0,0,0,0,0,0,0,0,0,0,0,0,0,0,0,0,0,0,0,0,0,0,0,0,0,0,0,0,11,53.92,64.1,62,101,7163,35,67.1,114,37,72,76,13.8,25.5
18400,13.3,25.6,0.000,9.347,79.5,323,55.47,0.00,0,0,0,0,0.00,0,0,10.94,2016,1,0,0,0,0,0,0,0,0,0,0,0,0,0,0,0,0,0,0,0,0,0,0,0,0,0,0,0,0,0,0,0,0,0,0,0,0,0,0,0,0,0,0,0,0,0,0,0,0,0,0,0,0,0,0,0,0,0,0,0,0,0,0,0,0,0,0,0,0,0,0,0,0,0,12,58.82,64.1,62,101,7187,35,68.2,116,37,72,76,13.9,25.5
18500,13.3,25.6,0.000,9.441,79.8,323,56.25,0.00,0,0,0,0,0.00,0,0,10.94,2016,1,0,0,0,0,0,0,0,0,0,0,0,0,0,0,0,0,0,0,0,0,0,0,0,0,0,0,0,0,0,0,0,0,0,0,0,0,0,0,0,0,0,0,0,0,0,0,0,0,0,0,0,0,0,0,0,0,0,0,0,0,0,0,0,0,0,0,0,0,0,0,0,0,0,12,58.82,64.1,62,101,7208,35,68.6,117,37,72,77,13.9,25.5
18600,13.3,25.6,0.000,9.441,79.8,323,56.25,0.00,0,0,0,0,0.00,0,0,10.94,2016,1,0,0,0,0,0,0,0,0,0,0,0,0,0,0,0,0,0,0,0,0,0,0,0,0,0,0,0,0,0,0,0,0,0,0,0,0,0,0,0,0,0,0,0,0,0,0,0,0,0,0,0,0,0,0,0,0,0,0,0,0,0,0,0,0,0,0,0,0,0,0,0,0,0,12,58.82,64.1,62,101,7208,35,68.6,117,37,72,77,13.9,25.5
18700,13.3,25.6,0.000,9.441,79.8,323,56.25,0.00,0,0,0,0,0.00,0,0,10.94,2016,1,0,0,0,0,0,0,0,0,0,0,0,0,0,0,0,0,0,0,0,0,0,0,0,0,0,0,0,0,0,0,0,0,0,0,0,0,0,0,0,0,0,0,0,0,0,0,0,0,0,0,0,0,0,0,0,0,0,0,0,0,0,0,0,0,0,0,0,0,0,0,0,0,0,11,53.92,64.1,62,101,7178,35,69.4,118,37,72,77,13.9,25.5
18800,13.3,25.6,0.000,9.427,79.8,324,56.25,0.00,0,0,0,0,0.00,0,0,10.94,2016,1,0,0,0,0,0,0,0,0,0,0,0,0,0,0,0,0,0,0,0,0,0,0,0,0,0,0,0,0,0,0,0,0,0,0,0,0,0,0,0,0,0,0,0,0,0,0,0,0,0,0,0,0,0,0,0,0,0,0,0,0,0,0,0,0,0,0,0,0,0,0,0,0,0,12,58.82,64.1,62,101,7211,35,69.4,118,37,72,77,13.9,25.5
18900,13.3,25.6,0.000,9.427,79.8,324,56.25,0.00,0,0,0,0,0.00,0,0,10.94,2016,1,0,0,0,0,0,0,0,0,0,0,0,0,0,0,0,0,0,0,0,0,0,0,0,0,0,0,0,0,0,0,0,0,0,0,0,0,0,0,0,0,0,0,0,0,0,0,0,0,0,0,0,0,0,0,0,0,0,0,0,0,0,0,0,0,0,0,0,0,0,0,0,0,0,11,53.92,64.1,62,101,7229,35,69.8,119,37,72,78,13.8,25.5
19000,13.3,25.6,0.000,9.427,79.8,324,56.25,0.00,0,0,0,0,0.00,0,0,10.94,2016,1,0,0,0,0,0,0,0,0,0,0,0,0,0,0,0,0,0,0,0,0,0,0,0,0,0,0,0,0,0,0,0,0,0,0,0,0,0,0,0,0,0,0,0,0,0,0,0,0,0,0,0,0,0,0,0,0,0,0,0,0,0,0,0,0,0,0,0,0,0,0,0,0,0,12,58.82,64.1,62,101,7238,35,69.8,119,37,72,78,13.8,25.5
19100,13.3,25.6,0.000,9.469,80.2,324,56.64,0.00,0,0,0,0,0.00,0,0,10.94,2016,1,0,0,0,0,0,0,0,0,0,0,0,0,0,0,0,0,0,0,0,0,0,0,0,0,0,0,0,0,0,0,0,0,0,0,0,0,0,0,0,0,0,0,0,0,0,0,0,0,0,0,0,0,0,0,0,0,0,0,0,0,0,0,0,0,0,0,0,0,0,0,0,0,0,12,58.82,64.1,62,101,7223,35,69.8,119,37,72,79,13.8,25.5
19200,13.3,25.6,0.000,9.469,80.2,324,56.64,0.00,0,0,0,0,0.00,0,0,10.94,2016,1,0,0,0,0,0,0,0,0,0,0,0,0,0,0,0,0,0,0,0,0,0,0,0,0,0,0,0,0,0,0,0,0,0,0,0,0,0,0,0,0,0,0,0,0,0,0,0,0,0,0,0,0,0,0,0,0,0,0,0,0,0,0,0,0,0,0,0,0,0,0,0,0,0,12,58.82,64.1,62,101,7223,35,69.8,119,37,72,79,13.8,25.5
19300,13.3,25.6,0.000,9.469,80.2,324,57.03,0.00,0,0,0,0,0.00,0,0,10.94,2016,1,0,0,0,0,0,0,0,0,0,0,0,0,0,0,0,0,0,0,0,0,0,0,0,0,0,0,0,0,0,0,0,0,0,0,0,0,0,0,0,0,0,0,0,0,0,0,0,0,0,0,0,0,0,0,0,0,0,0,0,0,0,0,0,0,0,0,0,0,0,0,0,0,0,13,63.73,64.5,66,101,7244,35,70.6,120,37,72,80,13.8,25.5
19400,13.3,25.6,0.000,9.469,80.2,324,57.03,0.00,0,0,0,0,0.00,0,0,10.94,2016,1,0,0,0,0,0,0,0,0,0,0,0,0,0,0,0,0,0,0,0,0,0,0,0,0,0,0,0,0,0,0,0,0,0,0,0,0,0,0,0,0,0,0,0,0,0,0,0,0,0,0,0,0,0,0,0,0,0,0,0,0,0,0,0,0,0,0,0,0,0,0,0,0,0,13,63.73,64.5,66,101,7244,35,70.6,120,37,72,80,13.8,25.5
19500,13.3,25.6,0.000,9.469,80.2,324,57.03,0.00,0,0,0,0,0.00,0,0,10.94,2016,1,0,0,0,0,0,0,0,0,0,0,0,0,0,0,0,0,0,0,0,0,0,0,0,0,0,0,0,0,0,0,0,0,0,0,0,0,0,0,0,0,0,0,0,0,0,0,0,0,0,0,0,0,0,0,0,0,0,0,0,0,0,0,0,0,0,0,0,0,0,0,0,0,0,12,58.82,64.5,66,101,7281,35,70.6,120,37,72,82,13.8,25.5
19600,13.3,25.6,0.000,9.469,80.2,324,57.03,0.00,0,0,0,0,0.00,0,0,10.94,2016,1,0,0,0,0,0,0,0,0,0,0,0,0,0,0,0,0,0,0,0,0,0,0,0,0,0,0,0,0,0,0,0,0,0,0,0,0,0,0,0,0,0,0,0,0,0,0,0,0,0,0,0,0,0,0,0,0,0,0,0,0,0,0,0,0,0,0,0,0,0,0,0,0,0,12,58.82,64.5,66,101,7293,35,70.6,120,37,72,80,13.9,25.5
19700,13.3,25.6,0.000,9.469,80.2,324,57.03,0.00,0,0,0,0,0.00,0,0,10.94,2016,1,0,0,0,0,0,0,0,0,0,0,0,0,0,0,0,0,0,0,0,0,0,0,0,0,0,0,0,0,0,0,0,0,0,0,0,0,0,0,0,0,0,0,0,0,0,0,0,0,0,0,0,0,0,0,0,0,0,0,0,0,0,0,0,0,0,0,0,0,0,0,0,0,0,12,58.82,64.5,66,101,7293,35,70.6,120,37,72,80,13.9,25.5
19800,13.3,25.6,0.000,9.469,80.2,324,57.03,0.00,0,0,0,0,0.00,0,0,10.94,2016,1,0,0,0,0,0,0,0,0,0,0,0,0,0,0,0,0,0,0,0,0,0,0,0,0,0,0,0,0,0,0,0,0,0,0,0,0,0,0,0,0,0,0,0,0,0,0,0,0,0,0,0,0,0,0,0,0,0,0,0,0,0,0,0,0,0,0,0,0,0,0,0,0,0,11,53.92,64.5,66,101,7302,35,70.6,120,37,72,81,13.8,25.5
19900,13.3,25.6,0.000,9.469,80.2,324,57.03,0.00,0,0,0,0,0.00,0,0,10.94,2016,1,0,0,0,0,0,0,0,0,0,0,0,0,0,0,0,0,0,0,0,0,0,0,0,0,0,0,0,0,0,0,0,0,0,0,0,0,0,0,0,0,0,0,0,0,0,0,0,0,0,0,0,0,0,0,0,0,0,0,0,0,0,0,0,0,0,0,0,0,0,0,0,0,0,11,53.92,64.5,66,101,7302,35,70.6,120,37,72,81,13.8,25.5
20000,13.3,25.6,0.000,9.469,80.2,324,57.42,0.00,0,0,0,0,0.00,0,0,10.94,2016,1,0,0,0,0,0,0,0,0,0,0,0,0,0,0,0,0,0,0,0,0,0,0,0,0,0,0,0,0,0,0,0,0,0,0,0,0,0,0,0,0,0,0,0,0,0,0,0,0,0,0,0,0,0,0,0,0,0,0,0,0,0,0,0,0,0,0,0,0,0,0,0,0,0,13,63.73,64.5,66,101,7305,35,70.6,120,37,72,82,13.8,25.5
20100,13.3,25.6,0.000,9.469,80.2,324,57.03,0.00,0,0,0,0,0.00,0,0,10.94,2016,1,0,0,0,0,0,0,0,0,0,0,0,0,0,0,0,0,0,0,0,0,0,0,0,0,0,0,0,0,0,0,0,0,0,0,0,0,0,0,0,0,0,0,0,0,0,0,0,0,0,0,0,0,0,0,0,0,0,0,0,0,0,0,0,0,0,0,0,0,0,0,0,0,0,12,58.82,64.5,66,101,7275,35,69.8,119,37,72,84,13.8,25.5
20200,13.3,25.6,0.000,9.469,80.2,324,57.03,0.00,0,0,0,0,0.00,0,0,10.94,2016,1,0,0,0,0,0,0,0,0,0,0,0,0,0,0,0,0,0,0,0,0,0,0,0,0,0,0,0,0,0,0,0,0,0,0,0,0,0,0,0,0,0,0,0,0,0,0,0,0,0,0,0,0,0,0,0,0,0,0,0,0,0,0,0,0,0,0,0,0,0,0,0,0,0,12,58.82,64.5,66,101,7278,35,69.8,119,37,72,83,13.8,25.5
20300,13.3,25.6,0.000,9.427,80.2,324,57.03,0.00,0,0,0,0,0.00,0,0,10.94,2016,1,0,0,0,0,0,0,0,0,0,0,0,0,0,0,0,0,0,0,0,0,0,0,0,0,0,0,0,0,0,0,0,0,0,0,0,0,0,0,0,0,0,0,0,0,0,0,0,0,0,0,0,0,0,0,0,0,0,0,0,0,0,0,0,0,0,0,0,0,0,0,0,0,0,12,58.82,64.5,70,101,7311,35,69.4,118,37,72,83,13.8,25.5
20400,13.3,25.6,0.000,9.427,79.8,324,57.03,0.00,0,0,0,0,0.00,0,0,10.94,2016,1,0,0,0,0,0,0,0,0,0,0,0,0,0,0,0,0,0,0,0,0,0,0,0,0,0,0,0,0,0,0,0,0,0,0,0,0,0,0,0,0,0,0,0,0,0,0,0,0,0,0,0,0,0,0,0,0,0,0,0,0,0,0,0,0,0,0,0,0,0,0,0,0,0,12,58.82,64.5,70,101,7284,35,67.1,114,37,72,84,13.8,25.5
20500,13.3,25.6,0.000,9.289,78.7,324,56.25,0.00,0,0,0,0,0.00,0,0,10.94,2016,1,0,0,0,0,0,0,0,0,0,0,0,0,0,0,0,0,0,0,0,0,0,0,0,0,0,0,0,0,0,0,0,0,0,0,0,0,0,0,0,0,0,0,0,0,0,0,0,0,0,0,0,0,0,0,0,0,0,0,0,0,0,0,0,0,0,0,0,0,0,0,0,0,0,12,58.82,64.5,70,101,7284,35,67.1,114,37,72,84,13.8,25.5
20600,13.3,25.6,0.000,9.289,78.3,324,56.25,0.00,0,0,0,0,0.00,0,0,10.94,2016,1,0,0,0,0,0,0,0,0,0,0,0,0,0,0,0,0,0,0,0,0,0,0,0,0,0,0,0,0,0,0,0,0,0,0,0,0,0,0,0,0,0,0,0,0,0,0,0,0,0,0,0,0,0,0,0,0,0,0,0,0,0,0,0,0,0,0,0,0,0,0,0,0,0,12,58.82,64.5,70,101,7305,35,65.1,111,37,72,84,13.8,25.5
20700,13.3,25.6,0.000,7.829,66.6,315,47.27,0.00,0,0,0,0,0.00,0,0,10.94,2016,0,0,0,0,0,0,0,0,0,0,0,0,0,0,0,0,0,0,0,0,0,0,0,0,0,0,0,0,0,0,0,0,0,0,0,0,0,0,0,0,0,0,0,0,0,0,0,0,0,0,0,0,0,0,0,0,0,0,0,0,0,0,0,0,0,0,0,0,0,0,0,0,0,0,11,53.92,64.5,70,101,7256,35,41.2,70,37,72,85,13.8,25.5
20800,13.3,25.6,0.000,7.829,66.6,315,47.27,0.00,0,0,0,0,0.00,0,0,10.94,2016,0,0,0,0,0,0,0,0,0,0,0,0,0,0,0,0,0,0,0,0,0,0,0,0,0,0,0,0,0,0,0,0,0,0,0,0,0,0,0,0,0,0,0,0,0,0,0,0,0,0,0,0,0,0,0,0,0,0,0,0,0,0,0,0,0,0,0,0,0,0,0,0,0,0,12,58.82,64.5,70,101,6725,15,0.4,1,37,72,85,14.0,25.5
20900,13.3,25.6,0.000,3.705,36.9,272,18.75,0.00,0,0,0,0,0.00,0,0,10.94,2016,0,0,0,0,0,0,0,0,0,0,0,0,0,0,0,0,0,0,0,0,0,0,0,0,0,0,0,0,0,0,0,0,0,0,0,0,0,0,0,0,0,0,0,0,0,0,0,0,0,0,0,0,0,0,0,0,0,0,0,0,0,0,0,0,0,0,0,0,0,0,0,0,0,0,12,58.82,64.5,70,101,6169,15,0.4,1,37,73,85,14.0,25.5
21000,13.3,25.6,0.000,3.705,36.9,272,18.75,0.00,0,0,0,0,0.00,0,0,10.94,2016,0,0,0,0,0,0,0,0,0,0,0,0,0,0,0,0,0,0,0,0,0,0,0,0,0,0,0,0,0,0,0,0,0,0,0,0,0,0,0,0,0,0,0,0,0,0,0,0,0,0,0,0,0,0,0,0,0,0,0,0,0,0,0,0,0,0,0,0,0,0,0,0,0,0,12,58.82,64.5,70,101,6169,15,0.4,1,37,73,85,14.0,25.5
21100,13.3,25.6,0.000,3.456,38.0,247,16.80,0.00,0,0,0,0,0.00,0,0,10.94,2016,0,0,0,0,0,0,0,0,0,0,0,0,0,0,0,0,0,0,0,0,0,0,0,0,0,0,0,0,0,0,0,0,0,0,0,0,0,0,0,0,0,0,0,0,0,0,0,0,0,0,0,0,0,0,0,0,0,0,0,0,0,0,0,0,0,0,0,0,0,0,0,0,0,0,12,58.82,64.5,70,101,5875,19,0.4,1,37,73,85,14.0,25.5
21200,13.3,25.6,0.000,3.318,38.8,232,15.62,0.00,0,0,0,0,0.00,0,0,10.94,2016,0,0,0,0,0,0,0,0,0,0,0,0,0,0,0,0,0,0,0,0,0,0,0,0,0,0,0,0,0,0,0,0,0,0,0,0,0,0,0,0,0,0,0,0,0,0,0,0,0,0,0,0,0,0,0,0,0,0,0,0,0,0,0,0,0,0,0,0,0,0,0,0,0,0,13,63.73,64.5,70,101,5724,23,0.4,1,37,73,83,14.0,25.5
21300,13.3,25.6,0.000,3.280,39.2,229,15.23,0.00,0,0,0,0,0.00,0,0,10.94,2016,0,0,0,0,0,0,0,0,0,0,0,0,0,0,0,0,0,0,0,0,0,0,0,0,0,0,0,0,0,0,0,0,0,0,0,0,0,0,0,0,0,0,0,0,0,0,0,0,0,0,0,0,0,0,0,0,0,0,0,0,0,0,0,0,0,0,0,0,0,0,0,0,0,0,13,63.73,64.5,74,101,5642,23,0.4,1,37,73,84,14.0,25.5
21400,13.3,25.6,0.000,3.259,39.6,223,14.84,0.00,0,0,0,0,0.00,0,0,10.94,2016,0,0,0,0,0,0,0,0,0,0,0,0,0,0,0,0,0,0,0,0,0,0,0,0,0,0,0,0,0,0,0,0,0,0,0,0,0,0,0,0,0,0,0,0,0,0,0,0,0,0,0,0,0,0,0,0,0,0,0,0,0,0,0,0,0,0,0,0,0,0,0,0,0,0,13,63.73,64.5,74,101,5587,24,0.4,1,37,73,82,14.0,25.5
21500,13.3,25.6,0.000,3.238,39.6,222,14.84,0.00,0,0,0,0,0.00,0,0,10.94,2016,0,0,0,0,0,0,0,0,0,0,0,0,0,0,0,0,0,0,0,0,0,0,0,0,0,0,0,0,0,0,0,0,0,0,0,0,0,0,0,0,0,0,0,0,0,0,0,0,0,0,0,0,0,0,0,0,0,0,0,0,0,0,0,0,0,0,0,0,0,0,0,0,0,0,12,58.82,64.5,74,101,5555,24,0.4,1,37,73,82,14.0,25.5
21600,13.3,25.6,0.000,3.238,39.6,222,14.84,0.00,0,0,0,0,0.00,0,0,10.94,2016,0,0,0,0,0,0,0,0,0,0,0,0,0,0,0,0,0,0,0,0,0,0,0,0,0,0,0,0,0,0,0,0,0,0,0,0,0,0,0,0,0,0,0,0,0,0,0,0,0,0,0,0,0,0,0,0,0,0,0,0,0,0,0,0,0,0,0,0,0,0,0,0,0,0,12,58.82,64.5,74,101,5555,24,0.4,1,37,73,82,14.0,25.5
21700,13.3,25.6,0.000,3.242,39.6,220,14.84,0.00,0,0,0,0,0.00,0,0,10.94,2016,0,0,0,0,0,0,0,0,0,0,0,0,0,0,0,0,0,0,0,0,0,0,0,0,0,0,0,0,0,0,0,0,0,0,0,0,0,0,0,0,0,0,0,0,0,0,0,0,0,0,0,0,0,0,0,0,0,0,0,0,0,0,0,0,0,0,0,0,0,0,0,0,0,0,13,63.73,64.5,74,101,5490,25,0.4,1,37,73,81,14.0,25.5
21800,13.3,25.6,0.000,3.228,40.0,219,14.45,0.00,0,0,0,0,0.00,0,0,10.94,2016,0,0,0,0,0,0,0,0,0,0,0,0,0,0,0,0,0,0,0,0,0,0,0,0,0,0,0,0,0,0,0,0,0,0,0,0,0,0,0,0,0,0,0,0,0,0,0,0,0,0,0,0,0,0,0,0,0,0,0,0,0,0,0,0,0,0,0,0,0,0,0,0,0,0,13,63.73,64.5,74,101,5490,25,0.4,1,37,73,81,14.0,25.5
21900,13.3,25.6,0.000,3.228,40.0,219,14.45,0.00,0,0,0,0,0.00,0,0,10.94,2016,0,0,0,0,0,0,0,0,0,0,0,0,0,0,0,0,0,0,0,0,0,0,0,0,0,0,0,0,0,0,0,0,0,0,0,0,0,0,0,0,0,0,0,0,0,0,0,0,0,0,0,0,0,0,0,0,0,0,0,0,0,0,0,0,0,0,0,0,0,0,0,0,0,0,12,58.82,64.5,74,101,5452,25,0.4,1,37,73,81,14.0,25.5
22000,13.3,25.6,0.000,3.214,40.4,218,14.45,0.00,0,0,0,0,0.00,0,0,10.94,2016,0,0,0,0,0,0,0,0,0,0,0,0,0,0,0,0,0,0,0,0,0,0,0,0,0,0,0,0,0,0,0,0,0,0,0,0,0,0,0,0,0,0,0,0,0,0,0,0,0,0,0,0,0,0,0,0,0,0,0,0,0,0,0,0,0,0,0,0,0,0,0,0,0,0,13,63.73,64.5,74,101,5419,25,0.4,1,37,73,79,14.0,25.5
22100,13.3,25.6,0.000,3.214,40.4,218,14.45,0.00,0,0,0,0,0.00,0,0,10.94,2016,0,0,0,0,0,0,0,0,0,0,0,0,0,0,0,0,0,0,0,0,0,0,0,0,0,0,0,0,0,0,0,0,0,0,0,0,0,0,0,0,0,0,0,0,0,0,0,0,0,0,0,0,0,0,0,0,0,0,0,0,0,0,0,0,0,0,0,0,0,0,0,0,0,0,12,58.82,64.5,74,101,5384,24,0.4,1,37,73,80,13.9,25.5
22200,13.3,25.6,0.000,3.242,40.4,218,14.45,0.00,0,0,0,0,0.00,0,0,10.94,2016,0,0,0,0,0,0,0,0,0,0,0,0,0,0,0,0,0,0,0,0,0,0,0,0,0,0,0,0,0,0,0,0,0,0,0,0,0,0,0,0,0,0,0,0,0,0,0,0,0,0,0,0,0,0,0,0,0,0,0,0,0,0,0,0,0,0,0,0,0,0,0,0,0,0,12,58.82,64.5,74,101,5354,24,0.4,1,37,73,78,13.9,25.5
22300,13.3,25.6,0.000,3.242,40.4,217,14.45,0.00,0,0,0,0,0.00,0,0,10.94,2016,0,0,0,0,0,0,0,0,0,0,0,0,0,0,0,0,0,0,0,0,0,0,0,0,0,0,0,0,0,0,0,0,0,0,0,0,0,0,0,0,0,0,0,0,0,0,0,0,0,0,0,0,0,0,0,0,0,0,0,0,0,0,0,0,0,0,0,0,0,0,0,0,0,0,12,58.82,64.7,75,101,5354,24,0.4,1,37,73,78,13.9,25.5
22400,13.3,25.6,0.000,3.242,40.8,217,14.06,0.00,0,0,0,0,0.00,0,0,10.94,2016,0,0,0,0,0,0,0,0,0,0,0,0,0,0,0,0,0,0,0,0,0,0,0,0,0,0,0,0,0,0,0,0,0,0,0,0,0,0,0,0,0,0,0,0,0,0,0,0,0,0,0,0,0,0,0,0,0,0,0,0,0,0,0,0,0,0,0,0,0,0,0,0,0,0,13,63.73,64.7,75,101,5308,24,0.4,1,37,73,78,13.9,25.5
22500,13.3,25.6,0.000,3.259,40.8,216,14.06,0.00,0,0,0,0,0.00,0,0,10.94,2016,0,0,0,0,0,0,0,0,0,0,0,0,0,0,0,0,0,0,0,0,0,0,0,0,0,0,0,0,0,0,0,0,0,0,0,0,0,0,0,0,0,0,0,0,0,0,0,0,0,0,0,0,0,0,0,0,0,0,0,0,0,0,0,0,0,0,0,0,0,0,0,0,0,0,12,58.82,64.7,75,101,5255,24,0.4,1,37,73,76,13.9,25.5
22600,13.3,25.6,0.000,3.273,41.2,215,14.06,0.00,0,0,0,0,0.00,0,0,10.94,2016,0,0,0,0,0,0,0,0,0,0,0,0,0,0,0,0,0,0,0,0,0,0,0,0,0,0,0,0,0,0,0,0,0,0,0,0,0,0,0,0,0,0,0,0,0,0,0,0,0,0,0,0,0,0,0,0,0,0,0,0,0,0,0,0,0,0,0,0,0,0,0,0,0,0,13,63.73,64.7,75,101,5198,24,0.4,1,37,73,76,13.9,25.5
22700,13.3,25.6,0.000,3.273,41.2,215,14.06,0.00,0,0,0,0,0.00,0,0,10.94,2016,0,0,0,0,0,0,0,0,0,0,0,0,0,0,0,0,0,0,0,0,0,0,0,0,0,0,0,0,0,0,0,0,0,0,0,0,0,0,0,0,0,0,0,0,0,0,0,0,0,0,0,0,0,0,0,0,0,0,0,0,0,0,0,0,0,0,0,0,0,0,0,0,0,0,13,63.73,64.7,75,101,5155,23,0.4,1,37,73,73,13.9,25.5
22800,13.3,25.6,0.000,3.273,41.2,215,14.06,0.00,0,0,0,0,0.00,0,0,10.94,2016,0,0,0,0,0,0,0,0,0,0,0,0,0,0,0,0,0,0,0,0,0,0,0,0,0,0,0,0,0,0,0,0,0,0,0,0,0,0,0,0,0,0,0,0,0,0,0,0,0,0,0,0,0,0,0,0,0,0,0,0,0,0,0,0,0,0,0,0,0,0,0,0,0,0,13,63.73,64.7,75,101,5155,23,0.4,1,37,73,73,13.9,25.5
22900,13.3,25.6,0.000,3.300,41.6,215,14.06,0.00,0,0,0,0,0.00,0,0,10.94,2016,0,0,0,0,0,0,0,0,0,0,0,0,0,0,0,0,0,0,0,0,0,0,0,0,0,0,0,0,0,0,0,0,0,0,0,0,0,0,0,0,0,0,0,0,0,0,0,0,0,0,0,0,0,0,0,0,0,0,0,0,0,0,0,0,0,0,0,0,0,0,0,0,0,0,14,68.63,64.7,75,101,5074,22,0.4,1,37,73,71,13.9,25.5
23000,13.3,25.6,0.000,3.300,41.6,215,13.67,0.00,0,0,0,0,0.00,0,0,10.94,2016,0,0,0,0,0,0,0,0,0,0,0,0,0,0,0,0,0,0,0,0,0,0,0,0,0,0,0,0,0,0,0,0,0,0,0,0,0,0,0,0,0,0,0,0,0,0,0,0,0,0,0,0,0,0,0,0,0,0,0,0,0,0,0,0,0,0,0,0,0,0,0,0,0,0,14,68.63,64.7,75,101,5074,22,0.4,1,37,73,71,13.9,25.5
23100,13.3,25.6,0.000,3.328,42.0,215,13.67,0.00,0,0,0,0,0.00,0,0,10.94,2016,0,0,0,0,0,0,0,0,0,0,0,0,0,0,0,0,0,0,0,0,0,0,0,0,0,0,0,0,0,0,0,0,0,0,0,0,0,0,0,0,0,0,0,0,0,0,0,0,0,0,0,0,0,0,0,0,0,0,0,0,0,0,0,0,0,0,0,0,0,0,0,0,0,0,13,63.73,64.7,75,101,5035,22,0.4,1,37,73,70,13.9,25.5
23200,13.3,25.6,0.000,3.314,42.0,214,13.67,0.00,0,0,0,0,0.00,0,0,10.94,2016,0,0,0,0,0,0,0,0,0,0,0,0,0,0,0,0,0,0,0,0,0,0,0,0,0,0,0,0,0,0,0,0,0,0,0,0,0,0,0,0,0,0,0,0,0,0,0,0,0,0,0,0,0,0,0,0,0,0,0,0,0,0,0,0,0,0,0,0,0,0,0,0,0,0,12,58.82,64.7,75,101,4989,21,0.4,1,37,73,69,13.9,25.5
23300,13.3,25.6,0.000,3.314,42.0,214,13.67,0.00,0,0,0,0,0.00,0,0,10.94,2016,0,0,0,0,0,0,0,0,0,0,0,0,0,0,0,0,0,0,0,0,0,0,0,0,0,0,0,0,0,0,0,0,0,0,0,0,0,0,0,0,0,0,0,0,0,0,0,0,0,0,0,0,0,0,0,0,0,0,0,0,0,0,0,0,0,0,0,0,0,0,0,0,0,0,12,58.82,65.0,70,101,4931,21,0.4,1,37,73,68,13.9,25.5
23400,13.3,25.6,0.000,3.328,42.3,213,13.28,0.00,0,0,0,0,0.00,0,0,10.94,2016,0,0,0,0,0,0,0,0,0,0,0,0,0,0,0,0,0,0,0,0,0,0,0,0,0,0,0,0,0,0,0,0,0,0,0,0,0,0,0,0,0,0,0,0,0,0,0,0,0,0,0,0,0,0,0,0,0,0,0,0,0,0,0,0,0,0,0,0,0,0,0,0,0,0,13,63.73,65.0,70,101,4875,20,0.4,1,37,73,66,13.9,25.5
23500,13.3,25.6,0.000,3.328,42.3,213,13.28,0.00,0,0,0,0,0.00,0,0,10.94,2016,0,0,0,0,0,0,0,0,0,0,0,0,0,0,0,0,0,0,0,0,0,0,0,0,0,0,0,0,0,0,0,0,0,0,0,0,0,0,0,0,0,0,0,0,0,0,0,0,0,0,0,0,0,0,0,0,0,0,0,0,0,0,0,0,0,0,0,0,0,0,0,0,0,0,13,63.73,65.0,70,101,4875,20,0.4,1,37,73,66,13.9,25.5
23600,13.3,25.6,0.000,3.356,42.7,213,13.28,0.00,0,0,0,0,0.00,0,0,10.94,2016,0,0,0,0,0,0,0,0,0,0,0,0,0,0,0,0,0,0,0,0,0,0,0,0,0,0,0,0,0,0,0,0,0,0,0,0,0,0,0,0,0,0,0,0,0,0,0,0,0,0,0,0,0,0,0,0,0,0,0,0,0,0,0,0,0,0,0,0,0,0,0,0,0,0,13,63.73,65.0,70,101,4779,19,0.4,1,37,73,64,13.9,25.5
23700,13.3,25.6,0.000,3.356,42.7,213,13.28,0.00,0,0,0,0,0.00,0,0,10.94,2016,0,0,0,0,0,0,0,0,0,0,0,0,0,0,0,0,0,0,0,0,0,0,0,0,0,0,0,0,0,0,0,0,0,0,0,0,0,0,0,0,0,0,0,0,0,0,0,0,0,0,0,0,0,0,0,0,0,0,0,0,0,0,0,0,0,0,0,0,0,0,0,0,0,0,13,63.73,65.0,70,101,4779,19,0.4,1,37,73,64,13.9,25.5
23800,13.3,25.6,0.000,3.342,42.7,212,12.89,0.00,0,0,0,0,0.00,0,0,10.94,2016,0,0,0,0,0,0,0,0,0,0,0,0,0,0,0,0,0,0,0,0,0,0,0,0,0,0,0,0,0,0,0,0,0,0,0,0,0,0,0,0,0,0,0,0,0,0,0,0,0,0,0,0,0,0,0,0,0,0,0,0,0,0,0,0,0,0,0,0,0,0,0,0,0,0,13,63.73,65.0,70,101,4733,19,0.4,1,37,73,62,13.9,25.5
23900,13.3,25.6,0.000,3.370,43.1,212,12.89,0.00,0,0,0,0,0.00,0,0,10.94,2016,0,0,0,0,0,0,0,0,0,0,0,0,0,0,0,0,0,0,0,0,0,0,0,0,0,0,0,0,0,0,0,0,0,0,0,0,0,0,0,0,0,0,0,0,0,0,0,0,0,0,0,0,0,0,0,0,0,0,0,0,0,0,0,0,0,0,0,0,0,0,0,0,0,0,14,68.63,65.0,70,101,4679,19,0.4,1,37,73,60,13.9,25.5
24000,13.3,25.6,0.000,3.370,43.1,212,12.89,0.00,0,0,0,0,0.00,0,0,10.94,2016,0,0,0,0,0,0,0,0,0,0,0,0,0,0,0,0,0,0,0,0,0,0,0,0,0,0,0,0,0,0,0,0,0,0,0,0,0,0,0,0,0,0,0,0,0,0,0,0,0,0,0,0,0,0,0,0,0,0,0,0,0,0,0,0,0,0,0,0,0,0,0,0,0,0,13,63.73,65.0,70,101,4604,19,0.4,1,37,73,58,13.9,25.5
24100,13.3,25.6,0.000,3.370,43.1,212,12.89,0.00,0,0,0,0,0.00,0,0,10.94,2016,0,0,0,0,0,0,0,0,0,0,0,0,0,0,0,0,0,0,0,0,0,0,0,0,0,0,0,0,0,0,0,0,0,0,0,0,0,0,0,0,0,0,0,0,0,0,0,0,0,0,0,0,0,0,0,0,0,0,0,0,0,0,0,0,0,0,0,0,0,0,0,0,0,0,13,63.73,65.0,70,101,4581,18,0.4,1,37,73,56,13.9,25.5
24200,13.3,25.6,0.000,3.342,43.1,211,12.50,0.00,0,0,0,0,0.00,0,0,10.94,2016,0,0,0,0,0,0,0,0,0,0,0,0,0,0,0,0,0,0,0,0,0,0,0,0,0,0,0,0,0,0,0,0,0,0,0,0,0,0,0,0,0,0,0,0,0,0,0,0,0,0,0,0,0,0,0,0,0,0,0,0,0,0,0,0,0,0,0,0,0,0,0,0,0,0,13,63.73,65.0,70,101,4581,18,0.4,1,37,73,56,13.9,25.5
24300,13.3,25.6,0.000,3.342,43.1,211,12.50,0.00,0,0,0,0,0.00,0,0,10.94,2016,0,0,0,0,0,0,0,0,0,0,0,0,0,0,0,0,0,0,0,0,0,0,0,0,0,0,0,0,0,0,0,0,0,0,0,0,0,0,0,0,0,0,0,0,0,0,0,0,0,0,0,0,0,0,0,0,0,0,0,0,0,0,0,0,0,0,0,0,0,0,0,0,0,0,14,68.63,65.2,62,101,4510,18,0.4,1,37,73,55,13.9,25.5
24400,13.3,25.6,0.000,3.342,43.1,211,12.50,0.00,0,0,0,0,0.00,0,0,10.94,2016,0,0,0,0,0,0,0,0,0,0,0,0,0,0,0,0,0,0,0,0,0,0,0,0,0,0,0,0,0,0,0,0,0,0,0,0,0,0,0,0,0,0,0,0,0,0,0,0,0,0,0,0,0,0,0,0,0,0,0,0,0,0,0,0,0,0,0,0,0,0,0,0,0,0,13,63.73,65.2,62,101,4476,18,0.4,1,37,73,54,13.9,25.5
24500,13.3,25.6,0.000,3.328,43.1,210,12.11,0.00,0,0,0,0,0.00,0,0,10.94,2016,0,0,0,0,0,0,0,0,0,0,0,0,0,0,0,0,0,0,0,0,0,0,0,0,0,0,0,0,0,0,0,0,0,0,0,0,0,0,0,0,0,0,0,0,0,0,0,0,0,0,0,0,0,0,0,0,0,0,0,0,0,0,0,0,0,0,0,0,0,0,0,0,0,0,13,63.73,65.2,62,101,4442,18,0.4,1,37,74,53,13.9,25.5
24600,13.3,25.6,0.000,3.328,43.1,210,12.11,0.00,0,0,0,0,0.00,0,0,10.94,2016,0,0,0,0,0,0,0,0,0,0,0,0,0,0,0,0,0,0,0,0,0,0,0,0,0,0,0,0,0,0,0,0,0,0,0,0,0,0,0,0,0,0,0,0,0,0,0,0,0,0,0,0,0,0,0,0,0,0,0,0,0,0,0,0,0,0,0,0,0,0,0,0,0,0,13,63.73,65.2,62,101,4442,18,0.4,1,37,74,53,13.9,25.5
24700,13.3,25.6,0.000,3.370,43.1,211,12.11,0.00,0,0,0,0,0.00,0,0,10.94,2016,0,0,0,0,0,0,0,0,0,0,0,0,0,0,0,0,0,0,0,0,0,0,0,0,0,0,0,0,0,0,0,0,0,0,0,0,0,0,0,0,0,0,0,0,0,0,0,0,0,0,0,0,0,0,0,0,0,0,0,0,0,0,0,0,0,0,0,0,0,0,0,0,0,0,13,63.73,65.2,62,101,4365,19,0.4,1,37,74,50,13.9,25.5
24800,13.3,25.6,0.000,3.356,43.5,210,12.11,0.00,0,0,0,0,0.00,0,0,10.94,2016,0,0,0,0,0,0,0,0,0,0,0,0,0,0,0,0,0,0,0,0,0,0,0,0,0,0,0,0,0,0,0,0,0,0,0,0,0,0,0,0,0,0,0,0,0,0,0,0,0,0,0,0,0,0,0,0,0,0,0,0,0,0,0,0,0,0,0,0,0,0,0,0,0,0,13,63.73,65.2,62,101,4365,19,0.4,1,37,74,50,13.9,25.5
24900,13.3,25.6,0.000,3.356,43.5,210,11.72,0.00,0,0,0,0,0.00,0,0,10.94,2016,0,0,0,0,0,0,0,0,0,0,0,0,0,0,0,0,0,0,0,0,0,0,0,0,0,0,0,0,0,0,0,0,0,0,0,0,0,0,0,0,0,0,0,0,0,0,0,0,0,0,0,0,0,0,0,0,0,0,0,0,0,0,0,0,0,0,0,0,0,0,0,0,0,0,13,63.73,65.2,62,101,4327,19,0.4,1,37,74,48,13.9,25.5
25000,13.3,25.6,0.000,3.342,43.5,209,11.72,0.00,0,0,0,0,0.00,0,0,10.94,2016,0,0,0,0,0,0,0,0,0,0,0,0,0,0,0,0,0,0,0,0,0,0,0,0,0,0,0,0,0,0,0,0,0,0,0,0,0,0,0,0,0,0,0,0,0,0,0,0,0,0,0,0,0,0,0,0,0,0,0,0,0,0,0,0,0,0,0,0,0,0,0,0,0,0,13,63.73,65.2,62,101,4294,18,0.4,1,37,74,46,13.9,25.5
25100,13.3,25.6,0.000,3.342,43.5,209,11.72,0.00,0,0,0,0,0.00,0,0,10.94,2016,0,0,0,0,0,0,0,0,0,0,0,0,0,0,0,0,0,0,0,0,0,0,0,0,0,0,0,0,0,0,0,0,0,0,0,0,0,0,0,0,0,0,0,0,0,0,0,0,0,0,0,0,0,0,0,0,0,0,0,0,0,0,0,0,0,0,0,0,0,0,0,0,0,0,13,63.73,65.2,62,101,4294,18,0.4,1,37,74,44,13.9,25.5
25200,13.3,25.6,0.000,3.342,43.5,209,11.72,0.00,0,0,0,0,0.00,0,0,10.94,2016,0,0,0,0,0,0,0,0,0,0,0,0,0,0,0,0,0,0,0,0,0,0,0,0,0,0,0,0,0,0,0,0,0,0,0,0,0,0,0,0,0,0,0,0,0,0,0,0,0,0,0,0,0,0,0,0,0,0,0,0,0,0,0,0,0,0,0,0,0,0,0,0,0,0,13,63.73,65.2,62,101,4193,18,0.4,1,37,74,44,13.9,25.5
25300,13.3,25.6,0.000,3.342,43.5,209,11.72,0.00,0,0,0,0,0.00,0,0,10.94,2016,0,0,0,0,0,0,0,0,0,0,0,0,0,0,0,0,0,0,0,0,0,0,0,0,0,0,0,0,0,0,0,0,0,0,0,0,0,0,0,0,0,0,0,0,0,0,0,0,0,0,0,0,0,0,0,0,0,0,0,0,0,0,0,0,0,0,0,0,0,0,0,0,0,0,13,63.73,65.0,51,101,4193,18,0.4,1,37,74,44,13.9,25.5
25400,13.3,25.6,0.000,3.325,43.5,208,11.33,0.00,0,0,0,0,0.00,0,0,10.94,2016,0,0,0,0,0,0,0,0,0,0,0,0,0,0,0,0,0,0,0,0,0,0,0,0,0,0,0,0,0,0,0,0,0,0,0,0,0,0,0,0,0,0,0,0,0,0,0,0,0,0,0,0,0,0,0,0,0,0,0,0,0,0,0,0,0,0,0,0,0,0,0,0,0,0,13,63.73,65.0,51,101,4150,18,0.4,1,37,74,42,13.9,25.5
25500,13.3,25.6,0.000,3.356,43.9,208,11.33,0.00,0,0,0,0,0.00,0,0,10.94,2016,0,0,0,0,0,0,0,0,0,0,0,0,0,0,0,0,0,0,0,0,0,0,0,0,0,0,0,0,0,0,0,0,0,0,0,0,0,0,0,0,0,0,0,0,0,0,0,0,0,0,0,0,0,0,0,0,0,0,0,0,0,0,0,0,0,0,0,0,0,0,0,0,0,0,13,63.73,65.0,51,101,4091,18,0.4,1,37,74,41,13.9,25.5
25600,13.3,25.6,0.000,3.356,43.9,207,10.94,0.00,0,0,0,0,0.00,0,0,10.94,2016,0,0,0,0,0,0,0,0,0,0,0,0,0,0,0,0,0,0,0,0,0,0,0,0,0,0,0,0,0,0,0,0,0,0,0,0,0,0,0,0,0,0,0,0,0,0,0,0,0,0,0,0,0,0,0,0,0,0,0,0,0,0,0,0,0,0,0,0,0,0,0,0,0,0,12,58.82,65.0,51,101,4040,18,0.4,1,37,74,40,13.9,25.5
25700,13.3,25.6,0.000,3.338,43.9,207,10.94,0.00,0,0,0,0,0.00,0,0,10.94,2016,0,0,0,0,0,0,0,0,0,0,0,0,0,0,0,0,0,0,0,0,0,0,0,0,0,0,0,0,0,0,0,0,0,0,0,0,0,0,0,0,0,0,0,0,0,0,0,0,0,0,0,0,0,0,0,0,0,0,0,0,0,0,0,0,0,0,0,0,0,0,0,0,0,0,12,58.82,65.0,51,101,4040,18,0.4,1,37,74,40,13.9,25.5
25800,13.3,25.6,0.000,3.338,43.9,207,10.94,0.00,0,0,0,0,0.00,0,0,10.94,2016,0,0,0,0,0,0,0,0,0,0,0,0,0,0,0,0,0,0,0,0,0,0,0,0,0,0,0,0,0,0,0,0,0,0,0,0,0,0,0,0,0,0,0,0,0,0,0,0,0,0,0,0,0,0,0,0,0,0,0,0,0,0,0,0,0,0,0,0,0,0,0,0,0,0,13,63.73,65.0,51,101,3934,18,0.4,1,37,74,36,13.9,25.5
25900,13.3,25.6,0.000,3.338,43.9,207,10.55,0.00,0,0,0,0,0.00,0,0,10.94,2016,0,0,0,0,0,0,0,0,0,0,0,0,0,0,0,0,0,0,0,0,0,0,0,0,0,0,0,0,0,0,0,0,0,0,0,0,0,0,0,0,0,0,0,0,0,0,0,0,0,0,0,0,0,0,0,0,0,0,0,0,0,0,0,0,0,0,0,0,0,0,0,0,0,0,13,63.73,65.0,51,101,3905,18,0.4,1,37,74,37,13.9,25.5
26000,13.3,25.6,0.000,3.338,43.9,207,10.55,0.00,0,0,0,0,0.00,0,0,10.94,2016,0,0,0,0,0,0,0,0,0,0,0,0,0,0,0,0,0,0,0,0,0,0,0,0,0,0,0,0,0,0,0,0,0,0,0,0,0,0,0,0,0,0,0,0,0,0,0,0,0,0,0,0,0,0,0,0,0,0,0,0,0,0,0,0,0,0,0,0,0,0,0,0,0,0,13,63.73,65.0,51,101,3905,18,0.4,1,37,74,37,13.9,25.5
26100,13.3,25.6,0.000,3.366,44.3,207,10.55,0.00,0,0,0,0,0.00,0,0,10.94,2016,0,0,0,0,0,0,0,0,0,0,0,0,0,0,0,0,0,0,0,0,0,0,0,0,0,0,0,0,0,0,0,0,0,0,0,0,0,0,0,0,0,0,0,0,0,0,0,0,0,0,0,0,0,0,0,0,0,0,0,0,0,0,0,0,0,0,0,0,0,0,0,0,0,0,13,63.73,65.0,51,101,3855,18,0.4,1,37,74,35,13.9,25.5
26200,13.3,25.6,0.000,3.352,44.3,207,10.55,0.00,0,0,0,0,0.00,0,0,10.94,2016,0,0,0,0,0,0,0,0,0,0,0,0,0,0,0,0,0,0,0,0,0,0,0,0,0,0,0,0,0,0,0,0,0,0,0,0,0,0,0,0,0,0,0,0,0,0,0,0,0,0,0,0,0,0,0,0,0,0,0,0,0,0,0,0,0,0,0,0,0,0,0,0,0,0,12,58.82,65.0,51,101,3789,17,0.4,1,37,74,34,13.9,25.5
26300,13.3,25.6,0.000,3.338,44.3,206,10.16,0.00,0,0,0,0,0.00,0,0,10.94,2016,0,0,0,0,0,0,0,0,0,0,0,0,0,0,0,0,0,0,0,0,0,0,0,0,0,0,0,0,0,0,0,0,0,0,0,0,0,0,0,0,0,0,0,0,0,0,0,0,0,0,0,0,0,0,0,0,0,0,0,0,0,0,0,0,0,0,0,0,0,0,0,0,0,0,14,68.63,65.0,40,101,3725,17,0.4,1,37,74,33,13.9,25.5
26400,13.3,25.6,0.000,3.338,44.3,206,10.16,0.00,0,0,0,0,0.00,0,0,10.94,2016,0,0,0,0,0,0,0,0,0,0,0,0,0,0,0,0,0,0,0,0,0,0,0,0,0,0,0,0,0,0,0,0,0,0,0,0,0,0,0,0,0,0,0,0,0,0,0,0,0,0,0,0,0,0,0,0,0,0,0,0,0,0,0,0,0,0,0,0,0,0,0,0,0,0,13,63.73,65.0,40,101,3715,17,0.4,1,37,74,31,13.9,25.5
26500,13.3,25.6,0.000,3.338,44.3,206,10.16,0.00,0,0,0,0,0.00,0,0,10.94,2016,0,0,0,0,0,0,0,0,0,0,0,0,0,0,0,0,0,0,0,0,0,0,0,0,0,0,0,0,0,0,0,0,0,0,0,0,0,0,0,0,0,0,0,0,0,0,0,0,0,0,0,0,0,0,0,0,0,0,0,0,0,0,0,0,0,0,0,0,0,0,0,0,0,0,13,63.73,65.0,40,101,3715,17,0.4,1,37,74,31,13.9,25.5
26600,13.3,25.6,0.000,3.366,44.7,206,9.77,0.00,0,0,0,0,0.00,0,0,10.94,2016,0,0,0,0,0,0,0,0,0,0,0,0,0,0,0,0,0,0,0,0,0,0,0,0,0,0,0,0,0,0,0,0,0,0,0,0,0,0,0,0,0,0,0,0,0,0,0,0,0,0,0,0,0,0,0,0,0,0,0,0,0,0,0,0,0,0,0,0,0,0,0,0,0,0,13,63.73,65.0,40,101,3604,18,0.4,1,37,74,29,13.9,25.5
26700,13.3,25.6,0.000,3.366,44.7,206,9.77,0.00,0,0,0,0,0.00,0,0,10.94,2016,0,0,0,0,0,0,0,0,0,0,0,0,0,0,0,0,0,0,0,0,0,0,0,0,0,0,0,0,0,0,0,0,0,0,0,0,0,0,0,0,0,0,0,0,0,0,0,0,0,0,0,0,0,0,0,0,0,0,0,0,0,0,0,0,0,0,0,0,0,0,0,0,0,0,13,63.73,65.0,40,101,3604,18,0.4,1,37,74,29,13.9,25.5
26800,13.3,25.6,0.000,3.366,44.7,206,9.77,0.00,0,0,0,0,0.00,0,0,10.94,2016,0,0,0,0,0,0,0,0,0,0,0,0,0,0,0,0,0,0,0,0,0,0,0,0,0,0,0,0,0,0,0,0,0,0,0,0,0,0,0,0,0,0,0,0,0,0,0,0,0,0,0,0,0,0,0,0,0,0,0,0,0,0,0,0,0,0,0,0,0,0,0,0,0,0,13,63.73,65.0,40,101,3501,6,0.4,1,37,74,28,13.9,25.5
26900,13.3,25.6,0.000,3.321,45.1,206,9.38,0.00,0,0,0,0,0.00,0,0,10.94,2016,0,0,0,0,0,0,0,0,0,0,0,0,0,0,0,0,0,0,0,0,0,0,0,0,0,0,0,0,0,0,0,0,0,0,0,0,0,0,0,0,0,0,0,0,0,0,0,0,0,0,0,0,0,0,0,0,0,0,0,0,0,0,0,0,0,0,0,0,0,0,0,0,0,0,13,63.73,65.0,40,101,3501,6,0.4,1,37,74,28,13.9,25.5
27000,13.3,25.6,0.000,3.321,45.1,206,9.38,0.00,0,0,0,0,0.00,0,0,10.94,2016,0,0,0,0,0,0,0,0,0,0,0,0,0,0,0,0,0,0,0,0,0,0,0,0,0,0,0,0,0,0,0,0,0,0,0,0,0,0,0,0,0,0,0,0,0,0,0,0,0,0,0,0,0,0,0,0,0,0,0,0,0,0,0,0,0,0,0,0,0,0,0,0,0,0,13,63.73,65.0,40,101,3472,6,0.4,1,37,74,27,13.9,25.5
27100,13.3,25.6,0.000,3.349,45.1,206,9.38,0.00,0,0,0,0,0.00,0,0,10.94,2016,0,0,0,0,0,0,0,0,0,0,0,0,0,0,0,0,0,0,0,0,0,0,0,0,0,0,0,0,0,0,0,0,0,0,0,0,0,0,0,0,0,0,0,0,0,0,0,0,0,0,0,0,0,0,0,0,0,0,0,0,0,0,0,0,0,0,0,0,0,0,0,0,0,0,14,68.63,65.0,40,101,3436,6,0.4,1,37,74,26,13.9,25.5
27200,13.3,25.6,0.000,3.349,45.1,206,9.38,0.00,0,0,0,0,0.00,0,0,10.94,2016,0,0,0,0,0,0,0,0,0,0,0,0,0,0,0,0,0,0,0,0,0,0,0,0,0,0,0,0,0,0,0,0,0,0,0,0,0,0,0,0,0,0,0,0,0,0,0,0,0,0,0,0,0,0,0,0,0,0,0,0,0,0,0,0,0,0,0,0,0,0,0,0,0,0,14,68.63,65.0,40,101,3436,6,0.4,1,37,74,26,13.9,25.5
27300,13.3,25.6,0.000,3.390,45.1,207,9.38,0.00,0,0,0,0,0.00,0,0,10.94,2016,0,0,0,0,0,0,0,0,0,0,0,0,0,0,0,0,0,0,0,0,0,0,0,0,0,0,0,0,0,0,0,0,0,0,0,0,0,0,0,0,0,0,0,0,0,0,0,0,0,0,0,0,0,0,0,0,0,0,0,0,0,0,0,0,0,0,0,0,0,0,0,0,0,0,13,63.73,64.9,31,101,3353,5,0.4,1,37,74,24,13.9,25.5
27400,13.3,25.6,0.000,3.390,45.1,207,9.38,0.00,0,0,0,0,0.00,0,0,10.94,2016,0,0,0,0,0,0,0,0,0,0,0,0,0,0,0,0,0,0,0,0,0,0,0,0,0,0,0,0,0,0,0,0,0,0,0,0,0,0,0,0,0,0,0,0,0,0,0,0,0,0,0,0,0,0,0,0,0,0,0,0,0,0,0,0,0,0,0,0,0,0,0,0,0,0,13,63.73,64.9,31,101,3353,5,0.4,1,37,74,24,13.9,25.5
27500,13.3,25.6,0.000,3.390,45.5,207,8.98,0.00,0,0,0,0,0.00,0,0,10.94,2016,0,0,0,0,0,0,0,0,0,0,0,0,0,0,0,0,0,0,0,0,0,0,0,0,0,0,0,0,0,0,0,0,0,0,0,0,0,0,0,0,0,0,0,0,0,0,0,0,0,0,0,0,0,0,0,0,0,0,0,0,0,0,0,0,0,0,0,0,0,0,0,0,0,0,12,58.82,64.9,31,101,3306,5,0.4,1,37,74,23,13.9,25.5
27600,13.3,25.6,0.000,3.390,45.5,207,8.98,0.00,0,0,0,0,0.00,0,0,10.94,2016,0,0,0,0,0,0,0,0,0,0,0,0,0,0,0,0,0,0,0,0,0,0,0,0,0,0,0,0,0,0,0,0,0,0,0,0,0,0,0,0,0,0,0,0,0,0,0,0,0,0,0,0,0,0,0,0,0,0,0,0,0,0,0,0,0,0,0,0,0,0,0,0,0,0,12,58.82,64.9,31,101,3306,5,0.4,1,37,74,23,13.9,25.5
27700,13.3,25.6,0.000,3.418,45.5,207,8.98,0.00,0,0,0,0,0.00,0,0,10.94,2016,0,0,0,0,0,0,0,0,0,0,0,0,0,0,0,0,0,0,0,0,0,0,0,0,0,0,0,0,0,0,0,0,0,0,0,0,0,0,0,0,0,0,0,0,0,0,0,0,0,0,0,0,0,0,0,0,0,0,0,0,0,0,0,0,0,0,0,0,0,0,0,0,0,0,13,63.73,64.9,31,101,3193,5,0.4,1,37,74,22,13.9,25.5
27800,13.3,25.6,0.000,3.390,45.9,207,8.59,0.00,0,0,0,0,0.00,0,0,10.94,2016,0,0,0,0,0,0,0,0,0,0,0,0,0,0,0,0,0,0,0,0,0,0,0,0,0,0,0,0,0,0,0,0,0,0,0,0,0,0,0,0,0,0,0,0,0,0,0,0,0,0,0,0,0,0,0,0,0,0,0,0,0,0,0,0,0,0,0,0,0,0,0,0,0,0,13,63.73,64.9,31,101,3167,5,0.4,1,37,74,21,13.9,25.5
27900,13.3,25.6,0.000,3.390,45.9,207,8.59,0.00,0,0,0,0,0.00,0,0,10.94,2016,0,0,0,0,0,0,0,0,0,0,0,0,0,0,0,0,0,0,0,0,0,0,0,0,0,0,0,0,0,0,0,0,0,0,0,0,0,0,0,0,0,0,0,0,0,0,0,0,0,0,0,0,0,0,0,0,0,0,0,0,0,0,0,0,0,0,0,0,0,0,0,0,0,0,13,63.73,64.9,31,101,3167,5,0.4,1,37,74,21,13.9,25.5
28000,13.3,25.6,0.000,3.442,45.9,207,8.59,0.00,0,0,0,0,0.00,0,0,10.94,2016,0,0,0,0,0,0,0,0,0,0,0,0,0,0,0,0,0,0,0,0,0,0,0,0,0,0,0,0,0,0,0,0,0,0,0,0,0,0,0,0,0,0,0,0,0,0,0,0,0,0,0,0,0,0,0,0,0,0,0,0,0,0,0,0,0,0,0,0,0,0,0,0,0,0,13,63.73,64.9,31,101,3032,5,0.4,1,37,74,22,13.9,25.5
28100,13.3,25.6,0.000,3.494,45.9,208,8.20,0.00,0,0,0,0,0.00,0,0,10.94,2016,0,0,0,0,0,0,0,0,0,0,0,0,0,0,0,0,0,0,0,0,0,0,0,0,0,0,0,0,0,0,0,0,0,0,0,0,0,0,0,0,0,0,0,0,0,0,0,0,0,0,0,0,0,0,0,0,0,0,0,0,0,0,0,0,0,0,0,0,0,0,0,0,0,0,13,63.73,64.9,31,101,2830,5,0.4,1,37,75,21,14.0,25.5
28200,13.3,25.6,0.000,3.539,46.6,209,7.42,0.00,0,0,0,0,0.00,0,0,10.94,2016,0,0,0,0,0,0,0,0,0,0,0,0,0,0,0,0,0,0,0,0,0,0,0,0,0,0,0,0,0,0,0,0,0,0,0,0,0,0,0,0,0,0,0,0,0,0,0,0,0,0,0,0,0,0,0,0,0,0,0,0,0,0,0,0,0,0,0,0,0,0,0,0,0,0,13,63.73,64.9,31,101,2638,5,0.4,1,37,75,20,13.9,25.5
28300,13.3,25.6,0.000,3.629,46.6,212,7.42,0.00,0,0,0,0,0.00,0,0,10.94,2000,0,0,0,0,0,0,0,0,0,0,0,0,0,0,0,0,0,0,0,0,0,0,0,0,0,0,0,0,0,0,0,0,0,0,0,0,0,0,0,0,0,0,0,0,0,0,0,0,0,0,0,0,0,0,0,0,0,0,0,0,0,0,0,0,0,0,0,0,0,0,0,0,0,0,13,63.73,64.9,23,101,2463,4,0.4,1,37,75,19,13.9,25.5
28400,13.3,25.6,0.000,3.674,47.0,213,6.64,0.00,0,0,0,0,0.00,0,0,10.94,1920,0,0,0,0,0,0,0,0,0,0,0,0,0,0,0,0,0,0,0,0,0,0,0,0,0,0,0,0,0,0,0,0,0,0,0,0,0,0,0,0,0,0,0,0,0,0,0,0,0,0,0,0,0,0,0,0,0,0,0,0,0,0,0,0,0,0,0,0,0,0,0,0,0,0,13,63.73,64.9,23,101,2273,-1,0.4,1,37,75,19,13.9,25.5
28500,13.3,25.6,0.000,3.674,47.0,213,6.64,0.00,0,0,0,0,0.00,0,0,10.94,1920,0,0,0,0,0,0,0,0,0,0,0,0,0,0,0,0,0,0,0,0,0,0,0,0,0,0,0,0,0,0,0,0,0,0,0,0,0,0,0,0,0,0,0,0,0,0,0,0,0,0,0,0,0,0,0,0,0,0,0,0,0,0,0,0,0,0,0,0,0,0,0,0,0,0,13,63.73,64.9,23,101,2098,1,0.4,1,37,75,19,13.9,25.5
28600,13.3,25.6,0.000,3.826,47.4,218,6.25,0.00,0,0,0,0,0.00,0,0,10.94,1792,0,0,0,0,0,0,0,0,0,0,0,0,0,0,0,0,0,0,0,0,0,0,0,0,0,0,0,0,0,0,0,0,0,0,0,0,0,0,0,0,0,0,0,0,0,0,0,0,0,0,0,0,0,0,0,0,0,0,0,0,0,0,0,0,0,0,0,0,0,0,0,0,0,0,13,63.73,64.9,23,101,1961,3,0.4,1,37,75,18,13.9,25.5
28700,13.3,25.6,0.000,3.826,47.4,218,6.25,0.00,0,0,0,0,0.00,0,0,10.94,1792,0,0,0,0,0,0,0,0,0,0,0,0,0,0,0,0,0,0,0,0,0,0,0,0,0,0,0,0,0,0,0,0,0,0,0,0,0,0,0,0,0,0,0,0,0,0,0,0,0,0,0,0,0,0,0,0,0,0,0,0,0,0,0,0,0,0,0,0,0,0,0,0,0,0,13,63.73,64.9,23,101,1961,3,0.4,1,37,75,18,13.9,25.5
28800,13.3,25.6,0.000,3.826,47.4,218,5.86,0.00,0,0,0,0,0.00,0,0,10.94,1728,0,0,0,0,0,0,0,0,0,0,0,0,0,0,0,0,0,0,0,0,0,0,0,0,0,0,0,0,0,0,0,0,0,0,0,0,0,0,0,0,0,0,0,0,0,0,0,0,0,0,0,0,0,0,0,0,0,0,0,0,0,0,0,0,0,0,0,0,0,0,0,0,0,0,13,63.73,64.9,23,101,1841,3,0.4,1,37,75,17,13.9,25.5
28900,13.3,25.6,0.000,3.812,47.4,218,5.47,0.00,0,0,0,0,0.00,0,0,10.94,1728,0,0,0,0,0,0,0,0,0,0,0,0,0,0,0,0,0,0,0,0,0,0,0,0,0,0,0,0,0,0,0,0,0,0,0,0,0,0,0,0,0,0,0,0,0,0,0,0,0,0,0,0,0,0,0,0,0,0,0,0,0,0,0,0,0,0,0,0,0,0,0,0,0,0,13,63.73,64.9,23,101,1804,4,0.4,1,37,75,18,14.0,25.5
29000,13.3,25.6,0.000,3.812,47.4,218,5.47,0.00,0,0,0,0,0.00,0,0,10.94,1728,0,0,0,0,0,0,0,0,0,0,0,0,0,0,0,0,0,0,0,0,0,0,0,0,0,0,0,0,0,0,0,0,0,0,0,0,0,0,0,0,0,0,0,0,0,0,0,0,0,0,0,0,0,0,0,0,0,0,0,0,0,0,0,0,0,0,0,0,0,0,0,0,0,0,13,63.73,64.9,23,101,1804,4,0.4,1,37,75,18,14.0,25.5
29100,13.3,25.6,0.000,3.812,47.8,218,5.47,0.00,0,0,0,0,0.00,0,0,10.94,1728,0,0,0,0,0,0,0,0,0,0,0,0,0,0,0,0,0,0,0,0,0,0,0,0,0,0,0,0,0,0,0,0,0,0,0,0,0,0,0,0,0,0,0,0,0,0,0,0,0,0,0,0,0,0,0,0,0,0,0,0,0,0,0,0,0,0,0,0,0,0,0,0,0,0,13,63.73,64.9,23,101,1814,4,0.4,1,37,75,17,14.0,25.5
29200,13.3,25.6,0.000,3.812,47.8,218,5.47,0.00,0,0,0,0,0.00,0,0,10.94,1728,0,0,0,0,0,0,0,0,0,0,0,0,0,0,0,0,0,0,0,0,0,0,0,0,0,0,0,0,0,0,0,0,0,0,0,0,0,0,0,0,0,0,0,0,0,0,0,0,0,0,0,0,0,0,0,0,0,0,0,0,0,0,0,0,0,0,0,0,0,0,0,0,0,0,13,63.73,64.9,23,101,1814,4,0.4,1,37,75,17,14.0,25.5
29300,13.3,25.6,0.000,3.812,47.4,218,5.47,0.00,0,0,0,0,0.00,0,0,10.94,1728,0,0,0,0,0,0,0,0,0,0,0,0,0,0,0,0,0,0,0,0,0,0,0,0,0,0,0,0,0,0,0,0,0,0,0,0,0,0,0,0,0,0,0,0,0,0,0,0,0,0,0,0,0,0,0,0,0,0,0,0,0,0,0,0,0,0,0,0,0,0,0,0,0,0,14,68.63,64.8,19,101,1861,3,0.4,1,37,75,17,14.0,25.5
29400,13.3,25.6,0.000,3.812,47.4,218,5.47,0.00,0,0,0,0,0.00,0,0,10.94,1728,0,0,0,0,0,0,0,0,0,0,0,0,0,0,0,0,0,0,0,0,0,0,0,0,0,0,0,0,0,0,0,0,0,0,0,0,0,0,0,0,0,0,0,0,0,0,0,0,0,0,0,0,0,0,0,0,0,0,0,0,0,0,0,0,0,0,0,0,0,0,0,0,0,0,13,63.73,64.8,19,101,1835,4,0.4,1,37,75,16,14.0,25.5
29500,13.3,25.6,0.000,3.812,47.4,218,5.47,0.00,0,0,0,0,0.00,0,0,10.94,1728,0,0,0,0,0,0,0,0,0,0,0,0,0,0,0,0,0,0,0,0,0,0,0,0,0,0,0,0,0,0,0,0,0,0,0,0,0,0,0,0,0,0,0,0,0,0,0,0,0,0,0,0,0,0,0,0,0,0,0,0,0,0,0,0,0,0,0,0,0,0,0,0,0,0,14,68.63,64.8,19,101,1801,4,0.0,0,37,75,16,14.0,25.5
29600,13.3,25.6,0.000,3.781,47.4,218,5.47,0.00,0,0,0,0,0.00,0,0,10.94,1728,0,0,0,0,0,0,0,0,0,0,0,0,0,0,0,0,0,0,0,0,0,0,0,0,0,0,0,0,0,0,0,0,0,0,0,0,0,0,0,0,0,0,0,0,0,0,0,0,0,0,0,0,0,0,0,0,0,0,0,0,0,0,0,0,0,0,0,0,0,0,0,0,0,0,13,63.73,64.8,19,101,1808,3,0.0,0,37,75,16,14.0,25.5
29700,13.3,25.6,0.000,3.781,47.4,218,5.47,0.00,0,0,0,0,0.00,0,0,10.94,1728,0,0,0,0,0,0,0,0,0,0,0,0,0,0,0,0,0,0,0,0,0,0,0,0,0,0,0,0,0,0,0,0,0,0,0,0,0,0,0,0,0,0,0,0,0,0,0,0,0,0,0,0,0,0,0,0,0,0,0,0,0,0,0,0,0,0,0,0,0,0,0,0,0,0,13,63.73,64.8,19,101,1808,3,0.0,0,37,75,16,14.0,25.5
29800,13.3,25.6,0.000,3.795,47.4,219,5.47,0.00,0,0,0,0,0.00,0,0,10.94,1728,0,0,0,0,0,0,0,0,0,0,0,0,0,0,0,0,0,0,0,0,0,0,0,0,0,0,0,0,0,0,0,0,0,0,0,0,0,0,0,0,0,0,0,0,0,0,0,0,0,0,0,0,0,0,0,0,0,0,0,0,0,0,0,0,0,0,0,0,0,0,0,0,0,0,14,68.63,64.8,19,101,1811,4,0.0,0,37,75,15,14.0,25.5
29900,13.3,25.6,0.000,3.795,47.4,219,5.47,0.00,0,0,0,0,0.00,0,0,10.94,1728,0,0,0,0,0,0,0,0,0,0,0,0,0,0,0,0,0,0,0,0,0,0,0,0,0,0,0,0,0,0,0,0,0,0,0,0,0,0,0,0,0,0,0,0,0,0,0,0,0,0,0,0,0,0,0,0,0,0,0,0,0,0,0,0,0,0,0,0,0,0,0,0,0,0,14,68.63,64.8,19,101,1811,4,0.0,0,37,75,15,14.0,25.5
30000,13.3,25.6,0.000,3.795,47.4,219,5.47,0.00,0,0,0,0,0.00,0,0,10.94,1728,0,0,0,0,0,0,0,0,0,0,0,0,0,0,0,0,0,0,0,0,0,0,0,0,0,0,0,0,0,0,0,0,0,0,0,0,0,0,0,0,0,0,0,0,0,0,0,0,0,0,0,0,0,0,0,0,0,0,0,0,0,0,0,0,0,0,0,0,0,0,0,0,0,0,13,63.73,64.8,19,101,1820,4,0.0,0,37,75,15,14.0,25.5
30100,13.3,25.6,0.000,3.795,47.4,219,5.47,0.00,0,0,0,0,0.00,0,0,10.94,1728,0,0,0,0,0,0,0,0,0,0,0,0,0,0,0,0,0,0,0,0,0,0,0,0,0,0,0,0,0,0,0,0,0,0,0,0,0,0,0,0,0,0,0,0,0,0,0,0,0,0,0,0,0,0,0,0,0,0,0,0,0,0,0,0,0,0,0,0,0,0,0,0,0,0,14,68.63,64.8,19,101,1786,4,0.0,0,37,75,15,14.0,25.5
30200,13.3,25.6,0.000,3.795,47.4,219,5.47,0.00,0,0,0,0,0.00,0,0,10.94,1728,0,0,0,0,0,0,0,0,0,0,0,0,0,0,0,0,0,0,0,0,0,0,0,0,0,0,0,0,0,0,0,0,0,0,0,0,0,0,0,0,0,0,0,0,0,0,0,0,0,0,0,0,0,0,0,0,0,0,0,0,0,0,0,0,0,0,0,0,0,0,0,0,0,0,14,68.63,64.8,19,101,1786,4,0.0,0,37,75,15,14.0,25.5
30300,13.3,25.6,0.000,3.795,47.0,219,5.47,0.00,0,0,0,0,0.00,0,0,10.94,1728,0,0,0,0,0,0,0,0,0,0,0,0,0,0,0,0,0,0,0,0,0,0,0,0,0,0,0,0,0,0,0,0,0,0,0,0,0,0,0,0,0,0,0,0,0,0,0,0,0,0,0,0,0,0,0,0,0,0,0,0,0,0,0,0,0,0,0,0,0,0,0,0,0,0,14,68.63,65.1,16,101,1786,4,0.0,0,37,75,15,14.0,25.5
30400,13.3,25.6,0.000,3.781,47.4,218,5.47,0.00,0,0,0,0,0.00,0,0,10.94,1728,0,0,0,0,0,0,0,0,0,0,0,0,0,0,0,0,0,0,0,0,0,0,0,0,0,0,0,0,0,0,0,0,0,0,0,0,0,0,0,0,0,0,0,0,0,0,0,0,0,0,0,0,0,0,0,0,0,0,0,0,0,0,0,0,0,0,0,0,0,0,0,0,0,0,14,68.63,65.1,16,101,1786,4,0.0,0,37,75,15,14.0,25.5
30500,13.3,25.6,0.000,3.795,47.4,219,5.47,0.00,0,0,0,0,0.00,0,0,10.94,1728,0,0,0,0,0,0,0,0,0,0,0,0,0,0,0,0,0,0,0,0,0,0,0,0,0,0,0,0,0,0,0,0,0,0,0,0,0,0,0,0,0,0,0,0,0,0,0,0,0,0,0,0,0,0,0,0,0,0,0,0,0,0,0,0,0,0,0,0,0,0,0,0,0,0,14,68.63,65.1,16,101,1741,5,0.0,0,37,75,14,14.0,25.5
30600,13.3,25.6,0.000,3.795,47.8,219,5.47,0.00,0,0,0,0,0.00,0,0,10.94,1728,0,0,0,0,0,0,0,0,0,0,0,0,0,0,0,0,0,0,0,0,0,0,0,0,0,0,0,0,0,0,0,0,0,0,0,0,0,0,0,0,0,0,0,0,0,0,0,0,0,0,0,0,0,0,0,0,0,0,0,0,0,0,0,0,0,0,0,0,0,0,0,0,0,0,14,68.63,65.1,16,101,1741,5,0.0,0,37,75,14,14.0,25.5
30700,13.3,25.6,0.000,3.795,47.8,219,5.47,0.00,0,0,0,0,0.00,0,0,10.94,1728,0,0,0,0,0,0,0,0,0,0,0,0,0,0,0,0,0,0,0,0,0,0,0,0,0,0,0,0,0,0,0,0,0,0,0,0,0,0,0,0,0,0,0,0,0,0,0,0,0,0,0,0,0,0,0,0,0,0,0,0,0,0,0,0,0,0,0,0,0,0,0,0,0,0,14,68.63,65.1,16,101,1741,5,0.0,0,37,75,14,14.0,25.5
30800,13.3,25.6,0.000,3.795,47.4,219,5.47,0.00,0,0,0,0,0.00,0,0,10.94,1728,0,0,0,0,0,0,0,0,0,0,0,0,0,0,0,0,0,0,0,0,0,0,0,0,0,0,0,0,0,0,0,0,0,0,0,0,0,0,0,0,0,0,0,0,0,0,0,0,0,0,0,0,0,0,0,0,0,0,0,0,0,0,0,0,0,0,0,0,0,0,0,0,0,0,13,63.73,65.1,16,101,1803,4,0.0,0,37,75,13,14.0,25.5
30900,13.3,25.6,0.000,3.795,47.4,219,5.47,0.00,0,0,0,0,0.00,0,0,10.94,1728,0,0,0,0,0,0,0,0,0,0,0,0,0,0,0,0,0,0,0,0,0,0,0,0,0,0,0,0,0,0,0,0,0,0,0,0,0,0,0,0,0,0,0,0,0,0,0,0,0,0,0,0,0,0,0,0,0,0,0,0,0,0,0,0,0,0,0,0,0,0,0,0,0,0,13,63.73,65.1,16,101,1803,4,0.0,0,37,75,13,14.0,25.5
31000,13.3,25.6,0.000,3.795,47.4,219,5.47,0.00,0,0,0,0,0.00,0,0,10.94,1728,0,0,0,0,0,0,0,0,0,0,0,0,0,0,0,0,0,0,0,0,0,0,0,0,0,0,0,0,0,0,0,0,0,0,0,0,0,0,0,0,0,0,0,0,0,0,0,0,0,0,0,0,0,0,0,0,0,0,0,0,0,0,0,0,0,0,0,0,0,0,0,0,0,0,13,63.73,65.1,16,101,1782,4,0.0,0,37,75,13,14.0,25.5
31100,13.3,25.6,0.000,3.809,47.4,219,5.47,0.00,0,0,0,0,0.00,0,0,10.94,1728,0,0,0,0,0,0,0,0,0,0,0,0,0,0,0,0,0,0,0,0,0,0,0,0,0,0,0,0,0,0,0,0,0,0,0,0,0,0,0,0,0,0,0,0,0,0,0,0,0,0,0,0,0,0,0,0,0,0,0,0,0,0,0,0,0,0,0,0,0,0,0,0,0,0,14,68.63,65.1,16,101,1769,4,0.0,0,37,75,13,14.0,25.5
31200,13.3,25.6,0.000,3.809,47.4,219,5.47,0.00,0,0,0,0,0.00,0,0,10.94,1728,0,0,0,0,0,0,0,0,0,0,0,0,0,0,0,0,0,0,0,0,0,0,0,0,0,0,0,0,0,0,0,0,0,0,0,0,0,0,0,0,0,0,0,0,0,0,0,0,0,0,0,0,0,0,0,0,0,0,0,0,0,0,0,0,0,0,0,0,0,0,0,0,0,0,14,68.63,65.1,16,101,1701,8,0.0,0,37,75,12,14.0,25.5
31300,13.3,25.6,0.000,3.795,47.4,219,5.47,0.00,0,0,0,0,0.00,0,0,10.94,1728,0,0,0,0,0,0,0,0,0,0,0,0,0,0,0,0,0,0,0,0,0,0,0,0,0,0,0,0,0,0,0,0,0,0,0,0,0,0,0,0,0,0,0,0,0,0,0,0,0,0,0,0,0,0,0,0,0,0,0,0,0,0,0,0,0,0,0,0,0,0,0,0,0,0,13,63.73,64.9,13,101,1820,5,0.0,0,37,75,12,13.9,25.5
31400,13.3,25.6,0.000,3.795,47.4,219,5.47,0.00,0,0,0,0,0.00,0,0,10.94,1728,0,0,0,0,0,0,0,0,0,0,0,0,0,0,0,0,0,0,0,0,0,0,0,0,0,0,0,0,0,0,0,0,0,0,0,0,0,0,0,0,0,0,0,0,0,0,0,0,0,0,0,0,0,0,0,0,0,0,0,0,0,0,0,0,0,0,0,0,0,0,0,0,0,0,13,63.73,64.9,13,101,1820,5,0.0,0,37,75,12,13.9,25.5
31500,13.3,25.6,0.000,3.795,47.4,218,5.47,0.00,0,0,0,0,0.00,0,0,10.94,1728,0,0,0,0,0,0,0,0,0,0,0,0,0,0,0,0,0,0,0,0,0,0,0,0,0,0,0,0,0,0,0,0,0,0,0,0,0,0,0,0,0,0,0,0,0,0,0,0,0,0,0,0,0,0,0,0,0,0,0,0,0,0,0,0,0,0,0,0,0,0,0,0,0,0,13,63.73,64.9,13,101,1817,4,0.0,0,37,75,12,14.0,25.5
31600,13.3,25.6,0.000,3.764,47.4,219,5.47,0.00,0,0,0,0,0.00,0,0,10.94,1728,0,0,0,0,0,0,0,0,0,0,0,0,0,0,0,0,0,0,0,0,0,0,0,0,0,0,0,0,0,0,0,0,0,0,0,0,0,0,0,0,0,0,0,0,0,0,0,0,0,0,0,0,0,0,0,0,0,0,0,0,0,0,0,0,0,0,0,0,0,0,0,0,0,0,13,63.73,64.9,13,101,1743,5,0.0,0,37,75,12,13.9,25.5
31700,13.3,25.6,0.000,3.736,47.0,219,5.08,0.00,0,0,0,0,0.00,0,0,10.94,1728,0,0,0,0,0,0,0,0,0,0,0,0,0,0,0,0,0,0,0,0,0,0,0,0,0,0,0,0,0,0,0,0,0,0,0,0,0,0,0,0,0,0,0,0,0,0,0,0,0,0,0,0,0,0,0,0,0,0,0,0,0,0,0,0,0,0,0,0,0,0,0,0,0,0,14,68.63,64.9,13,101,1754,4,0.0,0,37,76,11,13.9,25.5
31800,13.3,25.6,0.000,3.736,47.4,219,5.08,0.00,0,0,0,0,0.00,0,0,10.94,1728,0,0,0,0,0,0,0,0,0,0,0,0,0,0,0,0,0,0,0,0,0,0,0,0,0,0,0,0,0,0,0,0,0,0,0,0,0,0,0,0,0,0,0,0,0,0,0,0,0,0,0,0,0,0,0,0,0,0,0,0,0,0,0,0,0,0,0,0,0,0,0,0,0,0,14,68.63,64.9,13,101,1720,7,0.0,0,37,76,11,13.9,25.5
31900,13.3,25.6,0.000,3.736,47.4,219,5.08,0.00,0,0,0,0,0.00,0,0,10.94,1728,0,0,0,0,0,0,0,0,0,0,0,0,0,0,0,0,0,0,0,0,0,0,0,0,0,0,0,0,0,0,0,0,0,0,0,0,0,0,0,0,0,0,0,0,0,0,0,0,0,0,0,0,0,0,0,0,0,0,0,0,0,0,0,0,0,0,0,0,0,0,0,0,0,0,14,68.63,64.9,13,101,1750,5,0.0,0,37,76,11,14.0,25.5
32000,13.3,25.6,0.000,3.809,47.0,219,5.47,0.00,0,0,0,0,0.00,0,0,10.94,1728,0,0,0,0,0,0,0,0,0,0,0,0,0,0,0,0,0,0,0,0,0,0,0,0,0,0,0,0,0,0,0,0,0,0,0,0,0,0,0,0,0,0,0,0,0,0,0,0,0,0,0,0,0,0,0,0,0,0,0,0,0,0,0,0,0,0,0,0,0,0,0,0,0,0,14,68.63,64.9,13,101,1767,4,0.0,0,37,76,10,14.0,25.5
32100,13.3,25.6,0.000,3.809,47.0,219,5.47,0.00,0,0,0,0,0.00,0,0,10.94,1728,0,0,0,0,0,0,0,0,0,0,0,0,0,0,0,0,0,0,0,0,0,0,0,0,0,0,0,0,0,0,0,0,0,0,0,0,0,0,0,0,0,0,0,0,0,0,0,0,0,0,0,0,0,0,0,0,0,0,0,0,0,0,0,0,0,0,0,0,0,0,0,0,0,0,14,68.63,64.9,13,101,1767,4,0.0,0,37,76,10,14.0,25.5
32200,13.3,25.6,0.000,3.764,47.4,219,5.08,0.00,0,0,0,0,0.00,0,0,10.94,1728,0,0,0,0,0,0,0,0,0,0,0,0,0,0,0,0,0,0,0,0,0,0,0,0,0,0,0,0,0,0,0,0,0,0,0,0,0,0,0,0,0,0,0,0,0,0,0,0,0,0,0,0,0,0,0,0,0,0,0,0,0,0,0,0,0,0,0,0,0,0,0,0,0,0,14,68.63,64.9,13,101,1729,5,0.0,0,37,76,9,13.9,25.5
32300,13.3,25.6,0.000,3.736,47.4,219,5.08,0.00,0,0,0,0,0.00,0,0,10.94,1728,0,0,0,0,0,0,0,0,0,0,0,0,0,0,0,0,0,0,0,0,0,0,0,0,0,0,0,0,0,0,0,0,0,0,0,0,0,0,0,0,0,0,0,0,0,0,0,0,0,0,0,0,0,0,0,0,0,0,0,0,0,0,0,0,0,0,0,0,0,0,0,0,0,0,14,68.63,65.2,12,101,1704,7,0.0,0,37,76,9,13.9,25.5
32400,13.3,25.6,0.000,3.736,47.4,219,5.47,0.00,0,0,0,0,0.00,0,0,10.94,1728,0,0,0,0,0,0,0,0,0,0,0,0,0,0,0,0,0,0,0,0,0,0,0,0,0,0,0,0,0,0,0,0,0,0,0,0,0,0,0,0,0,0,0,0,0,0,0,0,0,0,0,0,0,0,0,0,0,0,0,0,0,0,0,0,0,0,0,0,0,0,0,0,0,0,14,68.63,65.2,12,101,1790,5,0.0,0,37,76,7,14.0,25.5
32500,13.3,25.6,0.000,3.736,47.0,219,5.47,0.00,0,0,0,0,0.00,0,0,10.94,1728,0,0,0,0,0,0,0,0,0,0,0,0,0,0,0,0,0,0,0,0,0,0,0,0,0,0,0,0,0,0,0,0,0,0,0,0,0,0,0,0,0,0,0,0,0,0,0,0,0,0,0,0,0,0,0,0,0,0,0,0,0,0,0,0,0,0,0,0,0,0,0,0,0,0,14,68.63,65.2,12,101,1765,4,0.0,0,37,76,6,13.9,25.5
32600,13.3,25.6,0.000,3.736,47.0,219,5.47,0.00,0,0,0,0,0.00,0,0,10.94,1728,0,0,0,0,0,0,0,0,0,0,0,0,0,0,0,0,0,0,0,0,0,0,0,0,0,0,0,0,0,0,0,0,0,0,0,0,0,0,0,0,0,0,0,0,0,0,0,0,0,0,0,0,0,0,0,0,0,0,0,0,0,0,0,0,0,0,0,0,0,0,0,0,0,0,14,68.63,65.2,12,101,1765,4,0.0,0,37,76,6,13.9,25.5
32700,13.3,25.6,0.000,3.736,47.8,219,5.08,0.00,0,0,0,0,0.00,0,0,10.94,1728,0,0,0,0,0,0,0,0,0,0,0,0,0,0,0,0,0,0,0,0,0,0,0,0,0,0,0,0,0,0,0,0,0,0,0,0,0,0,0,0,0,0,0,0,0,0,0,0,0,0,0,0,0,0,0,0,0,0,0,0,0,0,0,0,0,0,0,0,0,0,0,0,0,0,13,63.73,65.2,12,101,1730,5,0.0,0,37,76,6,13.9,25.5
32800,13.3,25.6,0.000,3.837,47.8,219,5.47,0.00,0,0,0,0,0.00,0,0,10.94,1728,0,0,0,0,0,0,0,0,0,0,0,0,0,0,0,0,0,0,0,0,0,0,0,0,0,0,0,0,0,0,0,0,0,0,0,0,0,0,0,0,0,0,0,0,0,0,0,0,0,0,0,0,0,0,0,0,0,0,0,0,0,0,0,0,0,0,0,0,0,0,0,0,0,0,14,68.63,65.2,12,101,1726,6,0.0,0,37,76,5,13.9,25.5
32900,13.3,25.6,0.000,3.736,47.8,219,5.08,0.00,0,0,0,0,0.00,0,0,10.94,1728,0,0,0,0,0,0,0,0,0,0,0,0,0,0,0,0,0,0,0,0,0,0,0,0,0,0,0,0,0,0,0,0,0,0,0,0,0,0,0,0,0,0,0,0,0,0,0,0,0,0,0,0,0,0,0,0,0,0,0,0,0,0,0,0,0,0,0,0,0,0,0,0,0,0,14,68.63,65.2,12,101,1773,5,0.0,0,37,76,0,13.9,25.5
33000,13.3,25.6,0.000,3.837,47.0,219,5.47,0.00,0,0,0,0,0.00,0,0,10.94,1728,0,0,0,0,0,0,0,0,0,0,0,0,0,0,0,0,0,0,0,0,0,0,0,0,0,0,0,0,0,0,0,0,0,0,0,0,0,0,0,0,0,0,0,0,0,0,0,0,0,0,0,0,0,0,0,0,0,0,0,0,0,0,0,0,0,0,0,0,0,0,0,0,0,0,14,68.63,65.2,12,101,1773,5,0.0,0,37,76,0,13.9,25.5
33100,13.3,25.6,0.000,3.837,47.0,219,5.47,0.00,0,0,0,0,0.00,0,0,10.94,1728,0,0,0,0,0,0,0,0,0,0,0,0,0,0,0,0,0,0,0,0,0,0,0,0,0,0,0,0,0,0,0,0,0,0,0,0,0,0,0,0,0,0,0,0,0,0,0,0,0,0,0,0,0,0,0,0,0,0,0,0,0,0,0,0,0,0,0,0,0,0,0,0,0,0,14,68.63,65.2,12,101,1760,6,0.0,0,37,76,0,14.0,25.5
33200,13.3,25.6,0.000,3.837,47.0,219,5.47,0.00,0,0,0,0,0.00,0,0,10.94,1728,0,0,0,0,0,0,0,0,0,0,0,0,0,0,0,0,0,0,0,0,0,0,0,0,0,0,0,0,0,0,0,0,0,0,0,0,0,0,0,0,0,0,0,0,0,0,0,0,0,0,0,0,0,0,0,0,0,0,0,0,0,0,0,0,0,0,0,0,0,0,0,0,0,0,14,68.63,65.2,12,101,1760,6,0.0,0,37,76,0,14.0,25.5
33300,13.3,25.6,0.000,3.854,47.4,220,5.08,0.00,0,0,0,0,0.00,0,0,10.94,1728,0,0,0,0,0,0,0,0,0,0,0,0,0,0,0,0,0,0,0,0,0,0,0,0,0,0,0,0,0,0,0,0,0,0,0,0,0,0,0,0,0,0,0,0,0,0,0,0,0,0,0,0,0,0,0,0,0,0,0,0,0,0,0,0,0,0,0,0,0,0,0,0,0,0,14,68.63,65.3,8,101,1697,9,0.0,0,37,76,0,13.9,25.5
33400,13.3,25.6,0.000,3.736,47.4,219,5.47,0.00,0,0,0,0,0.00,0,0,10.94,1728,0,0,0,0,0,0,0,0,0,0,0,0,0,0,0,0,0,0,0,0,0,0,0,0,0,0,0,0,0,0,0,0,0,0,0,0,0,0,0,0,0,0,0,0,0,0,0,0,0,0,0,0,0,0,0,0,0,0,0,0,0,0,0,0,0,0,0,0,0,0,0,0,0,0,14,68.63,65.3,8,101,1809,4,0.0,0,37,76,0,13.9,25.5
33500,13.3,25.6,0.000,3.795,47.4,218,5.47,0.00,0,0,0,0,0.00,0,0,10.94,1728,0,0,0,0,0,0,0,0,0,0,0,0,0,0,0,0,0,0,0,0,0,0,0,0,0,0,0,0,0,0,0,0,0,0,0,0,0,0,0,0,0,0,0,0,0,0,0,0,0,0,0,0,0,0,0,0,0,0,0,0,0,0,0,0,0,0,0,0,0,0,0,0,0,0,14,68.63,65.3,8,101,1809,4,0.0,0,37,76,0,13.9,25.5
33600,13.3,25.6,0.000,3.736,47.8,219,5.08,0.00,0,0,0,0,0.00,0,0,10.94,1728,0,0,0,0,0,0,0,0,0,0,0,0,0,0,0,0,0,0,0,0,0,0,0,0,0,0,0,0,0,0,0,0,0,0,0,0,0,0,0,0,0,0,0,0,0,0,0,0,0,0,0,0,0,0,0,0,0,0,0,0,0,0,0,0,0,0,0,0,0,0,0,0,0,0,14,68.63,65.3,8,101,1747,4,0.0,0,37,76,0,13.9,25.5
33700,13.3,25.6,0.000,3.837,47.8,219,5.47,0.00,0,0,0,0,0.00,0,0,10.94,1728,0,0,0,0,0,0,0,0,0,0,0,0,0,0,0,0,0,0,0,0,0,0,0,0,0,0,0,0,0,0,0,0,0,0,0,0,0,0,0,0,0,0,0,0,0,0,0,0,0,0,0,0,0,0,0,0,0,0,0,0,0,0,0,0,0,0,0,0,0,0,0,0,0,0,14,68.63,65.3,8,101,1731,6,0.0,0,37,76,0,13.9,25.5
33800,13.3,25.6,0.000,3.837,47.8,219,5.47,0.00,0,0,0,0,0.00,0,0,10.94,1728,0,0,0,0,0,0,0,0,0,0,0,0,0,0,0,0,0,0,0,0,0,0,0,0,0,0,0,0,0,0,0,0,0,0,0,0,0,0,0,0,0,0,0,0,0,0,0,0,0,0,0,0,0,0,0,0,0,0,0,0,0,0,0,0,0,0,0,0,0,0,0,0,0,0,14,68.63,65.3,8,101,1731,6,0.0,0,37,76,0,13.9,25.5
33900,13.3,25.6,0.000,3.795,47.0,218,5.47,0.00,0,0,0,0,0.00,0,0,10.94,1728,0,0,0,0,0,0,0,0,0,0,0,0,0,0,0,0,0,0,0,0,0,0,0,0,0,0,0,0,0,0,0,0,0,0,0,0,0,0,0,0,0,0,0,0,0,0,0,0,0,0,0,0,0,0,0,0,0,0,0,0,0,0,0,0,0,0,0,0,0,0,0,0,0,0,13,63.73,65.3,8,101,1754,6,0.0,0,37,76,0,13.9,25.5
34000,13.3,25.6,0.000,3.837,47.4,219,5.47,0.00,0,0,0,0,0.00,0,0,10.94,1728,0,0,0,0,0,0,0,0,0,0,0,0,0,0,0,0,0,0,0,0,0,0,0,0,0,0,0,0,0,0,0,0,0,0,0,0,0,0,0,0,0,0,0,0,0,0,0,0,0,0,0,0,0,0,0,0,0,0,0,0,0,0,0,0,0,0,0,0,0,0,0,0,0,0,13,63.73,65.3,8,101,1754,6,0.0,0,37,76,0,13.9,25.5
34100,13.3,25.6,0.000,3.764,47.8,219,5.08,0.00,0,0,0,0,0.00,0,0,10.94,1728,0,0,0,0,0,0,0,0,0,0,0,0,0,0,0,0,0,0,0,0,0,0,0,0,0,0,0,0,0,0,0,0,0,0,0,0,0,0,0,0,0,0,0,0,0,0,0,0,0,0,0,0,0,0,0,0,0,0,0,0,0,0,0,0,0,0,0,0,0,0,0,0,0,0,14,68.63,65.3,8,101,1740,7,0.0,0,37,76,0,14.0,25.5
34200,13.3,25.6,0.000,3.764,47.8,219,5.08,0.00,0,0,0,0,0.00,0,0,10.94,1728,0,0,0,0,0,0,0,0,0,0,0,0,0,0,0,0,0,0,0,0,0,0,0,0,0,0,0,0,0,0,0,0,0,0,0,0,0,0,0,0,0,0,0,0,0,0,0,0,0,0,0,0,0,0,0,0,0,0,0,0,0,0,0,0,0,0,0,0,0,0,0,0,0,0,14,68.63,65.1,3,101,1704,5,0.0,0,37,76,0,13.9,25.5
34300,13.3,25.6,0.000,3.764,47.8,219,5.08,0.00,0,0,0,0,0.00,0,0,10.94,1728,0,0,0,0,0,0,0,0,0,0,0,0,0,0,0,0,0,0,0,0,0,0,0,0,0,0,0,0,0,0,0,0,0,0,0,0,0,0,0,0,0,0,0,0,0,0,0,0,0,0,0,0,0,0,0,0,0,0,0,0,0,0,0,0,0,0,0,0,0,0,0,0,0,0,14,68.63,65.1,3,101,1704,5,0.0,0,37,76,0,13.9,25.5
34400,13.3,25.6,0.000,3.809,47.4,219,5.47,0.00,0,0,0,0,0.00,0,0,10.94,1728,0,0,0,0,0,0,0,0,0,0,0,0,0,0,0,0,0,0,0,0,0,0,0,0,0,0,0,0,0,0,0,0,0,0,0,0,0,0,0,0,0,0,0,0,0,0,0,0,0,0,0,0,0,0,0,0,0,0,0,0,0,0,0,0,0,0,0,0,0,0,0,0,0,0,14,68.63,65.1,3,101,1729,6,0.0,0,37,76,0,13.9,25.5
34500,13.3,25.6,0.000,3.809,47.4,219,5.47,0.00,0,0,0,0,0.00,0,0,10.94,1728,0,0,0,0,0,0,0,0,0,0,0,0,0,0,0,0,0,0,0,0,0,0,0,0,0,0,0,0,0,0,0,0,0,0,0,0,0,0,0,0,0,0,0,0,0,0,0,0,0,0,0,0,0,0,0,0,0,0,0,0,0,0,0,0,0,0,0,0,0,0,0,0,0,0,14,68.63,65.1,3,101,1729,6,0.0,0,37,76,0,13.9,25.5
34600,13.3,25.6,0.000,3.809,47.4,219,5.47,0.00,0,0,0,0,0.00,0,0,10.94,1712,0,0,0,0,0,0,0,0,0,0,0,0,0,0,0,0,0,0,0,0,0,0,0,0,0,0,0,0,0,0,0,0,0,0,0,0,0,0,0,0,0,0,0,0,0,0,0,0,0,0,0,0,0,0,0,0,0,0,0,0,0,0,0,0,0,0,0,0,0,0,0,0,0,0,14,68.63,65.1,3,101,1773,4,0.0,0,37,77,0,14.0,25.5
34700,13.3,25.6,0.000,3.809,47.4,219,5.47,0.00,0,0,0,0,0.00,0,0,10.94,1712,0,0,0,0,0,0,0,0,0,0,0,0,0,0,0,0,0,0,0,0,0,0,0,0,0,0,0,0,0,0,0,0,0,0,0,0,0,0,0,0,0,0,0,0,0,0,0,0,0,0,0,0,0,0,0,0,0,0,0,0,0,0,0,0,0,0,0,0,0,0,0,0,0,0,14,68.63,65.1,3,101,1735,5,0.0,0,37,77,0,14.0,25.5
34800,13.3,25.6,0.000,3.809,47.4,219,5.47,0.00,0,0,0,0,0.00,0,0,10.94,1712,0,0,0,0,0,0,0,0,0,0,0,0,0,0,0,0,0,0,0,0,0,0,0,0,0,0,0,0,0,0,0,0,0,0,0,0,0,0,0,0,0,0,0,0,0,0,0,0,0,0,0,0,0,0,0,0,0,0,0,0,0,0,0,0,0,0,0,0,0,0,0,0,0,0,14,68.63,65.1,3,101,1745,5,0.0,0,37,77,0,13.9,25.5
34900,13.3,25.6,0.000,3.809,47.8,219,5.47,0.00,0,0,0,0,0.00,0,0,10.94,1712,0,0,0,0,0,0,0,0,0,0,0,0,0,0,0,0,0,0,0,0,0,0,0,0,0,0,0,0,0,0,0,0,0,0,0,0,0,0,0,0,0,0,0,0,0,0,0,0,0,0,0,0,0,0,0,0,0,0,0,0,0,0,0,0,0,0,0,0,0,0,0,0,0,0,14,68.63,65.1,3,101,1772,5,0.0,0,37,77,0,13.9,25.5
35000,13.3,25.6,0.000,3.809,47.4,219,5.47,0.00,0,0,0,0,0.00,0,0,10.94,1712,0,0,0,0,0,0,0,0,0,0,0,0,0,0,0,0,0,0,0,0,0,0,0,0,0,0,0,0,0,0,0,0,0,0,0,0,0,0,0,0,0,0,0,0,0,0,0,0,0,0,0,0,0,0,0,0,0,0,0,0,0,0,0,0,0,0,0,0,0,0,0,0,0,0,14,68.63,65.1,3,101,1772,5,0.0,0,37,77,0,13.9,25.5
35100,13.3,25.6,0.000,3.854,47.8,220,5.08,0.00,0,0,0,0,0.00,0,0,10.94,1712,0,0,0,0,0,0,0,0,0,0,0,0,0,0,0,0,0,0,0,0,0,0,0,0,0,0,0,0,0,0,0,0,0,0,0,0,0,0,0,0,0,0,0,0,0,0,0,0,0,0,0,0,0,0,0,0,0,0,0,0,0,0,0,0,0,0,0,0,0,0,0,0,0,0,14,68.63,65.1,3,101,1763,4,0.0,0,37,77,0,13.9,25.5
35200,13.3,25.6,0.000,3.809,47.0,219,5.47,0.00,0,0,0,0,0.00,0,0,10.94,1712,0,0,0,0,0,0,0,0,0,0,0,0,0,0,0,0,0,0,0,0,0,0,0,0,0,0,0,0,0,0,0,0,0,0,0,0,0,0,0,0,0,0,0,0,0,0,0,0,0,0,0,0,0,0,0,0,0,0,0,0,0,0,0,0,0,0,0,0,0,0,0,0,0,0,14,68.63,65.2,0,101,1763,4,0.0,0,37,77,0,13.9,25.5
35300,13.3,25.6,0.000,3.809,47.4,219,5.47,0.00,0,0,0,0,0.00,0,0,10.94,1712,0,0,0,0,0,0,0,0,0,0,0,0,0,0,0,0,0,0,0,0,0,0,0,0,0,0,0,0,0,0,0,0,0,0,0,0,0,0,0,0,0,0,0,0,0,0,0,0,0,0,0,0,0,0,0,0,0,0,0,0,0,0,0,0,0,0,0,0,0,0,0,0,0,0,14,68.63,65.2,0,101,1778,5,0.0,0,37,77,0,13.9,25.5
35400,13.3,25.6,0.000,3.854,47.8,220,5.08,0.00,0,0,0,0,0.00,0,0,10.94,1712,0,0,0,0,0,0,0,0,0,0,0,0,0,0,0,0,0,0,0,0,0,0,0,0,0,0,0,0,0,0,0,0,0,0,0,0,0,0,0,0,0,0,0,0,0,0,0,0,0,0,0,0,0,0,0,0,0,0,0,0,0,0,0,0,0,0,0,0,0,0,0,0,0,0,14,68.63,65.2,0,101,1726,7,0.0,0,37,77,0,13.9,25.5
35500,13.3,25.6,0.000,3.854,47.8,220,5.08,0.00,0,0,0,0,0.00,0,0,10.94,1712,0,0,0,0,0,0,0,0,0,0,0,0,0,0,0,0,0,0,0,0,0,0,0,0,0,0,0,0,0,0,0,0,0,0,0,0,0,0,0,0,0,0,0,0,0,0,0,0,0,0,0,0,0,0,0,0,0,0,0,0,0,0,0,0,0,0,0,0,0,0,0,0,0,0,14,68.63,65.2,0,101,1726,7,0.0,0,37,77,0,13.9,25.5
35600,13.3,25.6,0.000,3.809,47.8,219,5.47,0.00,0,0,0,0,0.00,0,0,10.94,1712,0,0,0,0,0,0,0,0,0,0,0,0,0,0,0,0,0,0,0,0,0,0,0,0,0,0,0,0,0,0,0,0,0,0,0,0,0,0,0,0,0,0,0,0,0,0,0,0,0,0,0,0,0,0,0,0,0,0,0,0,0,0,0,0,0,0,0,0,0,0,0,0,0,0,14,68.63,65.2,0,101,1715,5,0.0,0,37,77,0,13.9,25.5
35700,13.3,25.6,0.000,3.837,47.8,219,5.47,0.00,0,0,0,0,0.00,0,0,10.94,1712,0,0,0,0,0,0,0,0,0,0,0,0,0,0,0,0,0,0,0,0,0,0,0,0,0,0,0,0,0,0,0,0,0,0,0,0,0,0,0,0,0,0,0,0,0,0,0,0,0,0,0,0,0,0,0,0,0,0,0,0,0,0,0,0,0,0,0,0,0,0,0,0,0,0,14,68.63,65.2,0,101,1715,5,0.0,0,37,77,0,13.9,25.5
35800,13.3,25.6,0.000,3.854,47.8,220,5.47,0.00,0,0,0,0,0.00,0,0,10.94,1712,0,0,0,0,0,0,0,0,0,0,0,0,0,0,0,0,0,0,0,0,0,0,0,0,0,0,0,0,0,0,0,0,0,0,0,0,0,0,0,0,0,0,0,0,0,0,0,0,0,0,0,0,0,0,0,0,0,0,0,0,0,0,0,0,0,0,0,0,0,0,0,0,0,0,14,68.63,65.2,0,101,1731,5,0.0,0,37,77,0,13.9,25.5
35900,13.3,25.6,0.000,3.854,47.4,220,5.08,0.00,0,0,0,0,0.00,0,0,10.94,1712,0,0,0,0,0,0,0,0,0,0,0,0,0,0,0,0,0,0,0,0,0,0,0,0,0,0,0,0,0,0,0,0,0,0,0,0,0,0,0,0,0,0,0,0,0,0,0,0,0,0,0,0,0,0,0,0,0,0,0,0,0,0,0,0,0,0,0,0,0,0,0,0,0,0,14,68.63,65.2,0,101,1687,7,0.0,0,37,77,0,14.0,25.5
36000,13.3,25.6,0.000,3.854,47.4,220,5.08,0.00,0,0,0,0,0.00,0,0,10.94,1712,0,0,0,0,0,0,0,0,0,0,0,0,0,0,0,0,0,0,0,0,0,0,0,0,0,0,0,0,0,0,0,0,0,0,0,0,0,0,0,0,0,0,0,0,0,0,0,0,0,0,0,0,0,0,0,0,0,0,0,0,0,0,0,0,0,0,0,0,0,0,0,0,0,0,14,68.63,65.2,0,101,1687,7,0.0,0,37,77,0,14.0,25.5
36100,13.3,25.6,0.000,3.854,47.4,220,5.47,0.00,0,0,0,0,0.00,0,0,10.94,1712,0,0,0,0,0,0,0,0,0,0,0,0,0,0,0,0,0,0,0,0,0,0,0,0,0,0,0,0,0,0,0,0,0,0,0,0,0,0,0,0,0,0,0,0,0,0,0,0,0,0,0,0,0,0,0,0,0,0,0,0,0,0,0,0,0,0,0,0,0,0,0,0,0,0,14,68.63,65.2,0,101,1719,6,0.0,0,37,77,0,13.9,25.5
36200,13.3,25.6,0.000,3.809,47.0,219,5.47,0.00,0,0,0,0,0.00,0,0,10.94,1712,0,0,0,0,0,0,0,0,0,0,0,0,0,0,0,0,0,0,0,0,0,0,0,0,0,0,0,0,0,0,0,0,0,0,0,0,0,0,0,0,0,0,0,0,0,0,0,0,0,0,0,0,0,0,0,0,0,0,0,0,0,0,0,0,0,0,0,0,0,0,0,0,0,0,14,68.63,64.9,0,101,1775,4,0.0,0,37,77,0,14.0,25.5
36300,13.3,25.6,0.000,3.837,47.4,219,5.47,0.00,0,0,0,0,0.00,0,0,10.94,1712,0,0,0,0,0,0,0,0,0,0,0,0,0,0,0,0,0,0,0,0,0,0,0,0,0,0,0,0,0,0,0,0,0,0,0,0,0,0,0,0,0,0,0,0,0,0,0,0,0,0,0,0,0,0,0,0,0,0,0,0,0,0,0,0,0,0,0,0,0,0,0,0,0,0,14,68.63,64.9,0,101,1732,5,0.0,0,37,78,0,14.0,25.5
36400,13.3,25.6,0.000,3.837,47.4,219,5.47,0.00,0,0,0,0,0.00,0,0,10.94,1712,0,0,0,0,0,0,0,0,0,0,0,0,0,0,0,0,0,0,0,0,0,0,0,0,0,0,0,0,0,0,0,0,0,0,0,0,0,0,0,0,0,0,0,0,0,0,0,0,0,0,0,0,0,0,0,0,0,0,0,0,0,0,0,0,0,0,0,0,0,0,0,0,0,0,14,68.63,64.9,0,101,1777,4,0.0,0,37,78,0,13.9,25.5
36500,13.3,25.6,0.000,3.798,47.4,219,5.47,0.00,0,0,0,0,0.00,0,0,10.94,1712,0,0,0,0,0,0,0,0,0,0,0,0,0,0,0,0,0,0,0,0,0,0,0,0,0,0,0,0,0,0,0,0,0,0,0,0,0,0,0,0,0,0,0,0,0,0,0,0,0,0,0,0,0,0,0,0,0,0,0,0,0,0,0,0,0,0,0,0,0,0,0,0,0,0,14,68.63,64.9,0,101,1777,4,0.0,0,37,78,0,13.9,25.5
36600,13.3,25.6,0.000,3.798,47.4,219,5.47,0.00,0,0,0,0,0.00,0,0,10.94,1712,0,0,0,0,0,0,0,0,0,0,0,0,0,0,0,0,0,0,0,0,0,0,0,0,0,0,0,0,0,0,0,0,0,0,0,0,0,0,0,0,0,0,0,0,0,0,0,0,0,0,0,0,0,0,0,0,0,0,0,0,0,0,0,0,0,0,0,0,0,0,0,0,0,0,14,68.63,64.9,0,101,1757,5,0.0,0,37,78,0,13.9,25.5
36700,13.3,25.6,0.000,3.798,47.8,219,5.08,0.00,0,0,0,0,0.00,0,0,10.94,1712,0,0,0,0,0,0,0,0,0,0,0,0,0,0,0,0,0,0,0,0,0,0,0,0,0,0,0,0,0,0,0,0,0,0,0,0,0,0,0,0,0,0,0,0,0,0,0,0,0,0,0,0,0,0,0,0,0,0,0,0,0,0,0,0,0,0,0,0,0,0,0,0,0,0,14,68.63,64.9,0,101,1675,8,0.0,0,37,78,0,13.9,25.5
36800,13.3,25.6,0.000,3.843,47.0,220,5.47,0.00,0,0,0,0,0.00,0,0,10.94,1712,0,0,0,0,0,0,0,0,0,0,0,0,0,0,0,0,0,0,0,0,0,0,0,0,0,0,0,0,0,0,0,0,0,0,0,0,0,0,0,0,0,0,0,0,0,0,0,0,0,0,0,0,0,0,0,0,0,0,0,0,0,0,0,0,0,0,0,0,0,0,0,0,0,0,13,63.73,64.9,0,101,1753,6,0.0,0,37,78,0,13.9,25.5
36900,13.3,25.6,0.000,3.843,47.0,220,5.47,0.00,0,0,0,0,0.00,0,0,10.94,1712,0,0,0,0,0,0,0,0,0,0,0,0,0,0,0,0,0,0,0,0,0,0,0,0,0,0,0,0,0,0,0,0,0,0,0,0,0,0,0,0,0,0,0,0,0,0,0,0,0,0,0,0,0,0,0,0,0,0,0,0,0,0,0,0,0,0,0,0,0,0,0,0,0,0,13,63.73,64.9,0,101,1753,6,0.0,0,37,78,0,13.9,25.5
37000,13.3,25.6,0.000,3.798,47.8,219,5.47,0.00,0,0,0,0,0.00,0,0,10.94,1712,0,0,0,0,0,0,0,0,0,0,0,0,0,0,0,0,0,0,0,0,0,0,0,0,0,0,0,0,0,0,0,0,0,0,0,0,0,0,0,0,0,0,0,0,0,0,0,0,0,0,0,0,0,0,0,0,0,0,0,0,0,0,0,0,0,0,0,0,0,0,0,0,0,0,14,68.63,64.9,0,101,1729,5,0.0,0,37,78,0,14.0,25.5
37100,13.3,25.6,0.000,3.798,47.4,219,5.47,0.00,0,0,0,0,0.00,0,0,10.94,1712,0,0,0,0,0,0,0,0,0,0,0,0,0,0,0,0,0,0,0,0,0,0,0,0,0,0,0,0,0,0,0,0,0,0,0,0,0,0,0,0,0,0,0,0,0,0,0,0,0,0,0,0,0,0,0,0,0,0,0,0,0,0,0,0,0,0,0,0,0,0,0,0,0,0,14,68.63,64.9,0,101,1790,4,0.0,0,37,78,0,14.0,25.5
37200,13.3,25.6,0.000,3.798,47.4,219,5.47,0.00,0,0,0,0,0.00,0,0,10.94,1712,0,0,0,0,0,0,0,0,0,0,0,0,0,0,0,0,0,0,0,0,0,0,0,0,0,0,0,0,0,0,0,0,0,0,0,0,0,0,0,0,0,0,0,0,0,0,0,0,0,0,0,0,0,0,0,0,0,0,0,0,0,0,0,0,0,0,0,0,0,0,0,0,0,0,14,68.63,64.8,0,101,1776,4,0.0,0,37,78,0,13.9,25.5
37300,13.3,25.6,0.000,3.798,47.4,219,5.47,0.00,0,0,0,0,0.00,0,0,10.94,1712,0,0,0,0,0,0,0,0,0,0,0,0,0,0,0,0,0,0,0,0,0,0,0,0,0,0,0,0,0,0,0,0,0,0,0,0,0,0,0,0,0,0,0,0,0,0,0,0,0,0,0,0,0,0,0,0,0,0,0,0,0,0,0,0,0,0,0,0,0,0,0,0,0,0,14,68.63,64.8,0,101,1776,4,0.0,0,37,78,0,13.9,25.5
37400,13.3,25.6,0.000,3.798,47.4,219,5.47,0.00,0,0,0,0,0.00,0,0,10.94,1712,0,0,0,0,0,0,0,0,0,0,0,0,0,0,0,0,0,0,0,0,0,0,0,0,0,0,0,0,0,0,0,0,0,0,0,0,0,0,0,0,0,0,0,0,0,0,0,0,0,0,0,0,0,0,0,0,0,0,0,0,0,0,0,0,0,0,0,0,0,0,0,0,0,0,15,73.53,64.8,0,101,1713,6,0.0,0,37,78,0,13.8,25.5
37500,13.3,25.6,0.000,3.843,47.4,220,5.08,0.00,0,0,0,0,0.00,0,0,10.94,1712,0,0,0,0,0,0,0,0,0,0,0,0,0,0,0,0,0,0,0,0,0,0,0,0,0,0,0,0,0,0,0,0,0,0,0,0,0,0,0,0,0,0,0,0,0,0,0,0,0,0,0,0,0,0,0,0,0,0,0,0,0,0,0,0,0,0,0,0,0,0,0,0,0,0,14,68.63,64.8,0,101,1717,7,0.0,0,37,78,0,14.0,25.5
37600,13.3,25.6,0.000,3.843,47.4,220,5.08,0.00,0,0,0,0,0.00,0,0,10.94,1712,0,0,0,0,0,0,0,0,0,0,0,0,0,0,0,0,0,0,0,0,0,0,0,0,0,0,0,0,0,0,0,0,0,0,0,0,0,0,0,0,0,0,0,0,0,0,0,0,0,0,0,0,0,0,0,0,0,0,0,0,0,0,0,0,0,0,0,0,0,0,0,0,0,0,14,68.63,64.8,0,101,1717,7,0.0,0,37,78,0,14.0,25.5
37700,13.3,25.6,0.000,3.843,47.8,220,5.08,0.00,0,0,0,0,0.00,0,0,10.94,1712,0,0,0,0,0,0,0,0,0,0,0,0,0,0,0,0,0,0,0,0,0,0,0,0,0,0,0,0,0,0,0,0,0,0,0,0,0,0,0,0,0,0,0,0,0,0,0,0,0,0,0,0,0,0,0,0,0,0,0,0,0,0,0,0,0,0,0,0,0,0,0,0,0,0,14,68.63,64.8,0,101,1702,5,0.0,0,37,78,0,14.0,25.5
37800,13.3,25.6,0.000,3.843,47.4,220,5.08,0.00,0,0,0,0,0.00,0,0,10.94,1712,0,0,0,0,0,0,0,0,0,0,0,0,0,0,0,0,0,0,0,0,0,0,0,0,0,0,0,0,0,0,0,0,0,0,0,0,0,0,0,0,0,0,0,0,0,0,0,0,0,0,0,0,0,0,0,0,0,0,0,0,0,0,0,0,0,0,0,0,0,0,0,0,0,0,14,68.63,64.8,0,101,1675,8,0.0,0,37,78,0,14.0,25.5
37900,13.3,25.6,0.000,3.826,47.8,219,5.47,0.00,0,0,0,0,0.00,0,0,10.94,1712,0,0,0,0,0,0,0,0,0,0,0,0,0,0,0,0,0,0,0,0,0,0,0,0,0,0,0,0,0,0,0,0,0,0,0,0,0,0,0,0,0,0,0,0,0,0,0,0,0,0,0,0,0,0,0,0,0,0,0,0,0,0,0,0,0,0,0,0,0,0,0,0,0,0,14,68.63,64.8,0,101,1731,5,0.0,0,37,78,0,13.9,25.5
38000,13.3,25.6,0.000,3.826,47.8,219,5.47,0.00,0,0,0,0,0.00,0,0,10.94,1712,0,0,0,0,0,0,0,0,0,0,0,0,0,0,0,0,0,0,0,0,0,0,0,0,0,0,0,0,0,0,0,0,0,0,0,0,0,0,0,0,0,0,0,0,0,0,0,0,0,0,0,0,0,0,0,0,0,0,0,0,0,0,0,0,0,0,0,0,0,0,0,0,0,0,14,68.63,64.8,0,101,1731,5,0.0,0,37,78,0,14.0,25.5
38100,13.3,25.6,0.000,3.843,47.8,220,5.08,0.00,0,0,0,0,0.00,0,0,10.94,1712,0,0,0,0,0,0,0,0,0,0,0,0,0,0,0,0,0,0,0,0,0,0,0,0,0,0,0,0,0,0,0,0,0,0,0,0,0,0,0,0,0,0,0,0,0,0,0,0,0,0,0,0,0,0,0,0,0,0,0,0,0,0,0,0,0,0,0,0,0,0,0,0,0,0,14,68.63,64.8,0,101,1697,8,0.0,0,37,78,0,13.9,25.5
38200,13.3,25.6,0.000,3.843,47.8,220,5.08,0.00,0,0,0,0,0.00,0,0,10.94,1712,0,0,0,0,0,0,0,0,0,0,0,0,0,0,0,0,0,0,0,0,0,0,0,0,0,0,0,0,0,0,0,0,0,0,0,0,0,0,0,0,0,0,0,0,0,0,0,0,0,0,0,0,0,0,0,0,0,0,0,0,0,0,0,0,0,0,0,0,0,0,0,0,0,0,14,68.63,64.7,0,101,1697,8,0.0,0,37,78,0,13.9,25.5
38300,13.3,25.6,0.000,3.798,47.4,219,5.47,0.00,0,0,0,0,0.00,0,0,10.94,1712,0,0,0,0,0,0,0,0,0,0,0,0,0,0,0,0,0,0,0,0,0,0,0,0,0,0,0,0,0,0,0,0,0,0,0,0,0,0,0,0,0,0,0,0,0,0,0,0,0,0,0,0,0,0,0,0,0,0,0,0,0,0,0,0,0,0,0,0,0,0,0,0,0,0,14,68.63,64.7,0,101,1792,5,0.0,0,37,78,0,13.9,25.5
38400,13.3,25.6,0.000,3.798,47.4,219,5.47,0.00,0,0,0,0,0.00,0,0,10.94,1712,0,0,0,0,0,0,0,0,0,0,0,0,0,0,0,0,0,0,0,0,0,0,0,0,0,0,0,0,0,0,0,0,0,0,0,0,0,0,0,0,0,0,0,0,0,0,0,0,0,0,0,0,0,0,0,0,0,0,0,0,0,0,0,0,0,0,0,0,0,0,0,0,0,0,14,68.63,64.7,0,101,1792,5,0.0,0,37,78,0,13.9,25.5
38500,13.3,25.6,0.000,3.798,47.8,219,5.47,0.00,0,0,0,0,0.00,0,0,10.94,1712,0,0,0,0,0,0,0,0,0,0,0,0,0,0,0,0,0,0,0,0,0,0,0,0,0,0,0,0,0,0,0,0,0,0,0,0,0,0,0,0,0,0,0,0,0,0,0,0,0,0,0,0,0,0,0,0,0,0,0,0,0,0,0,0,0,0,0,0,0,0,0,0,0,0,14,68.63,64.7,0,101,1741,4,0.0,0,37,78,0,14.0,25.5
38600,13.3,25.6,0.000,3.798,47.8,219,5.08,0.00,0,0,0,0,0.00,0,0,10.94,1712,0,0,0,0,0,0,0,0,0,0,0,0,0,0,0,0,0,0,0,0,0,0,0,0,0,0,0,0,0,0,0,0,0,0,0,0,0,0,0,0,0,0,0,0,0,0,0,0,0,0,0,0,0,0,0,0,0,0,0,0,0,0,0,0,0,0,0,0,0,0,0,0,0,0,14,68.63,64.7,0,101,1720,4,0.0,0,37,78,0,13.9,25.5
38700,13.3,25.6,0.000,3.798,47.8,219,5.08,0.00,0,0,0,0,0.00,0,0,10.94,1712,0,0,0,0,0,0,0,0,0,0,0,0,0,0,0,0,0,0,0,0,0,0,0,0,0,0,0,0,0,0,0,0,0,0,0,0,0,0,0,0,0,0,0,0,0,0,0,0,0,0,0,0,0,0,0,0,0,0,0,0,0,0,0,0,0,0,0,0,0,0,0,0,0,0,15,73.53,64.7,0,101,1685,8,0.0,0,37,78,0,13.9,25.5
38800,13.3,25.6,0.000,3.843,47.8,220,5.08,0.00,0,0,0,0,0.00,0,0,10.94,1712,0,0,0,0,0,0,0,0,0,0,0,0,0,0,0,0,0,0,0,0,0,0,0,0,0,0,0,0,0,0,0,0,0,0,0,0,0,0,0,0,0,0,0,0,0,0,0,0,0,0,0,0,0,0,0,0,0,0,0,0,0,0,0,0,0,0,0,0,0,0,0,0,0,0,15,73.53,64.7,0,101,1701,7,0.0,0,37,78,0,13.9,25.5
38900,13.3,25.6,0.000,3.826,47.8,219,5.08,0.00,0,0,0,0,0.00,0,0,10.94,1712,0,0,0,0,0,0,0,0,0,0,0,0,0,0,0,0,0,0,0,0,0,0,0,0,0,0,0,0,0,0,0,0,0,0,0,0,0,0,0,0,0,0,0,0,0,0,0,0,0,0,0,0,0,0,0,0,0,0,0,0,0,0,0,0,0,0,0,0,0,0,0,0,0,0,15,73.53,64.7,0,101,1701,7,0.0,0,37,78,0,13.9,25.5
39000,13.3,25.6,0.000,3.826,47.8,219,5.08,0.00,0,0,0,0,0.00,0,0,10.94,1712,0,0,0,0,0,0,0,0,0,0,0,0,0,0,0,0,0,0,0,0,0,0,0,0,0,0,0,0,0,0,0,0,0,0,0,0,0,0,0,0,0,0,0,0,0,0,0,0,0,0,0,0,0,0,0,0,0,0,0,0,0,0,0,0,0,0,0,0,0,0,0,0,0,0,14,68.63,64.7,0,101,1746,5,0.0,0,37,78,0,14.0,25.5
39100,13.3,25.6,0.000,3.798,47.4,219,5.47,0.00,0,0,0,0,0.00,0,0,10.94,1712,0,0,0,0,0,0,0,0,0,0,0,0,0,0,0,0,0,0,0,0,0,0,0,0,0,0,0,0,0,0,0,0,0,0,0,0,0,0,0,0,0,0,0,0,0,0,0,0,0,0,0,0,0,0,0,0,0,0,0,0,0,0,0,0,0,0,0,0,0,0,0,0,0,0,14,68.63,64.7,0,101,1767,4,0.0,0,37,78,0,13.9,25.5
39200,13.3,25.6,0.000,3.798,47.4,219,5.47,0.00,0,0,0,0,0.00,0,0,10.94,1712,0,0,0,0,0,0,0,0,0,0,0,0,0,0,0,0,0,0,0,0,0,0,0,0,0,0,0,0,0,0,0,0,0,0,0,0,0,0,0,0,0,0,0,0,0,0,0,0,0,0,0,0,0,0,0,0,0,0,0,0,0,0,0,0,0,0,0,0,0,0,0,0,0,0,14,68.63,64.7,0,101,1767,4,0.0,0,37,78,0,13.9,25.5
39300,13.3,25.6,0.000,3.826,47.4,219,5.47,0.00,0,0,0,0,0.00,0,0,10.94,1712,0,0,0,0,0,0,0,0,0,0,0,0,0,0,0,0,0,0,0,0,0,0,0,0,0,0,0,0,0,0,0,0,0,0,0,0,0,0,0,0,0,0,0,0,0,0,0,0,0,0,0,0,0,0,0,0,0,0,0,0,0,0,0,0,0,0,0,0,0,0,0,0,0,0,14,68.63,64.7,0,101,1779,5,0.0,0,37,79,0,14.0,25.5
39400,13.3,25.6,0.000,3.798,47.4,219,5.47,0.00,0,0,0,0,0.00,0,0,10.94,1712,0,0,0,0,0,0,0,0,0,0,0,0,0,0,0,0,0,0,0,0,0,0,0,0,0,0,0,0,0,0,0,0,0,0,0,0,0,0,0,0,0,0,0,0,0,0,0,0,0,0,0,0,0,0,0,0,0,0,0,0,0,0,0,0,0,0,0,0,0,0,0,0,0,0,14,68.63,64.7,0,101,1779,5,0.0,0,37,79,0,14.0,25.5
39500,13.3,25.6,0.000,3.798,47.8,219,5.47,0.00,0,0,0,0,0.00,0,0,10.94,1712,0,0,0,0,0,0,0,0,0,0,0,0,0,0,0,0,0,0,0,0,0,0,0,0,0,0,0,0,0,0,0,0,0,0,0,0,0,0,0,0,0,0,0,0,0,0,0,0,0,0,0,0,0,0,0,0,0,0,0,0,0,0,0,0,0,0,0,0,0,0,0,0,0,0,14,68.63,64.7,0,101,1743,4,0.0,0,37,79,0,14.0,25.5
39600,13.3,25.6,0.000,3.798,47.8,219,5.47,0.00,0,0,0,0,0.00,0,0,10.94,1712,0,0,0,0,0,0,0,0,0,0,0,0,0,0,0,0,0,0,0,0,0,0,0,0,0,0,0,0,0,0,0,0,0,0,0,0,0,0,0,0,0,0,0,0,0,0,0,0,0,0,0,0,0,0,0,0,0,0,0,0,0,0,0,0,0,0,0,0,0,0,0,0,0,0,15,73.53,64.7,0,101,1730,5,0.0,0,37,79,0,13.9,25.5
39700,13.3,25.6,0.000,3.798,47.8,219,5.47,0.00,0,0,0,0,0.00,0,0,10.94,1712,0,0,0,0,0,0,0,0,0,0,0,0,0,0,0,0,0,0,0,0,0,0,0,0,0,0,0,0,0,0,0,0,0,0,0,0,0,0,0,0,0,0,0,0,0,0,0,0,0,0,0,0,0,0,0,0,0,0,0,0,0,0,0,0,0,0,0,0,0,0,0,0,0,0,15,73.53,64.7,0,101,1730,5,0.0,0,37,79,0,13.9,25.5
39800,13.3,25.6,0.000,3.826,47.4,219,5.47,0.00,0,0,0,0,0.00,0,0,10.94,1712,0,0,0,0,0,0,0,0,0,0,0,0,0,0,0,0,0,0,0,0,0,0,0,0,0,0,0,0,0,0,0,0,0,0,0,0,0,0,0,0,0,0,0,0,0,0,0,0,0,0,0,0,0,0,0,0,0,0,0,0,0,0,0,0,0,0,0,0,0,0,0,0,0,0,15,73.53,64.7,0,101,1788,4,0.0,0,37,79,0,13.9,25.5
39900,13.3,25.6,0.000,3.826,47.4,219,5.47,0.00,0,0,0,0,0.00,0,0,10.94,1712,0,0,0,0,0,0,0,0,0,0,0,0,0,0,0,0,0,0,0,0,0,0,0,0,0,0,0,0,0,0,0,0,0,0,0,0,0,0,0,0,0,0,0,0,0,0,0,0,0,0,0,0,0,0,0,0,0,0,0,0,0,0,0,0,0,0,0,0,0,0,0,0,0,0,14,68.63,64.7,0,101,1717,5,0.0,0,37,79,0,13.9,25.5
40000,13.3,25.6,0.000,3.826,47.8,219,5.47,0.00,0,0,0,0,0.00,0,0,10.94,1712,0,0,0,0,0,0,0,0,0,0,0,0,0,0,0,0,0,0,0,0,0,0,0,0,0,0,0,0,0,0,0,0,0,0,0,0,0,0,0,0,0,0,0,0,0,0,0,0,0,0,0,0,0,0,0,0,0,0,0,0,0,0,0,0,0,0,0,0,0,0,0,0,0,0,14,68.63,64.7,0,101,1717,5,0.0,0,37,79,0,13.9,25.5
40100,13.3,25.6,0.000,3.826,47.8,219,5.47,0.00,0,0,0,0,0.00,0,0,10.94,1712,0,0,0,0,0,0,0,0,0,0,0,0,0,0,0,0,0,0,0,0,0,0,0,0,0,0,0,0,0,0,0,0,0,0,0,0,0,0,0,0,0,0,0,0,0,0,0,0,0,0,0,0,0,0,0,0,0,0,0,0,0,0,0,0,0,0,0,0,0,0,0,0,0,0,14,68.63,64.7,0,101,1722,5,0.0,0,37,79,0,13.9,25.5
40200,13.3,25.6,0.000,3.826,47.8,219,5.47,0.00,0,0,0,0,0.00,0,0,10.94,1712,0,0,0,0,0,0,0,0,0,0,0,0,0,0,0,0,0,0,0,0,0,0,0,0,0,0,0,0,0,0,0,0,0,0,0,0,0,0,0,0,0,0,0,0,0,0,0,0,0,0,0,0,0,0,0,0,0,0,0,0,0,0,0,0,0,0,0,0,0,0,0,0,0,0,14,68.63,64.8,0,101,1734,5,0.0,0,37,79,0,13.9,25.5
40300,13.3,25.6,0.000,3.798,47.4,219,5.47,0.00,0,0,0,0,0.00,0,0,10.94,1712,0,0,0,0,0,0,0,0,0,0,0,0,0,0,0,0,0,0,0,0,0,0,0,0,0,0,0,0,0,0,0,0,0,0,0,0,0,0,0,0,0,0,0,0,0,0,0,0,0,0,0,0,0,0,0,0,0,0,0,0,0,0,0,0,0,0,0,0,0,0,0,0,0,0,15,73.53,64.8,0,101,1753,5,0.0,0,37,79,0,14.0,25.5
40400,13.3,25.6,0.000,3.798,47.4,219,5.47,0.00,0,0,0,0,0.00,0,0,10.94,1712,0,0,0,0,0,0,0,0,0,0,0,0,0,0,0,0,0,0,0,0,0,0,0,0,0,0,0,0,0,0,0,0,0,0,0,0,0,0,0,0,0,0,0,0,0,0,0,0,0,0,0,0,0,0,0,0,0,0,0,0,0,0,0,0,0,0,0,0,0,0,0,0,0,0,14,68.63,64.8,0,101,1787,4,0.0,0,37,79,0,13.9,25.5
40500,13.3,25.6,0.000,3.798,47.0,219,5.47,0.00,0,0,0,0,0.00,0,0,10.94,1712,0,0,0,0,0,0,0,0,0,0,0,0,0,0,0,0,0,0,0,0,0,0,0,0,0,0,0,0,0,0,0,0,0,0,0,0,0,0,0,0,0,0,0,0,0,0,0,0,0,0,0,0,0,0,0,0,0,0,0,0,0,0,0,0,0,0,0,0,0,0,0,0,0,0,15,73.53,64.8,0,101,1765,5,0.0,0,37,79,0,14.0,25.5
40600,13.3,25.6,0.000,3.826,47.8,219,5.47,0.00,0,0,0,0,0.00,0,0,10.94,1712,0,0,0,0,0,0,0,0,0,0,0,0,0,0,0,0,0,0,0,0,0,0,0,0,0,0,0,0,0,0,0,0,0,0,0,0,0,0,0,0,0,0,0,0,0,0,0,0,0,0,0,0,0,0,0,0,0,0,0,0,0,0,0,0,0,0,0,0,0,0,0,0,0,0,15,73.53,64.8,0,101,1765,5,0.0,0,37,79,0,14.0,25.5
40700,13.3,25.6,0.000,3.826,47.8,219,5.47,0.00,0,0,0,0,0.00,0,0,10.94,1712,0,0,0,0,0,0,0,0,0,0,0,0,0,0,0,0,0,0,0,0,0,0,0,0,0,0,0,0,0,0,0,0,0,0,0,0,0,0,0,0,0,0,0,0,0,0,0,0,0,0,0,0,0,0,0,0,0,0,0,0,0,0,0,0,0,0,0,0,0,0,0,0,0,0,14,68.63,64.8,0,101,1752,4,0.0,0,37,79,0,13.9,25.5
40800,13.3,25.6,0.000,3.798,47.4,219,5.47,0.00,0,0,0,0,0.00,0,0,10.94,1712,0,0,0,0,0,0,0,0,0,0,0,0,0,0,0,0,0,0,0,0,0,0,0,0,0,0,0,0,0,0,0,0,0,0,0,0,0,0,0,0,0,0,0,0,0,0,0,0,0,0,0,0,0,0,0,0,0,0,0,0,0,0,0,0,0,0,0,0,0,0,0,0,0,0,14,68.63,64.8,0,101,1752,4,0.0,0,37,79,0,13.9,25.5
40900,13.3,25.6,0.000,3.826,47.8,219,5.47,0.00,0,0,0,0,0.00,0,0,10.94,1712,0,0,0,0,0,0,0,0,0,0,0,0,0,0,0,0,0,0,0,0,0,0,0,0,0,0,0,0,0,0,0,0,0,0,0,0,0,0,0,0,0,0,0,0,0,0,0,0,0,0,0,0,0,0,0,0,0,0,0,0,0,0,0,0,0,0,0,0,0,0,0,0,0,0,14,68.63,64.8,0,101,1698,6,0.0,0,37,79,0,13.9,25.5
41000,13.3,25.6,0.000,3.843,47.8,220,5.08,0.00,0,0,0,0,0.00,0,0,10.94,1712,0,0,0,0,0,0,0,0,0,0,0,0,0,0,0,0,0,0,0,0,0,0,0,0,0,0,0,0,0,0,0,0,0,0,0,0,0,0,0,0,0,0,0,0,0,0,0,0,0,0,0,0,0,0,0,0,0,0,0,0,0,0,0,0,0,0,0,0,0,0,0,0,0,0,15,73.53,64.8,0,101,1694,7,0.0,0,37,79,0,14.0,25.5
41100,13.3,25.6,0.000,3.843,47.8,220,5.08,0.00,0,0,0,0,0.00,0,0,10.94,1712,0,0,0,0,0,0,0,0,0,0,0,0,0,0,0,0,0,0,0,0,0,0,0,0,0,0,0,0,0,0,0,0,0,0,0,0,0,0,0,0,0,0,0,0,0,0,0,0,0,0,0,0,0,0,0,0,0,0,0,0,0,0,0,0,0,0,0,0,0,0,0,0,0,0,15,73.53,64.8,0,101,1694,7,0.0,0,37,79,0,14.0,25.5
41200,13.3,25.6,0.000,3.798,47.0,219,5.47,0.00,0,0,0,0,0.00,0,0,10.94,1712,0,0,0,0,0,0,0,0,0,0,0,0,0,0,0,0,0,0,0,0,0,0,0,0,0,0,0,0,0,0,0,0,0,0,0,0,0,0,0,0,0,0,0,0,0,0,0,0,0,0,0,0,0,0,0,0,0,0,0,0,0,0,0,0,0,0,0,0,0,0,0,0,0,0,14,68.63,64.9,0,101,1778,5,0.0,0,37,79,0,13.9,25.5
41300,13.3,25.6,0.000,3.798,47.4,219,5.47,0.00,0,0,0,0,0.00,0,0,10.94,1712,0,0,0,0,0,0,0,0,0,0,0,0,0,0,0,0,0,0,0,0,0,0,0,0,0,0,0,0,0,0,0,0,0,0,0,0,0,0,0,0,0,0,0,0,0,0,0,0,0,0,0,0,0,0,0,0,0,0,0,0,0,0,0,0,0,0,0,0,0,0,0,0,0,0,14,68.63,64.9,0,101,1778,5,0.0,0,37,79,0,13.9,25.5
41400,13.3,25.6,0.000,3.798,47.8,219,5.47,0.00,0,0,0,0,0.00,0,0,10.94,1712,0,0,0,0,0,0,0,0,0,0,0,0,0,0,0,0,0,0,0,0,0,0,0,0,0,0,0,0,0,0,0,0,0,0,0,0,0,0,0,0,0,0,0,0,0,0,0,0,0,0,0,0,0,0,0,0,0,0,0,0,0,0,0,0,0,0,0,0,0,0,0,0,0,0,14,68.63,64.9,0,101,1746,5,0.0,0,37,79,0,13.9,25.5
41500,13.3,25.6,0.000,3.798,47.4,219,5.47,0.00,0,0,0,0,0.00,0,0,10.94,1712,0,0,0,0,0,0,0,0,0,0,0,0,0,0,0,0,0,0,0,0,0,0,0,0,0,0,0,0,0,0,0,0,0,0,0,0,0,0,0,0,0,0,0,0,0,0,0,0,0,0,0,0,0,0,0,0,0,0,0,0,0,0,0,0,0,0,0,0,0,0,0,0,0,0,14,68.63,64.9,0,101,1753,4,0.0,0,37,79,0,14.0,25.5
41600,13.3,25.6,0.000,3.798,47.4,219,5.47,0.00,0,0,0,0,0.00,0,0,10.94,1712,0,0,0,0,0,0,0,0,0,0,0,0,0,0,0,0,0,0,0,0,0,0,0,0,0,0,0,0,0,0,0,0,0,0,0,0,0,0,0,0,0,0,0,0,0,0,0,0,0,0,0,0,0,0,0,0,0,0,0,0,0,0,0,0,0,0,0,0,0,0,0,0,0,0,14,68.63,64.9,0,101,1753,4,0.0,0,37,79,0,14.0,25.5
41700,13.3,25.6,0.000,3.798,47.4,219,5.47,0.00,0,0,0,0,0.00,0,0,10.94,1712,0,0,0,0,0,0,0,0,0,0,0,0,0,0,0,0,0,0,0,0,0,0,0,0,0,0,0,0,0,0,0,0,0,0,0,0,0,0,0,0,0,0,0,0,0,0,0,0,0,0,0,0,0,0,0,0,0,0,0,0,0,0,0,0,0,0,0,0,0,0,0,0,0,0,14,68.63,64.9,0,101,1775,5,0.0,0,37,79,0,13.9,25.5
41800,13.3,25.6,0.000,3.798,47.0,219,5.47,0.00,0,0,0,0,0.00,0,0,10.94,1712,0,0,0,0,0,0,0,0,0,0,0,0,0,0,0,0,0,0,0,0,0,0,0,0,0,0,0,0,0,0,0,0,0,0,0,0,0,0,0,0,0,0,0,0,0,0,0,0,0,0,0,0,0,0,0,0,0,0,0,0,0,0,0,0,0,0,0,0,0,0,0,0,0,0,14,68.63,64.9,0,101,1750,5,0.0,0,37,79,0,14.0,25.5
41900,13.3,25.6,0.000,3.798,47.4,219,5.47,0.00,0,0,0,0,0.00,0,0,10.94,1712,0,0,0,0,0,0,0,0,0,0,0,0,0,0,0,0,0,0,0,0,0,0,0,0,0,0,0,0,0,0,0,0,0,0,0,0,0,0,0,0,0,0,0,0,0,0,0,0,0,0,0,0,0,0,0,0,0,0,0,0,0,0,0,0,0,0,0,0,0,0,0,0,0,0,15,73.53,64.9,0,101,1736,4,0.0,0,37,79,0,13.9,25.5
42000,13.3,25.6,0.000,3.843,47.8,220,5.08,0.00,0,0,0,0,0.00,0,0,10.94,1712,0,0,0,0,0,0,0,0,0,0,0,0,0,0,0,0,0,0,0,0,0,0,0,0,0,0,0,0,0,0,0,0,0,0,0,0,0,0,0,0,0,0,0,0,0,0,0,0,0,0,0,0,0,0,0,0,0,0,0,0,0,0,0,0,0,0,0,0,0,0,0,0,0,0,14,68.63,64.9,0,101,1705,6,0.0,0,37,79,0,14.0,25.5
42100,13.3,25.6,0.000,3.843,47.8,220,5.08,0.00,0,0,0,0,0.00,0,0,10.94,1712,0,0,0,0,0,0,0,0,0,0,0,0,0,0,0,0,0,0,0,0,0,0,0,0,0,0,0,0,0,0,0,0,0,0,0,0,0,0,0,0,0,0,0,0,0,0,0,0,0,0,0,0,0,0,0,0,0,0,0,0,0,0,0,0,0,0,0,0,0,0,0,0,0,0,14,68.63,64.9,0,101,1705,6,0.0,0,37,79,0,14.0,25.5
42200,13.3,25.6,0.000,3.843,47.8,220,5.08,0.00,0,0,0,0,0.00,0,0,10.94,1712,0,0,0,0,0,0,0,0,0,0,0,0,0,0,0,0,0,0,0,0,0,0,0,0,0,0,0,0,0,0,0,0,0,0,0,0,0,0,0,0,0,0,0,0,0,0,0,0,0,0,0,0,0,0,0,0,0,0,0,0,0,0,0,0,0,0,0,0,0,0,0,0,0,0,14,68.63,64.9,0,101,1746,5,0.0,0,37,79,0,14.0,25.5
42300,13.3,25.6,0.000,3.798,47.4,219,5.47,0.00,0,0,0,0,0.00,0,0,10.94,1712,0,0,0,0,0,0,0,0,0,0,0,0,0,0,0,0,0,0,0,0,0,0,0,0,0,0,0,0,0,0,0,0,0,0,0,0,0,0,0,0,0,0,0,0,0,0,0,0,0,0,0,0,0,0,0,0,0,0,0,0,0,0,0,0,0,0,0,0,0,0,0,0,0,0,15,73.53,64.9,0,101,1783,5,0.0,0,37,79,0,13.9,25.5
42400,13.3,25.6,0.000,3.798,47.4,219,5.47,0.00,0,0,0,0,0.00,0,0,10.94,1712,0,0,0,0,0,0,0,0,0,0,0,0,0,0,0,0,0,0,0,0,0,0,0,0,0,0,0,0,0,0,0,0,0,0,0,0,0,0,0,0,0,0,0,0,0,0,0,0,0,0,0,0,0,0,0,0,0,0,0,0,0,0,0,0,0,0,0,0,0,0,0,0,0,0,15,73.53,64.9,0,101,1783,5,0.0,0,37,79,0,13.9,25.5
42500,13.3,25.6,0.000,3.798,47.8,219,5.47,0.00,0,0,0,0,0.00,0,0,10.94,1712,0,0,0,0,0,0,0,0,0,0,0,0,0,0,0,0,0,0,0,0,0,0,0,0,0,0,0,0,0,0,0,0,0,0,0,0,0,0,0,0,0,0,0,0,0,0,0,0,0,0,0,0,0,0,0,0,0,0,0,0,0,0,0,0,0,0,0,0,0,0,0,0,0,0,15,73.53,64.9,0,101,1742,5,0.0,0,37,79,0,13.9,25.5
42600,13.3,25.6,0.000,3.754,47.8,219,5.08,0.00,0,0,0,0,0.00,0,0,10.94,1712,0,0,0,0,0,0,0,0,0,0,0,0,0,0,0,0,0,0,0,0,0,0,0,0,0,0,0,0,0,0,0,0,0,0,0,0,0,0,0,0,0,0,0,0,0,0,0,0,0,0,0,0,0,0,0,0,0,0,0,0,0,0,0,0,0,0,0,0,0,0,0,0,0,0,15,73.53,64.9,0,101,1742,5,0.0,0,37,79,0,13.9,25.5
42700,13.3,25.6,0.000,3.798,47.4,219,5.47,0.00,0,0,0,0,0.00,0,0,10.94,1712,0,0,0,0,0,0,0,0,0,0,0,0,0,0,0,0,0,0,0,0,0,0,0,0,0,0,0,0,0,0,0,0,0,0,0,0,0,0,0,0,0,0,0,0,0,0,0,0,0,0,0,0,0,0,0,0,0,0,0,0,0,0,0,0,0,0,0,0,0,0,0,0,0,0,15,73.53,64.9,0,101,1772,4,0.0,0,37,79,0,13.9,25.5
42800,13.3,25.6,0.000,3.785,47.0,218,5.47,0.00,0,0,0,0,0.00,0,0,10.94,1712,0,0,0,0,0,0,0,0,0,0,0,0,0,0,0,0,0,0,0,0,0,0,0,0,0,0,0,0,0,0,0,0,0,0,0,0,0,0,0,0,0,0,0,0,0,0,0,0,0,0,0,0,0,0,0,0,0,0,0,0,0,0,0,0,0,0,0,0,0,0,0,0,0,0,14,68.63,64.9,0,101,1798,4,0.0,0,37,79,0,13.9,25.5
42900,13.3,25.6,0.000,3.785,47.0,218,5.47,0.00,0,0,0,0,0.00,0,0,10.94,1712,0,0,0,0,0,0,0,0,0,0,0,0,0,0,0,0,0,0,0,0,0,0,0,0,0,0,0,0,0,0,0,0,0,0,0,0,0,0,0,0,0,0,0,0,0,0,0,0,0,0,0,0,0,0,0,0,0,0,0,0,0,0,0,0,0,0,0,0,0,0,0,0,0,0,15,73.53,64.9,0,101,1741,5,0.0,0,37,79,0,14.0,25.5
43000,13.3,25.6,0.000,3.843,47.8,220,5.08,0.00,0,0,0,0,0.00,0,0,10.94,1712,0,0,0,0,0,0,0,0,0,0,0,0,0,0,0,0,0,0,0,0,0,0,0,0,0,0,0,0,0,0,0,0,0,0,0,0,0,0,0,0,0,0,0,0,0,0,0,0,0,0,0,0,0,0,0,0,0,0,0,0,0,0,0,0,0,0,0,0,0,0,0,0,0,0,14,68.63,64.9,0,101,1676,6,0.0,0,37,80,0,13.9,25.5
43100,13.3,25.6,0.000,3.843,47.8,220,5.08,0.00,0,0,0,0,0.00,0,0,10.94,1712,0,0,0,0,0,0,0,0,0,0,0,0,0,0,0,0,0,0,0,0,0,0,0,0,0,0,0,0,0,0,0,0,0,0,0,0,0,0,0,0,0,0,0,0,0,0,0,0,0,0,0,0,0,0,0,0,0,0,0,0,0,0,0,0,0,0,0,0,0,0,0,0,0,0,14,68.63,64.9,0,101,1676,6,0.0,0,37,80,0,13.9,25.5
43200,13.3,25.6,0.000,3.843,47.8,220,5.08,0.00,0,0,0,0,0.00,0,0,10.94,1712,0,0,0,0,0,0,0,0,0,0,0,0,0,0,0,0,0,0,0,0,0,0,0,0,0,0,0,0,0,0,0,0,0,0,0,0,0,0,0,0,0,0,0,0,0,0,0,0,0,0,0,0,0,0,0,0,0,0,0,0,0,0,0,0,0,0,0,0,0,0,0,0,0,0,15,73.53,65.0,0,101,1732,8,0.0,0,37,80,0,13.9,25.5
43300,13.3,25.6,0.000,3.798,47.4,219,5.47,0.00,0,0,0,0,0.00,0,0,10.94,1712,0,0,0,0,0,0,0,0,0,0,0,0,0,0,0,0,0,0,0,0,0,0,0,0,0,0,0,0,0,0,0,0,0,0,0,0,0,0,0,0,0,0,0,0,0,0,0,0,0,0,0,0,0,0,0,0,0,0,0,0,0,0,0,0,0,0,0,0,0,0,0,0,0,0,14,68.63,65.0,0,101,1774,4,0.0,0,37,80,0,14.0,25.5
43400,13.3,25.6,0.000,3.798,47.4,219,5.47,0.00,0,0,0,0,0.00,0,0,10.94,1712,0,0,0,0,0,0,0,0,0,0,0,0,0,0,0,0,0,0,0,0,0,0,0,0,0,0,0,0,0,0,0,0,0,0,0,0,0,0,0,0,0,0,0,0,0,0,0,0,0,0,0,0,0,0,0,0,0,0,0,0,0,0,0,0,0,0,0,0,0,0,0,0,0,0,14,68.63,65.0,0,101,1774,4,0.0,0,37,80,0,14.0,25.5
43500,13.3,25.6,0.000,3.798,47.4,219,5.47,0.00,0,0,0,0,0.00,0,0,10.94,1712,0,0,0,0,0,0,0,0,0,0,0,0,0,0,0,0,0,0,0,0,0,0,0,0,0,0,0,0,0,0,0,0,0,0,0,0,0,0,0,0,0,0,0,0,0,0,0,0,0,0,0,0,0,0,0,0,0,0,0,0,0,0,0,0,0,0,0,0,0,0,0,0,0,0,15,73.53,65.0,0,101,1763,4,0.0,0,37,80,0,14.0,25.5
43600,13.3,25.6,0.000,3.798,47.4,219,5.47,0.00,0,0,0,0,0.00,0,0,10.94,1712,0,0,0,0,0,0,0,0,0,0,0,0,0,0,0,0,0,0,0,0,0,0,0,0,0,0,0,0,0,0,0,0,0,0,0,0,0,0,0,0,0,0,0,0,0,0,0,0,0,0,0,0,0,0,0,0,0,0,0,0,0,0,0,0,0,0,0,0,0,0,0,0,0,0,15,73.53,65.0,0,101,1721,4,0.0,0,37,80,0,14.0,25.5
43700,13.3,25.6,0.000,3.843,47.8,220,5.47,0.00,0,0,0,0,0.00,0,0,10.94,1712,0,0,0,0,0,0,0,0,0,0,0,0,0,0,0,0,0,0,0,0,0,0,0,0,0,0,0,0,0,0,0,0,0,0,0,0,0,0,0,0,0,0,0,0,0,0,0,0,0,0,0,0,0,0,0,0,0,0,0,0,0,0,0,0,0,0,0,0,0,0,0,0,0,0,14,68.63,65.0,0,101,1719,6,0.0,0,37,80,0,13.9,25.5
43800,13.3,25.6,0.000,3.843,47.8,220,5.47,0.00,0,0,0,0,0.00,0,0,10.94,1712,0,0,0,0,0,0,0,0,0,0,0,0,0,0,0,0,0,0,0,0,0,0,0,0,0,0,0,0,0,0,0,0,0,0,0,0,0,0,0,0,0,0,0,0,0,0,0,0,0,0,0,0,0,0,0,0,0,0,0,0,0,0,0,0,0,0,0,0,0,0,0,0,0,0,14,68.63,65.0,0,101,1719,6,0.0,0,37,80,0,13.9,25.5
43900,13.3,25.6,0.000,3.798,47.4,219,5.47,0.00,0,0,0,0,0.00,0,0,10.94,1712,0,0,0,0,0,0,0,0,0,0,0,0,0,0,0,0,0,0,0,0,0,0,0,0,0,0,0,0,0,0,0,0,0,0,0,0,0,0,0,0,0,0,0,0,0,0,0,0,0,0,0,0,0,0,0,0,0,0,0,0,0,0,0,0,0,0,0,0,0,0,0,0,0,0,15,73.53,65.0,0,101,1757,4,0.0,0,37,80,0,13.9,25.5
44000,13.3,25.6,0.000,3.826,47.4,219,5.47,0.00,0,0,0,0,0.00,0,0,10.94,1712,0,0,0,0,0,0,0,0,0,0,0,0,0,0,0,0,0,0,0,0,0,0,0,0,0,0,0,0,0,0,0,0,0,0,0,0,0,0,0,0,0,0,0,0,0,0,0,0,0,0,0,0,0,0,0,0,0,0,0,0,0,0,0,0,0,0,0,0,0,0,0,0,0,0,14,68.63,65.0,0,101,1737,5,0.0,0,37,80,0,13.9,25.5
44100,13.3,25.6,0.000,3.826,47.4,219,5.47,0.00,0,0,0,0,0.00,0,0,10.94,1712,0,0,0,0,0,0,0,0,0,0,0,0,0,0,0,0,0,0,0,0,0,0,0,0,0,0,0,0,0,0,0,0,0,0,0,0,0,0,0,0,0,0,0,0,0,0,0,0,0,0,0,0,0,0,0,0,0,0,0,0,0,0,0,0,0,0,0,0,0,0,0,0,0,0,14,68.63,65.0,0,101,1737,5,0.0,0,37,80,0,13.9,25.5
44200,13.3,25.6,0.000,3.826,47.4,219,5.47,0.00,0,0,0,0,0.00,0,0,10.94,1712,0,0,0,0,0,0,0,0,0,0,0,0,0,0,0,0,0,0,0,0,0,0,0,0,0,0,0,0,0,0,0,0,0,0,0,0,0,0,0,0,0,0,0,0,0,0,0,0,0,0,0,0,0,0,0,0,0,0,0,0,0,0,0,0,0,0,0,0,0,0,0,0,0,0,14,68.63,64.9,0,101,1703,7,0.0,0,37,80,0,13.8,25.5
44300,13.3,25.6,0.000,3.826,47.4,219,5.47,0.00,0,0,0,0,0.00,0,0,10.94,1712,0,0,0,0,0,0,0,0,0,0,0,0,0,0,0,0,0,0,0,0,0,0,0,0,0,0,0,0,0,0,0,0,0,0,0,0,0,0,0,0,0,0,0,0,0,0,0,0,0,0,0,0,0,0,0,0,0,0,0,0,0,0,0,0,0,0,0,0,0,0,0,0,0,0,14,68.63,64.9,0,101,1776,5,0.0,0,37,80,0,13.9,25.5
44400,13.3,25.6,0.000,3.798,47.4,219,5.47,0.00,0,0,0,0,0.00,0,0,10.94,1712,0,0,0,0,0,0,0,0,0,0,0,0,0,0,0,0,0,0,0,0,0,0,0,0,0,0,0,0,0,0,0,0,0,0,0,0,0,0,0,0,0,0,0,0,0,0,0,0,0,0,0,0,0,0,0,0,0,0,0,0,0,0,0,0,0,0,0,0,0,0,0,0,0,0,15,73.53,64.9,0,101,1750,4,0.0,0,37,80,0,14.0,25.5
44500,13.3,25.6,0.000,3.798,47.4,219,5.47,0.00,0,0,0,0,0.00,0,0,10.94,1712,0,0,0,0,0,0,0,0,0,0,0,0,0,0,0,0,0,0,0,0,0,0,0,0,0,0,0,0,0,0,0,0,0,0,0,0,0,0,0,0,0,0,0,0,0,0,0,0,0,0,0,0,0,0,0,0,0,0,0,0,0,0,0,0,0,0,0,0,0,0,0,0,0,0,15,73.53,64.9,0,101,1750,4,0.0,0,37,80,0,14.0,25.5
44600,13.3,25.6,0.000,3.798,47.8,219,5.08,0.00,0,0,0,0,0.00,0,0,10.94,1712,0,0,0,0,0,0,0,0,0,0,0,0,0,0,0,0,0,0,0,0,0,0,0,0,0,0,0,0,0,0,0,0,0,0,0,0,0,0,0,0,0,0,0,0,0,0,0,0,0,0,0,0,0,0,0,0,0,0,0,0,0,0,0,0,0,0,0,0,0,0,0,0,0,0,15,73.53,64.9,0,101,1671,9,0.0,0,37,80,0,14.0,25.5
44700,13.3,25.6,0.000,3.843,47.8,220,5.08,0.00,0,0,0,0,0.00,0,0,10.94,1712,0,0,0,0,0,0,0,0,0,0,0,0,0,0,0,0,0,0,0,0,0,0,0,0,0,0,0,0,0,0,0,0,0,0,0,0,0,0,0,0,0,0,0,0,0,0,0,0,0,0,0,0,0,0,0,0,0,0,0,0,0,0,0,0,0,0,0,0,0,0,0,0,0,0,15,73.53,64.9,0,101,1671,9,0.0,0,37,80,0,14.0,25.5
44800,13.3,25.6,0.000,3.826,47.8,219,5.47,0.00,0,0,0,0,0.00,0,0,10.94,1712,0,0,0,0,0,0,0,0,0,0,0,0,0,0,0,0,0,0,0,0,0,0,0,0,0,0,0,0,0,0,0,0,0,0,0,0,0,0,0,0,0,0,0,0,0,0,0,0,0,0,0,0,0,0,0,0,0,0,0,0,0,0,0,0,0,0,0,0,0,0,0,0,0,0,14,68.63,64.9,0,101,1747,5,0.0,0,37,80,0,14.0,25.5
44900,13.3,25.6,0.000,3.826,47.8,219,5.47,0.00,0,0,0,0,0.00,0,0,10.94,1712,0,0,0,0,0,0,0,0,0,0,0,0,0,0,0,0,0,0,0,0,0,0,0,0,0,0,0,0,0,0,0,0,0,0,0,0,0,0,0,0,0,0,0,0,0,0,0,0,0,0,0,0,0,0,0,0,0,0,0,0,0,0,0,0,0,0,0,0,0,0,0,0,0,0,15,73.53,64.9,0,101,1730,5,0.0,0,37,80,0,13.9,25.5
45000,13.3,25.6,0.000,3.826,47.8,219,5.47,0.00,0,0,0,0,0.00,0,0,10.94,1712,0,0,0,0,0,0,0,0,0,0,0,0,0,0,0,0,0,0,0,0,0,0,0,0,0,0,0,0,0,0,0,0,0,0,0,0,0,0,0,0,0,0,0,0,0,0,0,0,0,0,0,0,0,0,0,0,0,0,0,0,0,0,0,0,0,0,0,0,0,0,0,0,0,0,15,73.53,64.9,0,101,1756,5,0.0,0,37,81,0,13.9,25.5
45100,13.3,25.6,0.000,3.833,47.8,220,5.08,0.00,0,0,0,0,0.00,0,0,10.94,1712,0,0,0,0,0,0,0,0,0,0,0,0,0,0,0,0,0,0,0,0,0,0,0,0,0,0,0,0,0,0,0,0,0,0,0,0,0,0,0,0,0,0,0,0,0,0,0,0,0,0,0,0,0,0,0,0,0,0,0,0,0,0,0,0,0,0,0,0,0,0,0,0,0,0,14,68.63,64.9,0,101,1709,7,0.0,0,37,81,0,14.0,25.5
45200,13.3,25.6,0.000,3.833,47.8,220,5.08,0.00,0,0,0,0,0.00,0,0,10.94,1712,0,0,0,0,0,0,0,0,0,0,0,0,0,0,0,0,0,0,0,0,0,0,0,0,0,0,0,0,0,0,0,0,0,0,0,0,0,0,0,0,0,0,0,0,0,0,0,0,0,0,0,0,0,0,0,0,0,0,0,0,0,0,0,0,0,0,0,0,0,0,0,0,0,0,14,68.63,65.0,0,101,1709,7,0.0,0,37,81,0,14.0,25.5
45300,13.3,25.6,0.000,3.819,47.4,219,5.47,0.00,0,0,0,0,0.00,0,0,10.94,1712,0,0,0,0,0,0,0,0,0,0,0,0,0,0,0,0,0,0,0,0,0,0,0,0,0,0,0,0,0,0,0,0,0,0,0,0,0,0,0,0,0,0,0,0,0,0,0,0,0,0,0,0,0,0,0,0,0,0,0,0,0,0,0,0,0,0,0,0,0,0,0,0,0,0,15,73.53,65.0,0,101,1731,5,0.0,0,37,81,0,14.0,25.5
45400,13.3,25.6,0.000,3.819,47.8,219,5.47,0.00,0,0,0,0,0.00,0,0,10.94,1712,0,0,0,0,0,0,0,0,0,0,0,0,0,0,0,0,0,0,0,0,0,0,0,0,0,0,0,0,0,0,0,0,0,0,0,0,0,0,0,0,0,0,0,0,0,0,0,0,0,0,0,0,0,0,0,0,0,0,0,0,0,0,0,0,0,0,0,0,0,0,0,0,0,0,15,73.53,65.0,0,101,1741,4,0.0,0,37,81,0,13.9,25.5
45500,13.3,25.6,0.000,3.792,47.4,219,5.47,0.00,0,0,0,0,0.00,0,0,10.94,1712,0,0,0,0,0,0,0,0,0,0,0,0,0,0,0,0,0,0,0,0,0,0,0,0,0,0,0,0,0,0,0,0,0,0,0,0,0,0,0,0,0,0,0,0,0,0,0,0,0,0,0,0,0,0,0,0,0,0,0,0,0,0,0,0,0,0,0,0,0,0,0,0,0,0,15,73.53,65.0,0,101,1778,4,0.0,0,37,81,0,13.9,25.5
45600,13.3,25.6,0.000,3.792,47.4,219,5.47,0.00,0,0,0,0,0.00,0,0,10.94,1712,0,0,0,0,0,0,0,0,0,0,0,0,0,0,0,0,0,0,0,0,0,0,0,0,0,0,0,0,0,0,0,0,0,0,0,0,0,0,0,0,0,0,0,0,0,0,0,0,0,0,0,0,0,0,0,0,0,0,0,0,0,0,0,0,0,0,0,0,0,0,0,0,0,0,15,73.53,65.0,0,101,1749,6,0.0,0,37,81,0,14.0,25.5
45700,13.3,25.6,0.000,3.833,47.4,220,5.08,0.00,0,0,0,0,0.00,0,0,10.94,1712,0,0,0,0,0,0,0,0,0,0,0,0,0,0,0,0,0,0,0,0,0,0,0,0,0,0,0,0,0,0,0,0,0,0,0,0,0,0,0,0,0,0,0,0,0,0,0,0,0,0,0,0,0,0,0,0,0,0,0,0,0,0,0,0,0,0,0,0,0,0,0,0,0,0,15,73.53,65.0,0,101,1711,6,0.0,0,37,81,0,14.0,25.5
45800,13.3,25.6,0.000,3.833,47.4,220,5.08,0.00,0,0,0,0,0.00,0,0,10.94,1712,0,0,0,0,0,0,0,0,0,0,0,0,0,0,0,0,0,0,0,0,0,0,0,0,0,0,0,0,0,0,0,0,0,0,0,0,0,0,0,0,0,0,0,0,0,0,0,0,0,0,0,0,0,0,0,0,0,0,0,0,0,0,0,0,0,0,0,0,0,0,0,0,0,0,15,73.53,65.0,0,101,1711,6,0.0,0,37,81,0,14.0,25.5
45900,13.3,25.6,0.000,3.792,47.4,219,5.47,0.00,0,0,0,0,0.00,0,0,10.94,1712,0,0,0,0,0,0,0,0,0,0,0,0,0,0,0,0,0,0,0,0,0,0,0,0,0,0,0,0,0,0,0,0,0,0,0,0,0,0,0,0,0,0,0,0,0,0,0,0,0,0,0,0,0,0,0,0,0,0,0,0,0,0,0,0,0,0,0,0,0,0,0,0,0,0,14,68.63,65.0,0,101,1765,5,0.0,0,37,81,0,13.9,25.5
46000,13.3,25.6,0.000,3.798,47.4,219,5.47,0.00,0,0,0,0,0.00,0,0,10.94,1712,0,0,0,0,0,0,0,0,0,0,0,0,0,0,0,0,0,0,0,0,0,0,0,0,0,0,0,0,0,0,0,0,0,0,0,0,0,0,0,0,0,0,0,0,0,0,0,0,0,0,0,0,0,0,0,0,0,0,0,0,0,0,0,0,0,0,0,0,0,0,0,0,0,0,15,73.53,65.0,0,101,1783,4,0.0,0,37,81,0,13.9,25.5
46100,13.3,25.6,0.000,3.826,47.4,219,5.47,0.00,0,0,0,0,0.00,0,0,10.94,1712,0,0,0,0,0,0,0,0,0,0,0,0,0,0,0,0,0,0,0,0,0,0,0,0,0,0,0,0,0,0,0,0,0,0,0,0,0,0,0,0,0,0,0,0,0,0,0,0,0,0,0,0,0,0,0,0,0,0,0,0,0,0,0,0,0,0,0,0,0,0,0,0,0,0,15,73.53,65.0,0,101,1764,5,0.0,0,37,81,0,14.0,25.5
46200,13.3,25.6,0.000,3.819,47.8,219,5.47,0.00,0,0,0,0,0.00,0,0,10.94,1712,0,0,0,0,0,0,0,0,0,0,0,0,0,0,0,0,0,0,0,0,0,0,0,0,0,0,0,0,0,0,0,0,0,0,0,0,0,0,0,0,0,0,0,0,0,0,0,0,0,0,0,0,0,0,0,0,0,0,0,0,0,0,0,0,0,0,0,0,0,0,0,0,0,0,14,68.63,65.1,0,101,1735,5,0.0,0,37,81,0,14.0,25.5
46300,13.3,25.6,0.000,3.819,47.8,219,5.47,0.00,0,0,0,0,0.00,0,0,10.94,1712,0,0,0,0,0,0,0,0,0,0,0,0,0,0,0,0,0,0,0,0,0,0,0,0,0,0,0,0,0,0,0,0,0,0,0,0,0,0,0,0,0,0,0,0,0,0,0,0,0,0,0,0,0,0,0,0,0,0,0,0,0,0,0,0,0,0,0,0,0,0,0,0,0,0,15,73.53,65.1,0,101,1699,5,0.0,0,37,81,0,13.9,25.5
46400,13.3,25.6,0.000,3.833,47.8,220,5.08,0.00,0,0,0,0,0.00,0,0,10.94,1712,0,0,0,0,0,0,0,0,0,0,0,0,0,0,0,0,0,0,0,0,0,0,0,0,0,0,0,0,0,0,0,0,0,0,0,0,0,0,0,0,0,0,0,0,0,0,0,0,0,0,0,0,0,0,0,0,0,0,0,0,0,0,0,0,0,0,0,0,0,0,0,0,0,0,14,68.63,65.1,0,101,1709,6,0.0,0,37,81,0,13.8,25.5
46500,13.3,25.6,0.000,3.833,47.8,220,5.08,0.00,0,0,0,0,0.00,0,0,10.94,1712,0,0,0,0,0,0,0,0,0,0,0,0,0,0,0,0,0,0,0,0,0,0,0,0,0,0,0,0,0,0,0,0,0,0,0,0,0,0,0,0,0,0,0,0,0,0,0,0,0,0,0,0,0,0,0,0,0,0,0,0,0,0,0,0,0,0,0,0,0,0,0,0,0,0,14,68.63,65.1,0,101,1709,6,0.0,0,37,81,0,13.8,25.5
46600,13.3,25.6,0.000,3.833,47.8,220,5.08,0.00,0,0,0,0,0.00,0,0,10.94,1712,0,0,0,0,0,0,0,0,0,0,0,0,0,0,0,0,0,0,0,0,0,0,0,0,0,0,0,0,0,0,0,0,0,0,0,0,0,0,0,0,0,0,0,0,0,0,0,0,0,0,0,0,0,0,0,0,0,0,0,0,0,0,0,0,0,0,0,0,0,0,0,0,0,0,15,73.53,65.1,0,101,1711,5,0.0,0,37,81,0,14.0,25.5
46700,13.3,25.6,0.000,3.833,47.8,220,5.08,0.00,0,0,0,0,0.00,0,0,10.94,1712,0,0,0,0,0,0,0,0,0,0,0,0,0,0,0,0,0,0,0,0,0,0,0,0,0,0,0,0,0,0,0,0,0,0,0,0,0,0,0,0,0,0,0,0,0,0,0,0,0,0,0,0,0,0,0,0,0,0,0,0,0,0,0,0,0,0,0,0,0,0,0,0,0,0,15,73.53,65.1,0,101,1707,6,0.0,0,37,81,0,13.9,25.5
46800,13.3,25.6,0.000,3.819,47.4,219,5.47,0.00,0,0,0,0,0.00,0,0,10.94,1712,0,0,0,0,0,0,0,0,0,0,0,0,0,0,0,0,0,0,0,0,0,0,0,0,0,0,0,0,0,0,0,0,0,0,0,0,0,0,0,0,0,0,0,0,0,0,0,0,0,0,0,0,0,0,0,0,0,0,0,0,0,0,0,0,0,0,0,0,0,0,0,0,0,0,15,73.53,65.1,0,101,1778,5,0.0,0,37,81,0,13.9,25.5
46900,13.3,25.6,0.000,3.819,47.4,219,5.47,0.00,0,0,0,0,0.00,0,0,10.94,1712,0,0,0,0,0,0,0,0,0,0,0,0,0,0,0,0,0,0,0,0,0,0,0,0,0,0,0,0,0,0,0,0,0,0,0,0,0,0,0,0,0,0,0,0,0,0,0,0,0,0,0,0,0,0,0,0,0,0,0,0,0,0,0,0,0,0,0,0,0,0,0,0,0,0,15,73.53,65.1,0,101,1742,5,0.0,0,37,81,0,13.9,25.5
47000,13.3,25.6,0.000,3.833,47.8,220,5.47,0.00,0,0,0,0,0.00,0,0,10.94,1712,0,0,0,0,0,0,0,0,0,0,0,0,0,0,0,0,0,0,0,0,0,0,0,0,0,0,0,0,0,0,0,0,0,0,0,0,0,0,0,0,0,0,0,0,0,0,0,0,0,0,0,0,0,0,0,0,0,0,0,0,0,0,0,0,0,0,0,0,0,0,0,0,0,0,15,73.53,65.1,0,101,1721,6,0.0,0,37,81,0,14.0,25.5
47100,13.3,25.6,0.000,3.833,47.8,220,5.47,0.00,0,0,0,0,0.00,0,0,10.94,1712,0,0,0,0,0,0,0,0,0,0,0,0,0,0,0,0,0,0,0,0,0,0,0,0,0,0,0,0,0,0,0,0,0,0,0,0,0,0,0,0,0,0,0,0,0,0,0,0,0,0,0,0,0,0,0,0,0,0,0,0,0,0,0,0,0,0,0,0,0,0,0,0,0,0,15,73.53,65.1,0,101,1721,6,0.0,0,37,81,0,14.0,25.5
47200,13.3,25.6,0.000,3.833,47.8,220,5.08,0.00,0,0,0,0,0.00,0,0,10.94,1712,0,0,0,0,0,0,0,0,0,0,0,0,0,0,0,0,0,0,0,0,0,0,0,0,0,0,0,0,0,0,0,0,0,0,0,0,0,0,0,0,0,0,0,0,0,0,0,0,0,0,0,0,0,0,0,0,0,0,0,0,0,0,0,0,0,0,0,0,0,0,0,0,0,0,15,73.53,65.2,0,101,1711,5,0.0,0,37,81,0,13.9,25.5
47300,13.3,25.6,0.000,3.833,47.8,220,5.08,0.00,0,0,0,0,0.00,0,0,10.94,1712,0,0,0,0,0,0,0,0,0,0,0,0,0,0,0,0,0,0,0,0,0,0,0,0,0,0,0,0,0,0,0,0,0,0,0,0,0,0,0,0,0,0,0,0,0,0,0,0,0,0,0,0,0,0,0,0,0,0,0,0,0,0,0,0,0,0,0,0,0,0,0,0,0,0,15,73.53,65.2,0,101,1689,7,0.0,0,37,81,0,13.9,25.5
47400,13.3,25.6,0.000,3.833,47.8,220,5.47,0.00,0,0,0,0,0.00,0,0,10.94,1712,0,0,0,0,0,0,0,0,0,0,0,0,0,0,0,0,0,0,0,0,0,0,0,0,0,0,0,0,0,0,0,0,0,0,0,0,0,0,0,0,0,0,0,0,0,0,0,0,0,0,0,0,0,0,0,0,0,0,0,0,0,0,0,0,0,0,0,0,0,0,0,0,0,0,14,68.63,65.2,0,101,1725,6,0.0,0,37,81,0,14.0,25.5
47500,13.3,25.6,0.000,3.833,47.8,220,5.08,0.00,0,0,0,0,0.00,0,0,10.94,1712,0,0,0,0,0,0,0,0,0,0,0,0,0,0,0,0,0,0,0,0,0,0,0,0,0,0,0,0,0,0,0,0,0,0,0,0,0,0,0,0,0,0,0,0,0,0,0,0,0,0,0,0,0,0,0,0,0,0,0,0,0,0,0,0,0,0,0,0,0,0,0,0,0,0,15,73.53,65.2,0,101,1708,6,0.0,0,37,81,0,13.9,25.5
47600,13.3,25.6,0.000,3.833,47.8,220,5.08,0.00,0,0,0,0,0.00,0,0,10.94,1712,0,0,0,0,0,0,0,0,0,0,0,0,0,0,0,0,0,0,0,0,0,0,0,0,0,0,0,0,0,0,0,0,0,0,0,0,0,0,0,0,0,0,0,0,0,0,0,0,0,0,0,0,0,0,0,0,0,0,0,0,0,0,0,0,0,0,0,0,0,0,0,0,0,0,15,73.53,65.2,0,101,1708,6,0.0,0,37,81,0,13.9,25.5
47700,13.3,25.6,0.000,3.833,47.4,220,5.47,0.00,0,0,0,0,0.00,0,0,10.94,1712,0,0,0,0,0,0,0,0,0,0,0,0,0,0,0,0,0,0,0,0,0,0,0,0,0,0,0,0,0,0,0,0,0,0,0,0,0,0,0,0,0,0,0,0,0,0,0,0,0,0,0,0,0,0,0,0,0,0,0,0,0,0,0,0,0,0,0,0,0,0,0,0,0,0,15,73.53,65.2,0,101,1768,6,0.0,0,37,81,0,13.9,25.5
47800,13.3,25.6,0.000,3.833,47.4,220,5.47,0.00,0,0,0,0,0.00,0,0,10.94,1712,0,0,0,0,0,0,0,0,0,0,0,0,0,0,0,0,0,0,0,0,0,0,0,0,0,0,0,0,0,0,0,0,0,0,0,0,0,0,0,0,0,0,0,0,0,0,0,0,0,0,0,0,0,0,0,0,0,0,0,0,0,0,0,0,0,0,0,0,0,0,0,0,0,0,15,73.53,65.2,0,101,1768,6,0.0,0,37,81,0,13.9,25.5
47900,13.3,25.6,0.000,3.792,47.4,219,5.47,0.00,0,0,0,0,0.00,0,0,10.94,1712,0,0,0,0,0,0,0,0,0,0,0,0,0,0,0,0,0,0,0,0,0,0,0,0,0,0,0,0,0,0,0,0,0,0,0,0,0,0,0,0,0,0,0,0,0,0,0,0,0,0,0,0,0,0,0,0,0,0,0,0,0,0,0,0,0,0,0,0,0,0,0,0,0,0,15,73.53,65.2,0,101,1751,5,0.0,0,37,81,0,14.0,25.5
48000,13.3,25.6,0.000,3.819,47.8,219,5.08,0.00,0,0,0,0,0.00,0,0,10.94,1712,0,0,0,0,0,0,0,0,0,0,0,0,0,0,0,0,0,0,0,0,0,0,0,0,0,0,0,0,0,0,0,0,0,0,0,0,0,0,0,0,0,0,0,0,0,0,0,0,0,0,0,0,0,0,0,0,0,0,0,0,0,0,0,0,0,0,0,0,0,0,0,0,0,0,14,68.63,65.2,0,101,1699,7,0.0,0,37,81,0,13.9,25.5
48100,13.3,25.6,0.000,3.833,47.8,220,5.08,0.00,0,0,0,0,0.00,0,0,10.94,1712,0,0,0,0,0,0,0,0,0,0,0,0,0,0,0,0,0,0,0,0,0,0,0,0,0,0,0,0,0,0,0,0,0,0,0,0,0,0,0,0,0,0,0,0,0,0,0,0,0,0,0,0,0,0,0,0,0,0,0,0,0,0,0,0,0,0,0,0,0,0,0,0,0,0,15,73.53,65.2,0,101,1699,8,0.0,0,37,81,0,13.9,25.5
48200,13.3,25.6,0.000,3.833,47.8,220,5.08,0.00,0,0,0,0,0.00,0,0,10.94,1712,0,0,0,0,0,0,0,0,0,0,0,0,0,0,0,0,0,0,0,0,0,0,0,0,0,0,0,0,0,0,0,0,0,0,0,0,0,0,0,0,0,0,0,0,0,0,0,0,0,0,0,0,0,0,0,0,0,0,0,0,0,0,0,0,0,0,0,0,0,0,0,0,0,0,15,73.53,65.3,0,101,1699,8,0.0,0,37,81,0,13.9,25.5
48300,13.3,25.6,0.000,3.833,47.8,220,5.08,0.00,0,0,0,0,0.00,0,0,10.94,1712,0,0,0,0,0,0,0,0,0,0,0,0,0,0,0,0,0,0,0,0,0,0,0,0,0,0,0,0,0,0,0,0,0,0,0,0,0,0,0,0,0,0,0,0,0,0,0,0,0,0,0,0,0,0,0,0,0,0,0,0,0,0,0,0,0,0,0,0,0,0,0,0,0,0,14,68.63,65.3,0,101,1694,7,0.0,0,37,81,0,13.9,25.5
48400,13.3,25.6,0.000,3.833,47.8,220,5.08,0.00,0,0,0,0,0.00,0,0,10.94,1712,0,0,0,0,0,0,0,0,0,0,0,0,0,0,0,0,0,0,0,0,0,0,0,0,0,0,0,0,0,0,0,0,0,0,0,0,0,0,0,0,0,0,0,0,0,0,0,0,0,0,0,0,0,0,0,0,0,0,0,0,0,0,0,0,0,0,0,0,0,0,0,0,0,0,14,68.63,65.3,0,101,1694,7,0.0,0,37,81,0,13.9,25.5
48500,13.3,25.6,0.000,3.833,47.8,220,5.08,0.00,0,0,0,0,0.00,0,0,10.94,1712,0,0,0,0,0,0,0,0,0,0,0,0,0,0,0,0,0,0,0,0,0,0,0,0,0,0,0,0,0,0,0,0,0,0,0,0,0,0,0,0,0,0,0,0,0,0,0,0,0,0,0,0,0,0,0,0,0,0,0,0,0,0,0,0,0,0,0,0,0,0,0,0,0,0,14,68.63,65.3,0,101,1694,7,0.0,0,37,81,0,13.9,25.5
48600,13.3,25.6,0.000,3.792,47.0,219,5.47,0.00,0,0,0,0,0.00,0,0,10.94,1712,0,0,0,0,0,0,0,0,0,0,0,0,0,0,0,0,0,0,0,0,0,0,0,0,0,0,0,0,0,0,0,0,0,0,0,0,0,0,0,0,0,0,0,0,0,0,0,0,0,0,0,0,0,0,0,0,0,0,0,0,0,0,0,0,0,0,0,0,0,0,0,0,0,0,15,73.53,65.3,0,101,1755,5,0.0,0,37,81,0,13.9,25.5
48700,13.3,25.6,0.000,3.792,47.0,219,5.47,0.00,0,0,0,0,0.00,0,0,10.94,1712,0,0,0,0,0,0,0,0,0,0,0,0,0,0,0,0,0,0,0,0,0,0,0,0,0,0,0,0,0,0,0,0,0,0,0,0,0,0,0,0,0,0,0,0,0,0,0,0,0,0,0,0,0,0,0,0,0,0,0,0,0,0,0,0,0,0,0,0,0,0,0,0,0,0,15,73.53,65.3,0,101,1755,5,0.0,0,37,81,0,13.9,25.5
48800,13.3,25.6,0.000,3.819,47.8,219,5.47,0.00,0,0,0,0,0.00,0,0,10.94,1712,0,0,0,0,0,0,0,0,0,0,0,0,0,0,0,0,0,0,0,0,0,0,0,0,0,0,0,0,0,0,0,0,0,0,0,0,0,0,0,0,0,0,0,0,0,0,0,0,0,0,0,0,0,0,0,0,0,0,0,0,0,0,0,0,0,0,0,0,0,0,0,0,0,0,15,73.53,65.3,0,101,1743,6,0.0,0,37,82,0,13.9,25.5
48900,13.3,25.6,0.000,3.747,47.4,219,5.08,0.00,0,0,0,0,0.00,0,0,10.94,1712,0,0,0,0,0,0,0,0,0,0,0,0,0,0,0,0,0,0,0,0,0,0,0,0,0,0,0,0,0,0,0,0,0,0,0,0,0,0,0,0,0,0,0,0,0,0,0,0,0,0,0,0,0,0,0,0,0,0,0,0,0,0,0,0,0,0,0,0,0,0,0,0,0,0,15,73.53,65.3,0,101,1715,7,0.0,0,37,82,0,14.0,25.5
49000,13.3,25.6,0.000,3.833,47.4,220,5.08,0.00,0,0,0,0,0.00,0,0,10.94,1712,0,0,0,0,0,0,0,0,0,0,0,0,0,0,0,0,0,0,0,0,0,0,0,0,0,0,0,0,0,0,0,0,0,0,0,0,0,0,0,0,0,0,0,0,0,0,0,0,0,0,0,0,0,0,0,0,0,0,0,0,0,0,0,0,0,0,0,0,0,0,0,0,0,0,14,68.63,65.3,0,101,1750,6,0.0,0,37,82,0,13.9,25.5
49100,13.3,25.6,0.000,3.833,47.4,220,5.08,0.00,0,0,0,0,0.00,0,0,10.94,1712,0,0,0,0,0,0,0,0,0,0,0,0,0,0,0,0,0,0,0,0,0,0,0,0,0,0,0,0,0,0,0,0,0,0,0,0,0,0,0,0,0,0,0,0,0,0,0,0,0,0,0,0,0,0,0,0,0,0,0,0,0,0,0,0,0,0,0,0,0,0,0,0,0,0,15,73.53,65.3,0,101,1724,5,0.0,0,37,82,0,14.0,25.5
49200,13.3,25.6,0.000,3.819,47.8,219,5.47,0.00,0,0,0,0,0.00,0,0,10.94,1712,0,0,0,0,0,0,0,0,0,0,0,0,0,0,0,0,0,0,0,0,0,0,0,0,0,0,0,0,0,0,0,0,0,0,0,0,0,0,0,0,0,0,0,0,0,0,0,0,0,0,0,0,0,0,0,0,0,0,0,0,0,0,0,0,0,0,0,0,0,0,0,0,0,0,15,73.53,65.3,0,101,1723,5,0.0,0,37,82,0,13.9,25.5
49300,13.3,25.6,0.000,3.819,47.8,219,5.47,0.00,0,0,0,0,0.00,0,0,10.94,1712,0,0,0,0,0,0,0,0,0,0,0,0,0,0,0,0,0,0,0,0,0,0,0,0,0,0,0,0,0,0,0,0,0,0,0,0,0,0,0,0,0,0,0,0,0,0,0,0,0,0,0,0,0,0,0,0,0,0,0,0,0,0,0,0,0,0,0,0,0,0,0,0,0,0,15,73.53,65.3,0,101,1723,5,0.0,0,37,82,0,13.9,25.5
49400,13.3,25.6,0.000,3.747,47.8,219,5.08,0.00,0,0,0,0,0.00,0,0,10.94,1712,0,0,0,0,0,0,0,0,0,0,0,0,0,0,0,0,0,0,0,0,0,0,0,0,0,0,0,0,0,0,0,0,0,0,0,0,0,0,0,0,0,0,0,0,0,0,0,0,0,0,0,0,0,0,0,0,0,0,0,0,0,0,0,0,0,0,0,0,0,0,0,0,0,0,15,73.53,65.3,0,101,1764,4,0.0,0,37,82,0,13.9,25.5
49500,13.3,25.6,0.000,3.819,47.0,219,5.47,0.00,0,0,0,0,0.00,0,0,10.94,1712,0,0,0,0,0,0,0,0,0,0,0,0,0,0,0,0,0,0,0,0,0,0,0,0,0,0,0,0,0,0,0,0,0,0,0,0,0,0,0,0,0,0,0,0,0,0,0,0,0,0,0,0,0,0,0,0,0,0,0,0,0,0,0,0,0,0,0,0,0,0,0,0,0,0,15,73.53,65.3,0,101,1764,4,0.0,0,37,82,0,13.9,25.5
49600,13.3,25.6,0.000,3.833,47.8,220,5.08,0.00,0,0,0,0,0.00,0,0,10.94,1712,0,0,0,0,0,0,0,0,0,0,0,0,0,0,0,0,0,0,0,0,0,0,0,0,0,0,0,0,0,0,0,0,0,0,0,0,0,0,0,0,0,0,0,0,0,0,0,0,0,0,0,0,0,0,0,0,0,0,0,0,0,0,0,0,0,0,0,0,0,0,0,0,0,0,14,68.63,65.3,0,101,1688,6,0.0,0,37,82,0,14.0,25.5
49700,13.3,25.6,0.000,3.833,47.8,220,5.08,0.00,0,0,0,0,0.00,0,0,10.94,1712,0,0,0,0,0,0,0,0,0,0,0,0,0,0,0,0,0,0,0,0,0,0,0,0,0,0,0,0,0,0,0,0,0,0,0,0,0,0,0,0,0,0,0,0,0,0,0,0,0,0,0,0,0,0,0,0,0,0,0,0,0,0,0,0,0,0,0,0,0,0,0,0,0,0,15,73.53,65.3,0,101,1702,6,0.0,0,37,82,0,13.9,25.5
49800,13.3,25.6,0.000,3.833,47.8,220,5.08,0.00,0,0,0,0,0.00,0,0,10.94,1712,0,0,0,0,0,0,0,0,0,0,0,0,0,0,0,0,0,0,0,0,0,0,0,0,0,0,0,0,0,0,0,0,0,0,0,0,0,0,0,0,0,0,0,0,0,0,0,0,0,0,0,0,0,0,0,0,0,0,0,0,0,0,0,0,0,0,0,0,0,0,0,0,0,0,15,73.53,65.3,0,101,1702,6,0.0,0,37,82,0,13.9,25.5
49900,13.3,25.6,0.000,3.819,47.8,219,5.47,0.00,0,0,0,0,0.00,0,0,10.94,1712,0,0,0,0,0,0,0,0,0,0,0,0,0,0,0,0,0,0,0,0,0,0,0,0,0,0,0,0,0,0,0,0,0,0,0,0,0,0,0,0,0,0,0,0,0,0,0,0,0,0,0,0,0,0,0,0,0,0,0,0,0,0,0,0,0,0,0,0,0,0,0,0,0,0,16,78.43,65.3,0,101,1742,5,0.0,0,37,82,0,13.9,25.5
50000,13.3,25.6,0.000,3.833,47.8,220,5.08,0.00,0,0,0,0,0.00,0,0,10.94,1712,0,0,0,0,0,0,0,0,0,0,0,0,0,0,0,0,0,0,0,0,0,0,0,0,0,0,0,0,0,0,0,0,0,0,0,0,0,0,0,0,0,0,0,0,0,0,0,0,0,0,0,0,0,0,0,0,0,0,0,0,0,0,0,0,0,0,0,0,0,0,0,0,0,0,15,73.53,65.3,0,101,1676,8,0.0,0,37,82,0,13.9,25.5
50100,13.3,25.6,0.000,3.833,47.8,220,5.08,0.00,0,0,0,0,0.00,0,0,10.94,1712,0,0,0,0,0,0,0,0,0,0,0,0,0,0,0,0,0,0,0,0,0,0,0,0,0,0,0,0,0,0,0,0,0,0,0,0,0,0,0,0,0,0,0,0,0,0,0,0,0,0,0,0,0,0,0,0,0,0,0,0,0,0,0,0,0,0,0,0,0,0,0,0,0,0,15,73.53,65.4,0,101,1756,5,0.0,0,37,82,0,13.9,25.5
50200,13.3,25.6,0.000,3.819,47.4,219,5.47,0.00,0,0,0,0,0.00,0,0,10.94,1712,0,0,0,0,0,0,0,0,0,0,0,0,0,0,0,0,0,0,0,0,0,0,0,0,0,0,0,0,0,0,0,0,0,0,0,0,0,0,0,0,0,0,0,0,0,0,0,0,0,0,0,0,0,0,0,0,0,0,0,0,0,0,0,0,0,0,0,0,0,0,0,0,0,0,15,73.53,65.4,0,101,1756,5,0.0,0,37,82,0,13.9,25.5
50300,13.3,25.6,0.000,3.792,47.0,219,5.47,0.00,0,0,0,0,0.00,0,0,10.94,1712,0,0,0,0,0,0,0,0,0,0,0,0,0,0,0,0,0,0,0,0,0,0,0,0,0,0,0,0,0,0,0,0,0,0,0,0,0,0,0,0,0,0,0,0,0,0,0,0,0,0,0,0,0,0,0,0,0,0,0,0,0,0,0,0,0,0,0,0,0,0,0,0,0,0,15,73.53,65.4,0,101,1745,6,0.0,0,37,82,0,13.9,25.5
50400,13.3,25.6,0.000,3.747,47.8,219,5.08,0.00,0,0,0,0,0.00,0,0,10.94,1712,0,0,0,0,0,0,0,0,0,0,0,0,0,0,0,0,0,0,0,0,0,0,0,0,0,0,0,0,0,0,0,0,0,0,0,0,0,0,0,0,0,0,0,0,0,0,0,0,0,0,0,0,0,0,0,0,0,0,0,0,0,0,0,0,0,0,0,0,0,0,0,0,0,0,15,73.53,65.4,0,101,1745,6,0.0,0,37,82,0,13.9,25.5
50500,13.3,25.6,0.000,3.792,47.8,219,5.47,0.00,0,0,0,0,0.00,0,0,10.94,1712,0,0,0,0,0,0,0,0,0,0,0,0,0,0,0,0,0,0,0,0,0,0,0,0,0,0,0,0,0,0,0,0,0,0,0,0,0,0,0,0,0,0,0,0,0,0,0,0,0,0,0,0,0,0,0,0,0,0,0,0,0,0,0,0,0,0,0,0,0,0,0,0,0,0,15,73.53,65.4,0,101,1734,5,0.0,0,37,82,0,14.0,25.5
50600,13.3,25.6,0.000,3.819,47.8,219,5.08,0.00,0,0,0,0,0.00,0,0,10.94,1712,0,0,0,0,0,0,0,0,0,0,0,0,0,0,0,0,0,0,0,0,0,0,0,0,0,0,0,0,0,0,0,0,0,0,0,0,0,0,0,0,0,0,0,0,0,0,0,0,0,0,0,0,0,0,0,0,0,0,0,0,0,0,0,0,0,0,0,0,0,0,0,0,0,0,15,73.53,65.4,0,101,1713,5,0.0,0,37,82,0,13.9,25.5
50700,13.3,25.6,0.000,3.819,47.8,219,5.08,0.00,0,0,0,0,0.00,0,0,10.94,1712,0,0,0,0,0,0,0,0,0,0,0,0,0,0,0,0,0,0,0,0,0,0,0,0,0,0,0,0,0,0,0,0,0,0,0,0,0,0,0,0,0,0,0,0,0,0,0,0,0,0,0,0,0,0,0,0,0,0,0,0,0,0,0,0,0,0,0,0,0,0,0,0,0,0,15,73.53,65.4,0,101,1713,5,0.0,0,37,82,0,13.9,25.5
50800,13.3,25.6,0.000,3.819,47.4,219,5.47,0.00,0,0,0,0,0.00,0,0,10.94,1712,0,0,0,0,0,0,0,0,0,0,0,0,0,0,0,0,0,0,0,0,0,0,0,0,0,0,0,0,0,0,0,0,0,0,0,0,0,0,0,0,0,0,0,0,0,0,0,0,0,0,0,0,0,0,0,0,0,0,0,0,0,0,0,0,0,0,0,0,0,0,0,0,0,0,15,73.53,65.4,0,101,1743,5,0.0,0,37,82,0,13.9,25.5
50900,13.3,25.6,0.000,3.792,47.8,219,5.47,0.00,0,0,0,0,0.00,0,0,10.94,1712,0,0,0,0,0,0,0,0,0,0,0,0,0,0,0,0,0,0,0,0,0,0,0,0,0,0,0,0,0,0,0,0,0,0,0,0,0,0,0,0,0,0,0,0,0,0,0,0,0,0,0,0,0,0,0,0,0,0,0,0,0,0,0,0,0,0,0,0,0,0,0,0,0,0,15,73.53,65.4,0,101,1743,5,0.0,0,37,82,0,13.9,25.5
51000,13.3,25.6,0.000,3.833,47.8,220,5.08,0.00,0,0,0,0,0.00,0,0,10.94,1712,0,0,0,0,0,0,0,0,0,0,0,0,0,0,0,0,0,0,0,0,0,0,0,0,0,0,0,0,0,0,0,0,0,0,0,0,0,0,0,0,0,0,0,0,0,0,0,0,0,0,0,0,0,0,0,0,0,0,0,0,0,0,0,0,0,0,0,0,0,0,0,0,0,0,15,73.53,65.4,0,101,1690,7,0.0,0,37,83,0,14.0,25.5
51100,13.3,25.6,0.000,3.833,47.8,220,5.08,0.00,0,0,0,0,0.00,0,0,10.94,1712,0,0,0,0,0,0,0,0,0,0,0,0,0,0,0,0,0,0,0,0,0,0,0,0,0,0,0,0,0,0,0,0,0,0,0,0,0,0,0,0,0,0,0,0,0,0,0,0,0,0,0,0,0,0,0,0,0,0,0,0,0,0,0,0,0,0,0,0,0,0,0,0,0,0,15,73.53,65.4,0,101,1771,7,0.0,0,37,83,0,14.0,25.5
51200,13.3,25.6,0.000,3.819,47.8,219,5.47,0.00,0,0,0,0,0.00,0,0,10.94,1712,0,0,0,0,0,0,0,0,0,0,0,0,0,0,0,0,0,0,0,0,0,0,0,0,0,0,0,0,0,0,0,0,0,0,0,0,0,0,0,0,0,0,0,0,0,0,0,0,0,0,0,0,0,0,0,0,0,0,0,0,0,0,0,0,0,0,0,0,0,0,0,0,0,0,15,73.53,65.4,0,101,1745,4,0.0,0,37,83,0,13.9,25.5
51300,13.3,25.6,0.000,3.819,47.8,219,5.47,0.00,0,0,0,0,0.00,0,0,10.94,1712,0,0,0,0,0,0,0,0,0,0,0,0,0,0,0,0,0,0,0,0,0,0,0,0,0,0,0,0,0,0,0,0,0,0,0,0,0,0,0,0,0,0,0,0,0,0,0,0,0,0,0,0,0,0,0,0,0,0,0,0,0,0,0,0,0,0,0,0,0,0,0,0,0,0,15,73.53,65.4,0,101,1745,4,0.0,0,37,83,0,13.9,25.5
51400,13.3,25.6,0.000,3.833,47.8,220,5.08,0.00,0,0,0,0,0.00,0,0,10.94,1712,0,0,0,0,0,0,0,0,0,0,0,0,0,0,0,0,0,0,0,0,0,0,0,0,0,0,0,0,0,0,0,0,0,0,0,0,0,0,0,0,0,0,0,0,0,0,0,0,0,0,0,0,0,0,0,0,0,0,0,0,0,0,0,0,0,0,0,0,0,0,0,0,0,0,16,78.43,65.4,0,101,1700,6,0.0,0,37,83,0,13.9,25.5
51500,13.3,25.6,0.000,3.833,47.4,220,5.47,0.00,0,0,0,0,0.00,0,0,10.94,1712,0,0,0,0,0,0,0,0,0,0,0,0,0,0,0,0,0,0,0,0,0,0,0,0,0,0,0,0,0,0,0,0,0,0,0,0,0,0,0,0,0,0,0,0,0,0,0,0,0,0,0,0,0,0,0,0,0,0,0,0,0,0,0,0,0,0,0,0,0,0,0,0,0,0,15,73.53,65.4,0,101,1772,6,0.0,0,37,83,0,13.9,25.5
51600,13.3,25.6,0.000,3.819,47.8,219,5.47,0.00,0,0,0,0,0.00,0,0,10.94,1712,0,0,0,0,0,0,0,0,0,0,0,0,0,0,0,0,0,0,0,0,0,0,0,0,0,0,0,0,0,0,0,0,0,0,0,0,0,0,0,0,0,0,0,0,0,0,0,0,0,0,0,0,0,0,0,0,0,0,0,0,0,0,0,0,0,0,0,0,0,0,0,0,0,0,15,73.53,65.4,0,101,1734,5,0.0,0,37,83,0,14.0,25.5
51700,13.3,25.6,0.000,3.819,47.8,219,5.47,0.00,0,0,0,0,0.00,0,0,10.94,1712,0,0,0,0,0,0,0,0,0,0,0,0,0,0,0,0,0,0,0,0,0,0,0,0,0,0,0,0,0,0,0,0,0,0,0,0,0,0,0,0,0,0,0,0,0,0,0,0,0,0,0,0,0,0,0,0,0,0,0,0,0,0,0,0,0,0,0,0,0,0,0,0,0,0,15,73.53,65.4,0,101,1735,5,0.0,0,37,83,0,13.9,25.5
51800,13.3,25.6,0.000,3.819,47.8,219,5.47,0.00,0,0,0,0,0.00,0,0,10.94,1712,0,0,0,0,0,0,0,0,0,0,0,0,0,0,0,0,0,0,0,0,0,0,0,0,0,0,0,0,0,0,0,0,0,0,0,0,0,0,0,0,0,0,0,0,0,0,0,0,0,0,0,0,0,0,0,0,0,0,0,0,0,0,0,0,0,0,0,0,0,0,0,0,0,0,15,73.53,65.4,0,101,1735,5,0.0,0,37,83,0,13.9,25.5
51900,13.3,25.6,0.000,3.833,47.8,220,5.08,0.00,0,0,0,0,0.00,0,0,10.94,1712,0,0,0,0,0,0,0,0,0,0,0,0,0,0,0,0,0,0,0,0,0,0,0,0,0,0,0,0,0,0,0,0,0,0,0,0,0,0,0,0,0,0,0,0,0,0,0,0,0,0,0,0,0,0,0,0,0,0,0,0,0,0,0,0,0,0,0,0,0,0,0,0,0,0,15,73.53,65.4,0,101,1695,7,0.0,0,37,83,0,13.9,25.5
52000,13.3,25.6,0.000,3.833,47.8,220,5.08,0.00,0,0,0,0,0.00,0,0,10.94,1712,0,0,0,0,0,0,0,0,0,0,0,0,0,0,0,0,0,0,0,0,0,0,0,0,0,0,0,0,0,0,0,0,0,0,0,0,0,0,0,0,0,0,0,0,0,0,0,0,0,0,0,0,0,0,0,0,0,0,0,0,0,0,0,0,0,0,0,0,0,0,0,0,0,0,15,73.53,65.4,0,101,1695,7,0.0,0,37,83,0,13.9,25.5
52100,13.3,25.6,0.000,3.819,47.8,219,5.47,0.00,0,0,0,0,0.00,0,0,10.94,1712,0,0,0,0,0,0,0,0,0,0,0,0,0,0,0,0,0,0,0,0,0,0,0,0,0,0,0,0,0,0,0,0,0,0,0,0,0,0,0,0,0,0,0,0,0,0,0,0,0,0,0,0,0,0,0,0,0,0,0,0,0,0,0,0,0,0,0,0,0,0,0,0,0,0,15,73.53,65.4,0,101,1720,5,0.0,0,37,83,0,14.0,25.5
52200,13.3,25.6,0.000,3.819,47.8,219,5.47,0.00,0,0,0,0,0.00,0,0,10.94,1712,0,0,0,0,0,0,0,0,0,0,0,0,0,0,0,0,0,0,0,0,0,0,0,0,0,0,0,0,0,0,0,0,0,0,0,0,0,0,0,0,0,0,0,0,0,0,0,0,0,0,0,0,0,0,0,0,0,0,0,0,0,0,0,0,0,0,0,0,0,0,0,0,0,0,15,73.53,65.4,0,101,1720,5,0.0,0,37,83,0,14.0,25.5
52300,13.3,25.6,0.000,3.792,47.4,219,5.47,0.00,0,0,0,0,0.00,0,0,10.94,1712,0,0,0,0,0,0,0,0,0,0,0,0,0,0,0,0,0,0,0,0,0,0,0,0,0,0,0,0,0,0,0,0,0,0,0,0,0,0,0,0,0,0,0,0,0,0,0,0,0,0,0,0,0,0,0,0,0,0,0,0,0,0,0,0,0,0,0,0,0,0,0,0,0,0,15,73.53,65.4,0,101,1736,5,0.0,0,37,83,0,13.9,25.5
52400,13.3,25.6,0.000,3.792,47.4,219,5.47,0.00,0,0,0,0,0.00,0,0,10.94,1712,0,0,0,0,0,0,0,0,0,0,0,0,0,0,0,0,0,0,0,0,0,0,0,0,0,0,0,0,0,0,0,0,0,0,0,0,0,0,0,0,0,0,0,0,0,0,0,0,0,0,0,0,0,0,0,0,0,0,0,0,0,0,0,0,0,0,0,0,0,0,0,0,0,0,15,73.53,65.4,0,101,1773,5,0.0,0,37,83,0,13.9,25.5
52500,13.3,25.6,0.000,3.792,47.4,219,5.47,0.00,0,0,0,0,0.00,0,0,10.94,1712,0,0,0,0,0,0,0,0,0,0,0,0,0,0,0,0,0,0,0,0,0,0,0,0,0,0,0,0,0,0,0,0,0,0,0,0,0,0,0,0,0,0,0,0,0,0,0,0,0,0,0,0,0,0,0,0,0,0,0,0,0,0,0,0,0,0,0,0,0,0,0,0,0,0,15,73.53,65.4,0,101,1773,5,0.0,0,37,83,0,13.9,25.5
52600,13.3,25.6,0.000,3.833,47.8,220,5.08,0.00,0,0,0,0,0.00,0,0,10.94,1712,0,0,0,0,0,0,0,0,0,0,0,0,0,0,0,0,0,0,0,0,0,0,0,0,0,0,0,0,0,0,0,0,0,0,0,0,0,0,0,0,0,0,0,0,0,0,0,0,0,0,0,0,0,0,0,0,0,0,0,0,0,0,0,0,0,0,0,0,0,0,0,0,0,0,15,73.53,65.4,0,101,1741,5,0.0,0,37,83,0,13.9,25.5
52700,13.3,25.6,0.000,3.833,47.8,220,5.08,0.00,0,0,0,0,0.00,0,0,10.94,1712,0,0,0,0,0,0,0,0,0,0,0,0,0,0,0,0,0,0,0,0,0,0,0,0,0,0,0,0,0,0,0,0,0,0,0,0,0,0,0,0,0,0,0,0,0,0,0,0,0,0,0,0,0,0,0,0,0,0,0,0,0,0,0,0,0,0,0,0,0,0,0,0,0,0,15,73.53,65.4,0,101,1741,5,0.0,0,37,83,0,13.9,25.5
52800,13.3,25.6,0.000,3.792,47.4,219,5.47,0.00,0,0,0,0,0.00,0,0,10.94,1712,0,0,0,0,0,0,0,0,0,0,0,0,0,0,0,0,0,0,0,0,0,0,0,0,0,0,0,0,0,0,0,0,0,0,0,0,0,0,0,0,0,0,0,0,0,0,0,0,0,0,0,0,0,0,0,0,0,0,0,0,0,0,0,0,0,0,0,0,0,0,0,0,0,0,15,73.53,65.4,0,101,1769,4,0.0,0,37,83,0,13.9,25.5
52900,13.3,25.6,0.000,3.792,47.4,219,5.47,0.00,0,0,0,0,0.00,0,0,10.94,1712,0,0,0,0,0,0,0,0,0,0,0,0,0,0,0,0,0,0,0,0,0,0,0,0,0,0,0,0,0,0,0,0,0,0,0,0,0,0,0,0,0,0,0,0,0,0,0,0,0,0,0,0,0,0,0,0,0,0,0,0,0,0,0,0,0,0,0,0,0,0,0,0,0,0,15,73.53,65.4,0,101,1724,6,0.0,0,37,83,0,14.0,25.5
53000,13.3,25.6,0.000,3.833,47.8,220,5.47,0.00,0,0,0,0,0.00,0,0,10.94,1712,0,0,0,0,0,0,0,0,0,0,0,0,0,0,0,0,0,0,0,0,0,0,0,0,0,0,0,0,0,0,0,0,0,0,0,0,0,0,0,0,0,0,0,0,0,0,0,0,0,0,0,0,0,0,0,0,0,0,0,0,0,0,0,0,0,0,0,0,0,0,0,0,0,0,15,73.53,65.4,0,101,1713,6,0.0,0,37,83,0,13.9,25.5
53100,13.3,25.6,0.000,3.833,47.8,220,5.47,0.00,0,0,0,0,0.00,0,0,10.94,1712,0,0,0,0,0,0,0,0,0,0,0,0,0,0,0,0,0,0,0,0,0,0,0,0,0,0,0,0,0,0,0,0,0,0,0,0,0,0,0,0,0,0,0,0,0,0,0,0,0,0,0,0,0,0,0,0,0,0,0,0,0,0,0,0,0,0,0,0,0,0,0,0,0,0,15,73.53,65.5,0,101,1713,6,0.0,0,37,83,0,13.9,25.5
53200,13.3,25.6,0.000,3.792,47.4,219,5.47,0.00,0,0,0,0,0.00,0,0,10.94,1712,0,0,0,0,0,0,0,0,0,0,0,0,0,0,0,0,0,0,0,0,0,0,0,0,0,0,0,0,0,0,0,0,0,0,0,0,0,0,0,0,0,0,0,0,0,0,0,0,0,0,0,0,0,0,0,0,0,0,0,0,0,0,0,0,0,0,0,0,0,0,0,0,0,0,15,73.53,65.5,0,101,1757,5,0.0,0,37,83,0,13.9,25.5
53300,13.3,25.6,0.000,3.792,47.4,219,5.47,0.00,0,0,0,0,0.00,0,0,10.94,1712,0,0,0,0,0,0,0,0,0,0,0,0,0,0,0,0,0,0,0,0,0,0,0,0,0,0,0,0,0,0,0,0,0,0,0,0,0,0,0,0,0,0,0,0,0,0,0,0,0,0,0,0,0,0,0,0,0,0,0,0,0,0,0,0,0,0,0,0,0,0,0,0,0,0,15,73.53,65.5,0,101,1757,5,0.0,0,37,83,0,13.9,25.5
53400,13.3,25.6,0.000,3.792,47.4,219,5.47,0.00,0,0,0,0,0.00,0,0,10.94,1712,0,0,0,0,0,0,0,0,0,0,0,0,0,0,0,0,0,0,0,0,0,0,0,0,0,0,0,0,0,0,0,0,0,0,0,0,0,0,0,0,0,0,0,0,0,0,0,0,0,0,0,0,0,0,0,0,0,0,0,0,0,0,0,0,0,0,0,0,0,0,0,0,0,0,15,73.53,65.5,0,101,1756,5,0.0,0,37,83,0,14.0,25.5
53500,13.3,25.6,0.000,3.833,47.8,220,5.47,0.00,0,0,0,0,0.00,0,0,10.94,1712,0,0,0,0,0,0,0,0,0,0,0,0,0,0,0,0,0,0,0,0,0,0,0,0,0,0,0,0,0,0,0,0,0,0,0,0,0,0,0,0,0,0,0,0,0,0,0,0,0,0,0,0,0,0,0,0,0,0,0,0,0,0,0,0,0,0,0,0,0,0,0,0,0,0,15,73.53,65.5,0,101,1717,5,0.0,0,37,83,0,13.9,25.5
53600,13.3,25.6,0.000,3.833,47.8,220,5.47,0.00,0,0,0,0,0.00,0,0,10.94,1712,0,0,0,0,0,0,0,0,0,0,0,0,0,0,0,0,0,0,0,0,0,0,0,0,0,0,0,0,0,0,0,0,0,0,0,0,0,0,0,0,0,0,0,0,0,0,0,0,0,0,0,0,0,0,0,0,0,0,0,0,0,0,0,0,0,0,0,0,0,0,0,0,0,0,15,73.53,65.5,0,101,1717,5,0.0,0,37,83,0,13.9,25.5
53700,13.3,25.6,0.000,3.792,47.4,219,5.47,0.00,0,0,0,0,0.00,0,0,10.94,1712,0,0,0,0,0,0,0,0,0,0,0,0,0,0,0,0,0,0,0,0,0,0,0,0,0,0,0,0,0,0,0,0,0,0,0,0,0,0,0,0,0,0,0,0,0,0,0,0,0,0,0,0,0,0,0,0,0,0,0,0,0,0,0,0,0,0,0,0,0,0,0,0,0,0,15,73.53,65.5,0,101,1764,5,0.0,0,37,83,0,13.9,25.5
53800,13.3,25.6,0.000,3.792,47.4,219,5.47,0.00,0,0,0,0,0.00,0,0,10.94,1712,0,0,0,0,0,0,0,0,0,0,0,0,0,0,0,0,0,0,0,0,0,0,0,0,0,0,0,0,0,0,0,0,0,0,0,0,0,0,0,0,0,0,0,0,0,0,0,0,0,0,0,0,0,0,0,0,0,0,0,0,0,0,0,0,0,0,0,0,0,0,0,0,0,0,15,73.53,65.5,0,101,1764,5,0.0,0,37,83,0,13.9,25.5
53900,13.3,25.6,0.000,3.833,47.8,220,5.08,0.00,0,0,0,0,0.00,0,0,10.94,1712,0,0,0,0,0,0,0,0,0,0,0,0,0,0,0,0,0,0,0,0,0,0,0,0,0,0,0,0,0,0,0,0,0,0,0,0,0,0,0,0,0,0,0,0,0,0,0,0,0,0,0,0,0,0,0,0,0,0,0,0,0,0,0,0,0,0,0,0,0,0,0,0,0,0,15,73.53,65.5,0,101,1719,6,0.0,0,37,83,0,13.9,25.5
54000,13.3,25.6,0.000,3.833,47.8,220,5.47,0.00,0,0,0,0,0.00,0,0,10.94,1712,0,0,0,0,0,0,0,0,0,0,0,0,0,0,0,0,0,0,0,0,0,0,0,0,0,0,0,0,0,0,0,0,0,0,0,0,0,0,0,0,0,0,0,0,0,0,0,0,0,0,0,0,0,0,0,0,0,0,0,0,0,0,0,0,0,0,0,0,0,0,0,0,0,0,15,73.53,65.5,0,101,1719,6,0.0,0,37,83,0,13.9,25.5
54100,13.3,25.6,0.000,3.792,47.4,219,5.47,0.00,0,0,0,0,0.00,0,0,10.94,1712,0,0,0,0,0,0,0,0,0,0,0,0,0,0,0,0,0,0,0,0,0,0,0,0,0,0,0,0,0,0,0,0,0,0,0,0,0,0,0,0,0,0,0,0,0,0,0,0,0,0,0,0,0,0,0,0,0,0,0,0,0,0,0,0,0,0,0,0,0,0,0,0,0,0,15,73.53,65.5,0,101,1778,5,0.0,0,37,83,0,13.9,25.5
54200,13.3,25.6,0.000,3.792,47.4,219,5.47,0.00,0,0,0,0,0.00,0,0,10.94,1712,0,0,0,0,0,0,0,0,0,0,0,0,0,0,0,0,0,0,0,0,0,0,0,0,0,0,0,0,0,0,0,0,0,0,0,0,0,0,0,0,0,0,0,0,0,0,0,0,0,0,0,0,0,0,0,0,0,0,0,0,0,0,0,0,0,0,0,0,0,0,0,0,0,0,15,73.53,65.5,0,101,1772,5,0.0,0,37,83,0,13.9,25.5
54300,13.3,25.6,0.000,3.792,47.4,219,5.47,0.00,0,0,0,0,0.00,0,0,10.94,1712,0,0,0,0,0,0,0,0,0,0,0,0,0,0,0,0,0,0,0,0,0,0,0,0,0,0,0,0,0,0,0,0,0,0,0,0,0,0,0,0,0,0,0,0,0,0,0,0,0,0,0,0,0,0,0,0,0,0,0,0,0,0,0,0,0,0,0,0,0,0,0,0,0,0,15,73.53,65.5,0,101,1772,5,0.0,0,37,83,0,13.9,25.5
54400,13.3,25.6,0.000,3.792,47.4,219,5.47,0.00,0,0,0,0,0.00,0,0,10.94,1712,0,0,0,0,0,0,0,0,0,0,0,0,0,0,0,0,0,0,0,0,0,0,0,0,0,0,0,0,0,0,0,0,0,0,0,0,0,0,0,0,0,0,0,0,0,0,0,0,0,0,0,0,0,0,0,0,0,0,0,0,0,0,0,0,0,0,0,0,0,0,0,0,0,0,16,78.43,65.5,0,101,1798,4,0.0,0,37,83,0,14.0,25.5
54500,13.3,25.6,0.000,3.819,47.8,219,5.47,0.00,0,0,0,0,0.00,0,0,10.94,1712,0,0,0,0,0,0,0,0,0,0,0,0,0,0,0,0,0,0,0,0,0,0,0,0,0,0,0,0,0,0,0,0,0,0,0,0,0,0,0,0,0,0,0,0,0,0,0,0,0,0,0,0,0,0,0,0,0,0,0,0,0,0,0,0,0,0,0,0,0,0,0,0,0,0,15,73.53,65.5,0,101,1732,5,0.0,0,37,83,0,13.9,25.5
54600,13.3,25.6,0.000,3.792,47.4,219,5.47,0.00,0,0,0,0,0.00,0,0,10.94,1712,0,0,0,0,0,0,0,0,0,0,0,0,0,0,0,0,0,0,0,0,0,0,0,0,0,0,0,0,0,0,0,0,0,0,0,0,0,0,0,0,0,0,0,0,0,0,0,0,0,0,0,0,0,0,0,0,0,0,0,0,0,0,0,0,0,0,0,0,0,0,0,0,0,0,16,78.43,65.5,0,101,1770,4,0.0,0,37,83,0,13.9,25.5
54700,13.3,25.6,0.000,3.792,47.4,219,5.47,0.00,0,0,0,0,0.00,0,0,10.94,1712,0,0,0,0,0,0,0,0,0,0,0,0,0,0,0,0,0,0,0,0,0,0,0,0,0,0,0,0,0,0,0,0,0,0,0,0,0,0,0,0,0,0,0,0,0,0,0,0,0,0,0,0,0,0,0,0,0,0,0,0,0,0,0,0,0,0,0,0,0,0,0,0,0,0,16,78.43,65.5,0,101,1770,4,0.0,0,37,83,0,13.9,25.5
54800,13.3,25.6,0.000,3.819,47.8,219,5.47,0.00,0,0,0,0,0.00,0,0,10.94,1712,0,0,0,0,0,0,0,0,0,0,0,0,0,0,0,0,0,0,0,0,0,0,0,0,0,0,0,0,0,0,0,0,0,0,0,0,0,0,0,0,0,0,0,0,0,0,0,0,0,0,0,0,0,0,0,0,0,0,0,0,0,0,0,0,0,0,0,0,0,0,0,0,0,0,15,73.53,65.5,0,101,1786,5,0.0,0,37,83,0,13.9,25.5
54900,13.3,25.6,0.000,3.792,47.4,219,5.47,0.00,0,0,0,0,0.00,0,0,10.94,1712,0,0,0,0,0,0,0,0,0,0,0,0,0,0,0,0,0,0,0,0,0,0,0,0,0,0,0,0,0,0,0,0,0,0,0,0,0,0,0,0,0,0,0,0,0,0,0,0,0,0,0,0,0,0,0,0,0,0,0,0,0,0,0,0,0,0,0,0,0,0,0,0,0,0,15,73.53,65.5,0,101,1786,5,0.0,0,37,83,0,13.9,25.5
55000,13.3,25.6,0.000,3.792,47.4,219,5.47,0.00,0,0,0,0,0.00,0,0,10.94,1712,0,0,0,0,0,0,0,0,0,0,0,0,0,0,0,0,0,0,0,0,0,0,0,0,0,0,0,0,0,0,0,0,0,0,0,0,0,0,0,0,0,0,0,0,0,0,0,0,0,0,0,0,0,0,0,0,0,0,0,0,0,0,0,0,0,0,0,0,0,0,0,0,0,0,15,73.53,65.5,0,101,1752,5,0.0,0,37,83,0,13.9,25.5
55100,13.3,25.6,0.000,3.833,47.8,220,5.08,0.00,0,0,0,0,0.00,0,0,10.94,1712,0,0,0,0,0,0,0,0,0,0,0,0,0,0,0,0,0,0,0,0,0,0,0,0,0,0,0,0,0,0,0,0,0,0,0,0,0,0,0,0,0,0,0,0,0,0,0,0,0,0,0,0,0,0,0,0,0,0,0,0,0,0,0,0,0,0,0,0,0,0,0,0,0,0,15,73.53,65.6,0,101,1707,6,0.0,0,37,83,0,14.0,25.5
55200,13.3,25.6,0.000,3.833,47.8,220,5.08,0.00,0,0,0,0,0.00,0,0,10.94,1712,0,0,0,0,0,0,0,0,0,0,0,0,0,0,0,0,0,0,0,0,0,0,0,0,0,0,0,0,0,0,0,0,0,0,0,0,0,0,0,0,0,0,0,0,0,0,0,0,0,0,0,0,0,0,0,0,0,0,0,0,0,0,0,0,0,0,0,0,0,0,0,0,0,0,15,73.53,65.6,0,101,1738,5,0.0,0,37,83,0,13.9,25.5
55300,13.3,25.6,0.000,3.819,47.8,219,5.47,0.00,0,0,0,0,0.00,0,0,10.94,1712,0,0,0,0,0,0,0,0,0,0,0,0,0,0,0,0,0,0,0,0,0,0,0,0,0,0,0,0,0,0,0,0,0,0,0,0,0,0,0,0,0,0,0,0,0,0,0,0,0,0,0,0,0,0,0,0,0,0,0,0,0,0,0,0,0,0,0,0,0,0,0,0,0,0,15,73.53,65.6,0,101,1738,5,0.0,0,37,83,0,13.9,25.5
55400,13.3,25.6,0.000,3.792,47.4,219,5.47,0.00,0,0,0,0,0.00,0,0,10.94,1712,0,0,0,0,0,0,0,0,0,0,0,0,0,0,0,0,0,0,0,0,0,0,0,0,0,0,0,0,0,0,0,0,0,0,0,0,0,0,0,0,0,0,0,0,0,0,0,0,0,0,0,0,0,0,0,0,0,0,0,0,0,0,0,0,0,0,0,0,0,0,0,0,0,0,15,73.53,65.6,0,101,1720,5,0.0,0,37,83,0,13.9,25.5
55500,13.3,25.6,0.000,3.819,47.8,219,5.47,0.00,0,0,0,0,0.00,0,0,10.94,1712,0,0,0,0,0,0,0,0,0,0,0,0,0,0,0,0,0,0,0,0,0,0,0,0,0,0,0,0,0,0,0,0,0,0,0,0,0,0,0,0,0,0,0,0,0,0,0,0,0,0,0,0,0,0,0,0,0,0,0,0,0,0,0,0,0,0,0,0,0,0,0,0,0,0,15,73.53,65.6,0,101,1736,6,0.0,0,37,83,0,13.9,25.5
55600,13.3,25.6,0.000,3.819,47.8,219,5.47,0.00,0,0,0,0,0.00,0,0,10.94,1712,0,0,0,0,0,0,0,0,0,0,0,0,0,0,0,0,0,0,0,0,0,0,0,0,0,0,0,0,0,0,0,0,0,0,0,0,0,0,0,0,0,0,0,0,0,0,0,0,0,0,0,0,0,0,0,0,0,0,0,0,0,0,0,0,0,0,0,0,0,0,0,0,0,0,15,73.53,65.6,0,101,1736,6,0.0,0,37,83,0,13.9,25.5
55700,13.3,25.6,0.000,3.805,47.4,219,5.08,0.00,0,0,0,0,0.00,0,0,10.94,1712,0,0,0,0,0,0,0,0,0,0,0,0,0,0,0,0,0,0,0,0,0,0,0,0,0,0,0,0,0,0,0,0,0,0,0,0,0,0,0,0,0,0,0,0,0,0,0,0,0,0,0,0,0,0,0,0,0,0,0,0,0,0,0,0,0,0,0,0,0,0,0,0,0,0,15,73.53,65.6,0,101,1766,4,0.0,0,37,83,0,14.0,25.5
55800,13.3,25.6,0.000,3.778,47.4,219,5.47,0.00,0,0,0,0,0.00,0,0,10.94,1712,0,0,0,0,0,0,0,0,0,0,0,0,0,0,0,0,0,0,0,0,0,0,0,0,0,0,0,0,0,0,0,0,0,0,0,0,0,0,0,0,0,0,0,0,0,0,0,0,0,0,0,0,0,0,0,0,0,0,0,0,0,0,0,0,0,0,0,0,0,0,0,0,0,0,15,73.53,65.6,0,101,1766,4,0.0,0,37,83,0,14.0,25.5
55900,13.3,25.6,0.000,3.760,47.4,218,5.47,0.00,0,0,0,0,0.00,0,0,10.94,1712,0,0,0,0,0,0,0,0,0,0,0,0,0,0,0,0,0,0,0,0,0,0,0,0,0,0,0,0,0,0,0,0,0,0,0,0,0,0,0,0,0,0,0,0,0,0,0,0,0,0,0,0,0,0,0,0,0,0,0,0,0,0,0,0,0,0,0,0,0,0,0,0,0,0,15,73.53,65.6,0,101,1763,4,0.0,0,37,83,0,14.0,25.5
56000,13.3,25.6,0.000,3.809,47.4,219,5.47,0.00,0,0,0,0,0.00,0,0,10.94,1712,0,0,0,0,0,0,0,0,0,0,0,0,0,0,0,0,0,0,0,0,0,0,0,0,0,0,0,0,0,0,0,0,0,0,0,0,0,0,0,0,0,0,0,0,0,0,0,0,0,0,0,0,0,0,0,0,0,0,0,0,0,0,0,0,0,0,0,0,0,0,0,0,0,0,15,73.53,65.6,0,101,1756,4,0.4,1,37,83,0,14.0,25.5
56100,13.3,25.6,0.000,3.809,47.4,219,5.47,0.00,0,0,0,0,0.00,0,0,10.94,1712,0,0,0,0,0,0,0,0,0,0,0,0,0,0,0,0,0,0,0,0,0,0,0,0,0,0,0,0,0,0,0,0,0,0,0,0,0,0,0,0,0,0,0,0,0,0,0,0,0,0,0,0,0,0,0,0,0,0,0,0,0,0,0,0,0,0,0,0,0,0,0,0,0,0,15,73.53,65.7,0,101,1756,4,0.4,1,37,83,0,14.0,25.5
56200,13.3,25.6,0.000,3.913,48.6,219,5.47,0.00,0,0,0,0,0.00,0,0,10.94,1712,0,0,0,0,0,0,0,0,0,0,0,0,0,0,0,0,0,0,0,0,0,0,0,0,0,0,0,0,0,0,0,0,0,0,0,0,0,0,0,0,0,0,0,0,0,0,0,0,0,0,0,0,0,0,0,0,0,0,0,0,0,0,0,0,0,0,0,0,0,0,0,0,0,0,15,73.53,65.7,0,101,1881,11,3.5,6,37,83,0,14.0,25.5
56300,13.3,25.6,0.000,4.127,51.7,220,6.25,0.00,0,0,0,0,0.00,0,0,10.94,1712,1,0,0,0,0,0,0,0,0,0,0,0,0,0,0,0,0,0,0,0,0,0,0,0,0,0,0,0,0,0,0,0,0,0,0,0,0,0,0,0,0,0,0,0,0,0,0,0,0,0,0,0,0,0,0,0,0,0,0,0,0,0,0,0,0,0,0,0,0,0,0,0,0,0,15,73.53,65.7,0,101,1881,11,3.5,6,37,83,0,14.0,25.5
56400,13.3,25.6,0.000,4.508,53.7,224,7.42,0.00,0,0,0,0,0.00,0,0,10.94,1776,1,0,0,0,0,0,0,0,0,0,0,0,0,0,0,0,0,0,0,0,0,0,0,0,0,0,0,0,0,0,0,0,0,0,0,0,0,0,0,0,0,0,0,0,0,0,0,0,0,0,0,0,0,0,0,0,0,0,0,0,0,0,0,0,0,0,0,0,0,0,0,0,0,0,15,73.53,65.7,0,101,2199,13,5.1,9,37,84,0,14.0,25.5
56500,13.3,25.6,0.078,5.705,61.1,276,12.11,0.00,0,0,0,0,0.00,0,0,10.94,2000,1,0,0,0,0,0,0,0,0,0,0,0,0,0,0,0,0,0,0,0,0,0,0,0,0,0,0,0,0,0,0,0,0,0,0,0,0,0,0,0,0,0,0,0,0,0,0,0,0,0,0,0,0,0,0,0,0,0,0,0,0,0,0,0,0,0,0,0,0,0,0,0,0,0,15,73.53,65.7,0,101,2567,14,11.0,19,37,84,0,14.0,25.5
56600,13.3,25.6,0.078,5.705,61.1,276,12.11,0.00,0,0,0,0,0.00,0,0,10.94,2000,1,0,0,0,0,0,0,0,0,0,0,0,0,0,0,0,0,0,0,0,0,0,0,0,0,0,0,0,0,0,0,0,0,0,0,0,0,0,0,0,0,0,0,0,0,0,0,0,0,0,0,0,0,0,0,0,0,0,0,0,0,0,0,0,0,0,0,0,0,0,0,0,0,0,14,68.63,65.7,0,101,3347,18,27.5,47,37,84,0,14.0,25.5
56700,13.3,25.6,0.086,8.548,80.6,284,30.47,0.00,0,0,0,0,0.00,0,0,10.94,2000,1,0,0,0,0,0,0,0,0,0,0,0,0,0,0,0,0,0,0,0,0,0,0,0,0,0,0,0,0,0,0,0,0,0,0,0,0,0,0,0,0,0,0,0,0,0,0,0,0,0,0,0,0,0,0,0,0,0,0,0,0,0,0,0,0,0,0,0,0,0,0,0,0,0,15,73.53,65.7,0,101,4394,24,42.4,72,37,84,0,13.9,25.5
56800,13.3,25.6,0.086,8.548,80.6,284,30.47,0.00,0,0,0,0,0.00,0,0,10.94,2000,1,0,0,0,0,0,0,0,0,0,0,0,0,0,0,0,0,0,0,0,0,0,0,0,0,0,0,0,0,0,0,0,0,0,0,0,0,0,0,0,0,0,0,0,0,0,0,0,0,0,0,0,0,0,0,0,0,0,0,0,0,0,0,0,0,0,0,0,0,0,0,0,0,0,15,73.53,65.7,0,101,4394,24,42.4,72,37,84,0,13.9,25.5
56900,13.3,25.6,0.086,9.102,83.4,290,38.67,0.00,0,0,0,0,0.00,0,0,10.94,2000,1,0,0,0,0,0,0,0,0,0,0,0,0,0,0,0,0,0,0,0,0,0,0,0,0,0,0,0,0,0,0,0,0,0,0,0,0,0,0,0,0,0,0,0,0,0,0,0,0,0,0,0,0,0,0,0,0,0,0,0,0,0,0,0,0,0,0,0,0,0,0,0,0,0,16,78.43,65.7,0,101,5718,35,67.1,114,37,84,0,13.9,25.5
57000,13.3,25.6,0.070,0.000,85.7,282,1.17,0.00,0,0,0,0,0.00,0,0,10.94,2000,1,0,0,0,0,0,0,0,0,0,0,0,0,0,0,0,0,0,0,0,0,0,0,0,0,0,0,0,0,0,0,0,0,0,0,0,0,0,0,0,0,0,0,0,0,0,0,0,0,0,0,0,0,0,0,0,0,0,0,0,0,0,0,0,0,0,0,0,0,0,0,0,0,0,16,78.43,65.7,0,101,5718,35,67.1,114,37,84,0,13.9,25.5
57100,13.3,25.6,0.070,9.258,86.1,284,46.09,0.00,0,0,0,0,0.00,0,0,10.94,2000,1,0,0,0,0,0,0,0,0,0,0,0,0,0,0,0,0,0,0,0,0,0,0,0,0,0,0,0,0,0,0,0,0,0,0,0,0,0,0,0,0,0,0,0,0,0,0,0,0,0,0,0,0,0,0,0,0,0,0,0,0,0,0,0,0,0,0,0,0,0,0,0,0,0,15,73.53,65.8,0,101,6045,35,72.9,124,37,84,0,13.9,25.5
57200,13.3,25.6,0.047,9.334,86.1,291,48.05,0.00,0,0,0,0,0.00,0,0,10.94,2000,1,0,0,0,0,0,0,0,0,0,0,0,0,0,0,0,0,0,0,0,0,0,0,0,0,0,0,0,0,0,0,0,0,0,0,0,0,0,0,0,0,0,0,0,0,0,0,0,0,0,0,0,0,0,0,0,0,0,0,0,0,0,0,0,0,0,0,0,0,0,0,0,0,0,14,68.63,65.8,0,101,6200,35,74.1,126,37,84,0,13.9,25.5
57300,13.3,25.6,0.047,9.334,86.1,291,48.05,0.00,0,0,0,0,0.00,0,0,10.94,2000,1,0,0,0,0,0,0,0,0,0,0,0,0,0,0,0,0,0,0,0,0,0,0,0,0,0,0,0,0,0,0,0,0,0,0,0,0,0,0,0,0,0,0,0,0,0,0,0,0,0,0,0,0,0,0,0,0,0,0,0,0,0,0,0,0,0,0,0,0,0,0,0,0,0,14,68.63,65.8,0,101,6200,35,74.5,127,37,84,4,13.9,25.5
57400,13.3,25.6,0.000,9.116,86.1,298,47.66,0.00,0,0,0,0,0.00,0,0,10.94,2000,1,0,0,0,0,0,0,0,0,0,0,0,0,0,0,0,0,0,0,0,0,0,0,0,0,0,0,0,0,0,0,0,0,0,0,0,0,0,0,0,0,0,0,0,0,0,0,0,0,0,0,0,0,0,0,0,0,0,0,0,0,0,0,0,0,0,0,0,0,0,0,0,0,0,15,73.53,65.8,0,101,6279,35,74.5,127,37,84,4,13.9,25.5
57500,13.3,25.6,0.000,9.185,86.1,299,48.05,0.00,0,0,0,0,0.00,0,0,10.94,2000,1,0,0,0,0,0,0,0,0,0,0,0,0,0,0,0,0,0,0,0,0,0,0,0,0,0,0,0,0,0,0,0,0,0,0,0,0,0,0,0,0,0,0,0,0,0,0,0,0,0,0,0,0,0,0,0,0,0,0,0,0,0,0,0,0,0,0,0,0,0,0,0,0,0,14,68.63,65.8,0,101,6311,35,74.5,127,37,84,8,13.9,25.5
57600,13.3,25.6,0.000,9.185,86.1,299,48.05,0.00,0,0,0,0,0.00,0,0,10.94,2000,1,0,0,0,0,0,0,0,0,0,0,0,0,0,0,0,0,0,0,0,0,0,0,0,0,0,0,0,0,0,0,0,0,0,0,0,0,0,0,0,0,0,0,0,0,0,0,0,0,0,0,0,0,0,0,0,0,0,0,0,0,0,0,0,0,0,0,0,0,0,0,0,0,0,14,68.63,65.8,0,101,6309,35,74.5,127,37,84,12,13.9,25.5
57700,13.3,25.6,0.000,9.185,86.1,299,48.05,0.00,0,0,0,0,0.00,0,0,10.94,2000,1,0,0,0,0,0,0,0,0,0,0,0,0,0,0,0,0,0,0,0,0,0,0,0,0,0,0,0,0,0,0,0,0,0,0,0,0,0,0,0,0,0,0,0,0,0,0,0,0,0,0,0,0,0,0,0,0,0,0,0,0,0,0,0,0,0,0,0,0,0,0,0,0,0,14,68.63,65.8,0,101,6309,35,74.5,127,37,84,12,13.9,25.5
57800,13.3,25.6,0.000,9.185,85.7,299,48.05,0.00,0,0,0,0,0.00,0,0,10.94,2000,1,0,0,0,0,0,0,0,0,0,0,0,0,0,0,0,0,0,0,0,0,0,0,0,0,0,0,0,0,0,0,0,0,0,0,0,0,0,0,0,0,0,0,0,0,0,0,0,0,0,0,0,0,0,0,0,0,0,0,0,0,0,0,0,0,0,0,0,0,0,0,0,0,0,14,68.63,65.8,0,101,6302,35,73.3,125,37,84,14,13.9,25.5
57900,13.3,25.6,0.000,9.202,85.7,301,48.05,0.00,0,0,0,0,0.00,0,0,10.94,2000,1,0,0,0,0,0,0,0,0,0,0,0,0,0,0,0,0,0,0,0,0,0,0,0,0,0,0,0,0,0,0,0,0,0,0,0,0,0,0,0,0,0,0,0,0,0,0,0,0,0,0,0,0,0,0,0,0,0,0,0,0,0,0,0,0,0,0,0,0,0,0,0,0,0,15,73.53,65.8,0,101,6293,35,72.9,124,37,84,16,13.9,25.5
58000,13.3,25.6,0.000,9.202,85.7,301,48.05,0.00,0,0,0,0,0.00,0,0,10.94,2000,1,0,0,0,0,0,0,0,0,0,0,0,0,0,0,0,0,0,0,0,0,0,0,0,0,0,0,0,0,0,0,0,0,0,0,0,0,0,0,0,0,0,0,0,0,0,0,0,0,0,0,0,0,0,0,0,0,0,0,0,0,0,0,0,0,0,0,0,0,0,0,0,0,0,15,73.53,65.8,0,101,6293,35,72.9,124,37,84,16,13.9,25.5
58100,13.3,25.6,0.000,9.219,85.3,303,48.05,0.00,0,0,0,0,0.00,0,0,10.94,2000,1,0,0,0,0,0,0,0,0,0,0,0,0,0,0,0,0,0,0,0,0,0,0,0,0,0,0,0,0,0,0,0,0,0,0,0,0,0,0,0,0,0,0,0,0,0,0,0,0,0,0,0,0,0,0,0,0,0,0,0,0,0,0,0,0,0,0,0,0,0,0,0,0,0,14,68.63,65.8,6,101,6272,35,71.0,121,37,84,21,13.9,25.5
58200,13.3,25.6,0.000,9.219,85.3,303,48.05,0.00,0,0,0,0,0.00,0,0,10.94,2000,1,0,0,0,0,0,0,0,0,0,0,0,0,0,0,0,0,0,0,0,0,0,0,0,0,0,0,0,0,0,0,0,0,0,0,0,0,0,0,0,0,0,0,0,0,0,0,0,0,0,0,0,0,0,0,0,0,0,0,0,0,0,0,0,0,0,0,0,0,0,0,0,0,0,14,68.63,65.8,6,101,6272,35,71.0,121,37,84,21,13.9,25.5
58300,13.3,25.6,0.000,9.219,85.3,303,48.05,0.00,0,0,0,0,0.00,0,0,10.94,2000,1,0,0,0,0,0,0,0,0,0,0,0,0,0,0,0,0,0,0,0,0,0,0,0,0,0,0,0,0,0,0,0,0,0,0,0,0,0,0,0,0,0,0,0,0,0,0,0,0,0,0,0,0,0,0,0,0,0,0,0,0,0,0,0,0,0,0,0,0,0,0,0,0,0,14,68.63,65.8,6,101,6263,35,71.0,121,37,84,23,13.9,25.5
58400,13.3,25.6,0.000,9.219,85.3,303,48.05,0.00,0,0,0,0,0.00,0,0,10.94,2000,1,0,0,0,0,0,0,0,0,0,0,0,0,0,0,0,0,0,0,0,0,0,0,0,0,0,0,0,0,0,0,0,0,0,0,0,0,0,0,0,0,0,0,0,0,0,0,0,0,0,0,0,0,0,0,0,0,0,0,0,0,0,0,0,0,0,0,0,0,0,0,0,0,0,14,68.63,65.8,6,101,6247,35,70.6,120,37,84,26,13.9,25.5
58500,13.3,25.6,0.000,9.219,85.3,303,48.05,0.00,0,0,0,0,0.00,0,0,10.94,2000,1,0,0,0,0,0,0,0,0,0,0,0,0,0,0,0,0,0,0,0,0,0,0,0,0,0,0,0,0,0,0,0,0,0,0,0,0,0,0,0,0,0,0,0,0,0,0,0,0,0,0,0,0,0,0,0,0,0,0,0,0,0,0,0,0,0,0,0,0,0,0,0,0,0,14,68.63,65.8,6,101,6286,35,70.6,120,37,84,26,13.9,25.5
58600,13.3,25.6,0.000,9.254,84.5,307,49.61,0.00,0,0,0,0,0.00,0,0,10.94,2000,1,0,0,0,0,0,0,0,0,0,0,0,0,0,0,0,0,0,0,0,0,0,0,0,0,0,0,0,0,0,0,0,0,0,0,0,0,0,0,0,0,0,0,0,0,0,0,0,0,0,0,0,0,0,0,0,0,0,0,0,0,0,0,0,0,0,0,0,0,0,0,0,0,0,15,73.53,65.8,6,101,6459,35,70.6,120,37,84,29,13.9,25.5
58700,13.3,25.6,0.000,9.254,84.5,307,49.61,0.00,0,0,0,0,0.00,0,0,10.94,2000,1,0,0,0,0,0,0,0,0,0,0,0,0,0,0,0,0,0,0,0,0,0,0,0,0,0,0,0,0,0,0,0,0,0,0,0,0,0,0,0,0,0,0,0,0,0,0,0,0,0,0,0,0,0,0,0,0,0,0,0,0,0,0,0,0,0,0,0,0,0,0,0,0,0,15,73.53,65.8,6,101,6589,35,69.8,119,37,84,30,13.9,25.5
58800,13.3,25.6,0.000,9.275,83.4,312,51.17,0.00,0,0,0,0,0.00,0,0,10.94,2000,1,0,0,0,0,0,0,0,0,0,0,0,0,0,0,0,0,0,0,0,0,0,0,0,0,0,0,0,0,0,0,0,0,0,0,0,0,0,0,0,0,0,0,0,0,0,0,0,0,0,0,0,0,0,0,0,0,0,0,0,0,0,0,0,0,0,0,0,0,0,0,0,0,0,14,68.63,65.8,6,101,6645,35,69.4,118,37,84,32,13.9,25.5
58900,13.3,25.6,0.000,9.275,83.4,312,51.17,0.00,0,0,0,0,0.00,0,0,10.94,2000,1,0,0,0,0,0,0,0,0,0,0,0,0,0,0,0,0,0,0,0,0,0,0,0,0,0,0,0,0,0,0,0,0,0,0,0,0,0,0,0,0,0,0,0,0,0,0,0,0,0,0,0,0,0,0,0,0,0,0,0,0,0,0,0,0,0,0,0,0,0,0,0,0,0,14,68.63,65.8,6,101,6645,35,69.4,118,37,84,32,13.9,25.5
59000,13.3,25.6,0.000,9.230,83.0,312,50.78,0.00,0,0,0,0,0.00,0,0,10.94,2000,1,0,0,0,0,0,0,0,0,0,0,0,0,0,0,0,0,0,0,0,0,0,0,0,0,0,0,0,0,0,0,0,0,0,0,0,0,0,0,0,0,0,0,0,0,0,0,0,0,0,0,0,0,0,0,0,0,0,0,0,0,0,0,0,0,0,0,0,0,0,0,0,0,0,14,68.63,65.8,6,101,6650,35,68.6,117,37,84,35,13.9,25.5
59100,13.3,25.6,0.000,9.275,83.4,312,51.17,0.00,0,0,0,0,0.00,0,0,10.94,2000,1,0,0,0,0,0,0,0,0,0,0,0,0,0,0,0,0,0,0,0,0,0,0,0,0,0,0,0,0,0,0,0,0,0,0,0,0,0,0,0,0,0,0,0,0,0,0,0,0,0,0,0,0,0,0,0,0,0,0,0,0,0,0,0,0,0,0,0,0,0,0,0,0,0,14,68.63,65.8,19,101,6650,35,68.6,117,37,84,35,13.9,25.5
59200,13.3,25.6,0.000,9.275,83.4,312,51.17,0.00,0,0,0,0,0.00,0,0,10.94,2000,1,0,0,0,0,0,0,0,0,0,0,0,0,0,0,0,0,0,0,0,0,0,0,0,0,0,0,0,0,0,0,0,0,0,0,0,0,0,0,0,0,0,0,0,0,0,0,0,0,0,0,0,0,0,0,0,0,0,0,0,0,0,0,0,0,0,0,0,0,0,0,0,0,0,15,73.53,65.8,19,101,6634,35,68.6,117,37,84,36,13.9,25.5
59300,13.3,25.6,0.000,9.275,83.4,312,51.17,0.00,0,0,0,0,0.00,0,0,10.94,2000,1,0,0,0,0,0,0,0,0,0,0,0,0,0,0,0,0,0,0,0,0,0,0,0,0,0,0,0,0,0,0,0,0,0,0,0,0,0,0,0,0,0,0,0,0,0,0,0,0,0,0,0,0,0,0,0,0,0,0,0,0,0,0,0,0,0,0,0,0,0,0,0,0,0,14,68.63,65.8,19,101,6629,35,68.6,117,37,84,39,13.9,25.5
59400,13.3,25.6,0.000,9.275,83.4,312,51.17,0.00,0,0,0,0,0.00,0,0,10.94,2000,1,0,0,0,0,0,0,0,0,0,0,0,0,0,0,0,0,0,0,0,0,0,0,0,0,0,0,0,0,0,0,0,0,0,0,0,0,0,0,0,0,0,0,0,0,0,0,0,0,0,0,0,0,0,0,0,0,0,0,0,0,0,0,0,0,0,0,0,0,0,0,0,0,0,14,68.63,65.8,19,101,6629,35,68.6,117,37,84,39,13.9,25.5
59500,13.3,25.6,0.000,9.275,83.4,312,51.17,0.00,0,0,0,0,0.00,0,0,10.94,2000,1,0,0,0,0,0,0,0,0,0,0,0,0,0,0,0,0,0,0,0,0,0,0,0,0,0,0,0,0,0,0,0,0,0,0,0,0,0,0,0,0,0,0,0,0,0,0,0,0,0,0,0,0,0,0,0,0,0,0,0,0,0,0,0,0,0,0,0,0,0,0,0,0,0,14,68.63,65.8,19,101,6624,35,68.6,117,37,84,40,13.9,25.5
59600,13.3,25.6,0.000,9.230,83.0,312,51.17,0.00,0,0,0,0,0.00,0,0,10.94,2000,1,0,0,0,0,0,0,0,0,0,0,0,0,0,0,0,0,0,0,0,0,0,0,0,0,0,0,0,0,0,0,0,0,0,0,0,0,0,0,0,0,0,0,0,0,0,0,0,0,0,0,0,0,0,0,0,0,0,0,0,0,0,0,0,0,0,0,0,0,0,0,0,0,0,15,73.53,65.8,19,101,6665,35,68.6,117,37,84,41,13.9,25.5
59700,13.3,25.6,0.000,9.216,82.6,313,51.17,0.00,0,0,0,0,0.00,0,0,10.94,2000,1,0,0,0,0,0,0,0,0,0,0,0,0,0,0,0,0,0,0,0,0,0,0,0,0,0,0,0,0,0,0,0,0,0,0,0,0,0,0,0,0,0,0,0,0,0,0,0,0,0,0,0,0,0,0,0,0,0,0,0,0,0,0,0,0,0,0,0,0,0,0,0,0,0,15,73.53,65.8,19,101,6704,35,68.6,117,37,85,43,13.9,25.5
59800,13.3,25.6,0.000,9.216,83.0,313,51.17,0.00,0,0,0,0,0.00,0,0,10.94,2000,1,0,0,0,0,0,0,0,0,0,0,0,0,0,0,0,0,0,0,0,0,0,0,0,0,0,0,0,0,0,0,0,0,0,0,0,0,0,0,0,0,0,0,0,0,0,0,0,0,0,0,0,0,0,0,0,0,0,0,0,0,0,0,0,0,0,0,0,0,0,0,0,0,0,14,68.63,65.8,19,101,6696,35,68.6,117,37,85,44,13.9,25.5
59900,13.3,25.6,0.000,9.216,83.0,313,51.17,0.00,0,0,0,0,0.00,0,0,10.94,2000,1,0,0,0,0,0,0,0,0,0,0,0,0,0,0,0,0,0,0,0,0,0,0,0,0,0,0,0,0,0,0,0,0,0,0,0,0,0,0,0,0,0,0,0,0,0,0,0,0,0,0,0,0,0,0,0,0,0,0,0,0,0,0,0,0,0,0,0,0,0,0,0,0,0,14,68.63,65.8,19,101,6714,35,68.6,117,37,85,45,13.9,25.5
60000,13.3,25.6,0.000,9.216,82.6,313,51.56,0.00,0,0,0,0,0.00,0,0,10.94,2000,1,0,0,0,0,0,0,0,0,0,0,0,0,0,0,0,0,0,0,0,0,0,0,0,0,0,0,0,0,0,0,0,0,0,0,0,0,0,0,0,0,0,0,0,0,0,0,0,0,0,0,0,0,0,0,0,0,0,0,0,0,0,0,0,0,0,0,0,0,0,0,0,0,0,14,68.63,65.8,19,101,6745,35,68.6,117,37,85,47,13.9,25.5
60100,13.3,25.6,0.000,9.216,82.6,313,51.56,0.00,0,0,0,0,0.00,0,0,10.94,2000,1,0,0,0,0,0,0,0,0,0,0,0,0,0,0,0,0,0,0,0,0,0,0,0,0,0,0,0,0,0,0,0,0,0,0,0,0,0,0,0,0,0,0,0,0,0,0,0,0,0,0,0,0,0,0,0,0,0,0,0,0,0,0,0,0,0,0,0,0,0,0,0,0,0,14,68.63,65.8,33,101,6745,35,68.6,117,37,85,47,13.9,25.5
60200,13.3,25.6,0.000,9.216,82.6,313,51.56,0.00,0,0,0,0,0.00,0,0,10.94,2000,1,0,0,0,0,0,0,0,0,0,0,0,0,0,0,0,0,0,0,0,0,0,0,0,0,0,0,0,0,0,0,0,0,0,0,0,0,0,0,0,0,0,0,0,0,0,0,0,0,0,0,0,0,0,0,0,0,0,0,0,0,0,0,0,0,0,0,0,0,0,0,0,0,0,13,63.73,65.8,33,101,6745,35,68.6,117,37,85,49,13.9,25.5
60300,13.3,25.6,0.000,9.216,82.6,313,51.56,0.00,0,0,0,0,0.00,0,0,10.94,2000,1,0,0,0,0,0,0,0,0,0,0,0,0,0,0,0,0,0,0,0,0,0,0,0,0,0,0,0,0,0,0,0,0,0,0,0,0,0,0,0,0,0,0,0,0,0,0,0,0,0,0,0,0,0,0,0,0,0,0,0,0,0,0,0,0,0,0,0,0,0,0,0,0,0,13,63.73,65.8,33,101,6745,35,68.6,117,37,85,49,13.9,25.5
60400,13.3,25.6,0.000,9.202,82.2,314,51.95,0.00,0,0,0,0,0.00,0,0,10.94,2000,1,0,0,0,0,0,0,0,0,0,0,0,0,0,0,0,0,0,0,0,0,0,0,0,0,0,0,0,0,0,0,0,0,0,0,0,0,0,0,0,0,0,0,0,0,0,0,0,0,0,0,0,0,0,0,0,0,0,0,0,0,0,0,0,0,0,0,0,0,0,0,0,0,0,14,68.63,65.8,33,101,6780,35,68.6,117,37,85,50,13.9,25.5
60500,13.3,25.6,0.000,9.202,82.2,314,51.56,0.00,0,0,0,0,0.00,0,0,10.94,2000,1,0,0,0,0,0,0,0,0,0,0,0,0,0,0,0,0,0,0,0,0,0,0,0,0,0,0,0,0,0,0,0,0,0,0,0,0,0,0,0,0,0,0,0,0,0,0,0,0,0,0,0,0,0,0,0,0,0,0,0,0,0,0,0,0,0,0,0,0,0,0,0,0,0,14,68.63,65.8,33,101,6769,35,68.6,117,37,85,52,13.9,25.5
60600,13.3,25.6,0.000,9.202,82.2,314,51.56,0.00,0,0,0,0,0.00,0,0,10.94,2000,1,0,0,0,0,0,0,0,0,0,0,0,0,0,0,0,0,0,0,0,0,0,0,0,0,0,0,0,0,0,0,0,0,0,0,0,0,0,0,0,0,0,0,0,0,0,0,0,0,0,0,0,0,0,0,0,0,0,0,0,0,0,0,0,0,0,0,0,0,0,0,0,0,0,14,68.63,65.8,33,101,6769,35,68.6,117,37,85,52,13.9,25.5
60700,13.3,25.6,0.000,9.161,81.8,314,51.56,0.00,0,0,0,0,0.00,0,0,10.94,2000,1,0,0,0,0,0,0,0,0,0,0,0,0,0,0,0,0,0,0,0,0,0,0,0,0,0,0,0,0,0,0,0,0,0,0,0,0,0,0,0,0,0,0,0,0,0,0,0,0,0,0,0,0,0,0,0,0,0,0,0,0,0,0,0,0,0,0,0,0,0,0,0,0,0,14,68.63,65.8,33,101,6806,35,68.6,117,37,85,52,13.9,25.5
60800,13.3,25.6,0.000,9.161,82.2,314,51.56,0.00,0,0,0,0,0.00,0,0,10.94,2000,1,0,0,0,0,0,0,0,0,0,0,0,0,0,0,0,0,0,0,0,0,0,0,0,0,0,0,0,0,0,0,0,0,0,0,0,0,0,0,0,0,0,0,0,0,0,0,0,0,0,0,0,0,0,0,0,0,0,0,0,0,0,0,0,0,0,0,0,0,0,0,0,0,0,13,63.73,65.8,33,101,6796,35,68.6,117,37,85,53,13.9,25.5
60900,13.3,25.6,0.000,9.161,81.8,314,51.56,0.00,0,0,0,0,0.00,0,0,10.94,2000,1,0,0,0,0,0,0,0,0,0,0,0,0,0,0,0,0,0,0,0,0,0,0,0,0,0,0,0,0,0,0,0,0,0,0,0,0,0,0,0,0,0,0,0,0,0,0,0,0,0,0,0,0,0,0,0,0,0,0,0,0,0,0,0,0,0,0,0,0,0,0,0,0,0,14,68.63,65.8,33,101,6812,35,68.2,116,37,85,53,13.9,25.5
61000,13.3,25.6,0.000,9.161,81.8,314,51.56,0.00,0,0,0,0,0.00,0,0,10.94,2000,1,0,0,0,0,0,0,0,0,0,0,0,0,0,0,0,0,0,0,0,0,0,0,0,0,0,0,0,0,0,0,0,0,0,0,0,0,0,0,0,0,0,0,0,0,0,0,0,0,0,0,0,0,0,0,0,0,0,0,0,0,0,0,0,0,0,0,0,0,0,0,0,0,0,15,73.53,65.8,33,101,6804,35,68.2,116,37,85,55,13.9,25.5
61100,13.3,25.6,0.000,9.119,81.4,314,51.56,0.00,0,0,0,0,0.00,0,0,10.94,2000,1,0,0,0,0,0,0,0,0,0,0,0,0,0,0,0,0,0,0,0,0,0,0,0,0,0,0,0,0,0,0,0,0,0,0,0,0,0,0,0,0,0,0,0,0,0,0,0,0,0,0,0,0,0,0,0,0,0,0,0,0,0,0,0,0,0,0,0,0,0,0,0,0,0,15,73.53,66.3,43,101,6822,35,67.5,115,37,85,55,13.9,25.5
61200,13.3,25.6,0.000,9.119,81.4,314,51.56,0.00,0,0,0,0,0.00,0,0,10.94,2000,1,0,0,0,0,0,0,0,0,0,0,0,0,0,0,0,0,0,0,0,0,0,0,0,0,0,0,0,0,0,0,0,0,0,0,0,0,0,0,0,0,0,0,0,0,0,0,0,0,0,0,0,0,0,0,0,0,0,0,0,0,0,0,0,0,0,0,0,0,0,0,0,0,0,15,73.53,66.3,43,101,6822,35,67.5,115,37,85,55,13.9,25.5
61300,13.3,25.6,0.000,9.147,81.4,315,51.95,0.00,0,0,0,0,0.00,0,0,10.94,2000,1,0,0,0,0,0,0,0,0,0,0,0,0,0,0,0,0,0,0,0,0,0,0,0,0,0,0,0,0,0,0,0,0,0,0,0,0,0,0,0,0,0,0,0,0,0,0,0,0,0,0,0,0,0,0,0,0,0,0,0,0,0,0,0,0,0,0,0,0,0,0,0,0,0,14,68.63,66.3,43,101,6839,35,67.5,115,37,85,56,13.9,25.5
61400,13.3,25.6,0.000,9.147,81.4,315,51.95,0.00,0,0,0,0,0.00,0,0,10.94,2000,1,0,0,0,0,0,0,0,0,0,0,0,0,0,0,0,0,0,0,0,0,0,0,0,0,0,0,0,0,0,0,0,0,0,0,0,0,0,0,0,0,0,0,0,0,0,0,0,0,0,0,0,0,0,0,0,0,0,0,0,0,0,0,0,0,0,0,0,0,0,0,0,0,0,14,68.63,66.3,43,101,6833,35,67.5,115,37,85,56,13.9,25.5
61500,13.3,25.6,0.000,9.174,81.4,315,51.95,0.00,0,0,0,0,0.00,0,0,10.94,2000,1,0,0,0,0,0,0,0,0,0,0,0,0,0,0,0,0,0,0,0,0,0,0,0,0,0,0,0,0,0,0,0,0,0,0,0,0,0,0,0,0,0,0,0,0,0,0,0,0,0,0,0,0,0,0,0,0,0,0,0,0,0,0,0,0,0,0,0,0,0,0,0,0,0,15,73.53,66.3,43,101,6855,35,67.5,115,37,85,57,13.9,25.5
61600,13.3,25.6,0.000,9.174,81.4,316,52.34,0.00,0,0,0,0,0.00,0,0,10.94,2000,1,0,0,0,0,0,0,0,0,0,0,0,0,0,0,0,0,0,0,0,0,0,0,0,0,0,0,0,0,0,0,0,0,0,0,0,0,0,0,0,0,0,0,0,0,0,0,0,0,0,0,0,0,0,0,0,0,0,0,0,0,0,0,0,0,0,0,0,0,0,0,0,0,0,15,73.53,66.3,43,101,6896,35,67.5,115,37,85,58,13.9,25.5
61700,13.3,25.6,0.000,9.161,81.0,317,52.34,0.00,0,0,0,0,0.00,0,0,10.94,2000,1,0,0,0,0,0,0,0,0,0,0,0,0,0,0,0,0,0,0,0,0,0,0,0,0,0,0,0,0,0,0,0,0,0,0,0,0,0,0,0,0,0,0,0,0,0,0,0,0,0,0,0,0,0,0,0,0,0,0,0,0,0,0,0,0,0,0,0,0,0,0,0,0,0,15,73.53,66.3,43,101,6901,35,68.2,116,37,84,60,13.9,25.5
61800,13.3,25.6,0.000,9.188,81.0,318,53.12,0.00,0,0,0,0,0.00,0,0,10.94,2000,1,0,0,0,0,0,0,0,0,0,0,0,0,0,0,0,0,0,0,0,0,0,0,0,0,0,0,0,0,0,0,0,0,0,0,0,0,0,0,0,0,0,0,0,0,0,0,0,0,0,0,0,0,0,0,0,0,0,0,0,0,0,0,0,0,0,0,0,0,0,0,0,0,0,14,68.63,66.3,43,101,6985,35,68.2,116,37,84,60,13.9,25.5
61900,13.3,25.6,0.000,9.188,81.0,318,53.12,0.00,0,0,0,0,0.00,0,0,10.94,2000,1,0,0,0,0,0,0,0,0,0,0,0,0,0,0,0,0,0,0,0,0,0,0,0,0,0,0,0,0,0,0,0,0,0,0,0,0,0,0,0,0,0,0,0,0,0,0,0,0,0,0,0,0,0,0,0,0,0,0,0,0,0,0,0,0,0,0,0,0,0,0,0,0,0,15,73.53,66.3,43,101,6951,35,68.2,116,37,84,61,13.9,25.5
62000,13.3,25.6,0.000,9.188,81.0,318,53.12,0.00,0,0,0,0,0.00,0,0,10.94,2000,1,0,0,0,0,0,0,0,0,0,0,0,0,0,0,0,0,0,0,0,0,0,0,0,0,0,0,0,0,0,0,0,0,0,0,0,0,0,0,0,0,0,0,0,0,0,0,0,0,0,0,0,0,0,0,0,0,0,0,0,0,0,0,0,0,0,0,0,0,0,0,0,0,0,15,73.53,66.3,43,101,6951,35,68.2,116,37,84,61,13.9,25.5
62100,13.3,25.6,0.000,9.161,81.0,317,52.73,0.00,0,0,0,0,0.00,0,0,10.94,2000,1,0,0,0,0,0,0,0,0,0,0,0,0,0,0,0,0,0,0,0,0,0,0,0,0,0,0,0,0,0,0,0,0,0,0,0,0,0,0,0,0,0,0,0,0,0,0,0,0,0,0,0,0,0,0,0,0,0,0,0,0,0,0,0,0,0,0,0,0,0,0,0,0,0,14,68.63,66.2,49,101,6970,35,68.2,116,37,84,63,13.8,25.5
62200,13.3,25.6,0.000,9.161,81.0,317,52.73,0.00,0,0,0,0,0.00,0,0,10.94,2000,1,0,0,0,0,0,0,0,0,0,0,0,0,0,0,0,0,0,0,0,0,0,0,0,0,0,0,0,0,0,0,0,0,0,0,0,0,0,0,0,0,0,0,0,0,0,0,0,0,0,0,0,0,0,0,0,0,0,0,0,0,0,0,0,0,0,0,0,0,0,0,0,0,0,14,68.63,66.2,49,101,6970,35,68.2,116,37,84,63,13.8,25.5
62300,13.3,25.6,0.000,9.188,81.0,318,53.12,0.00,0,0,0,0,0.00,0,0,10.94,2000,1,0,0,0,0,0,0,0,0,0,0,0,0,0,0,0,0,0,0,0,0,0,0,0,0,0,0,0,0,0,0,0,0,0,0,0,0,0,0,0,0,0,0,0,0,0,0,0,0,0,0,0,0,0,0,0,0,0,0,0,0,0,0,0,0,0,0,0,0,0,0,0,0,0,14,68.63,66.2,49,101,6968,35,68.2,116,37,84,63,13.8,25.5
62400,13.3,25.6,0.000,9.143,80.2,318,53.12,0.00,0,0,0,0,0.00,0,0,10.94,2000,1,0,0,0,0,0,0,0,0,0,0,0,0,0,0,0,0,0,0,0,0,0,0,0,0,0,0,0,0,0,0,0,0,0,0,0,0,0,0,0,0,0,0,0,0,0,0,0,0,0,0,0,0,0,0,0,0,0,0,0,0,0,0,0,0,0,0,0,0,0,0,0,0,0,14,68.63,66.2,49,101,7007,35,67.5,115,37,83,63,13.9,25.5
62500,13.3,25.6,0.000,9.143,80.2,318,53.12,0.00,0,0,0,0,0.00,0,0,10.94,2000,1,0,0,0,0,0,0,0,0,0,0,0,0,0,0,0,0,0,0,0,0,0,0,0,0,0,0,0,0,0,0,0,0,0,0,0,0,0,0,0,0,0,0,0,0,0,0,0,0,0,0,0,0,0,0,0,0,0,0,0,0,0,0,0,0,0,0,0,0,0,0,0,0,0,15,73.53,66.2,49,101,7004,35,67.5,115,37,83,64,13.9,25.5
62600,13.3,25.6,0.000,9.157,80.2,320,53.52,0.00,0,0,0,0,0.00,0,0,10.94,2000,1,0,0,0,0,0,0,0,0,0,0,0,0,0,0,0,0,0,0,0,0,0,0,0,0,0,0,0,0,0,0,0,0,0,0,0,0,0,0,0,0,0,0,0,0,0,0,0,0,0,0,0,0,0,0,0,0,0,0,0,0,0,0,0,0,0,0,0,0,0,0,0,0,0,13,63.73,66.2,49,101,7016,35,67.5,115,37,83,66,13.9,25.5
62700,13.3,25.6,0.000,9.157,80.2,320,53.52,0.00,0,0,0,0,0.00,0,0,10.94,2000,1,0,0,0,0,0,0,0,0,0,0,0,0,0,0,0,0,0,0,0,0,0,0,0,0,0,0,0,0,0,0,0,0,0,0,0,0,0,0,0,0,0,0,0,0,0,0,0,0,0,0,0,0,0,0,0,0,0,0,0,0,0,0,0,0,0,0,0,0,0,0,0,0,0,13,63.73,66.2,49,101,7016,35,67.5,115,37,83,66,13.9,25.5
62800,13.3,25.6,0.000,9.130,80.2,319,53.12,0.00,0,0,0,0,0.00,0,0,10.94,2000,1,0,0,0,0,0,0,0,0,0,0,0,0,0,0,0,0,0,0,0,0,0,0,0,0,0,0,0,0,0,0,0,0,0,0,0,0,0,0,0,0,0,0,0,0,0,0,0,0,0,0,0,0,0,0,0,0,0,0,0,0,0,0,0,0,0,0,0,0,0,0,0,0,0,14,68.63,66.2,49,101,7044,35,67.5,115,37,82,66,13.9,25.5
62900,13.3,25.6,0.000,9.116,80.2,320,53.12,0.00,0,0,0,0,0.00,0,0,10.94,2000,1,0,0,0,0,0,0,0,0,0,0,0,0,0,0,0,0,0,0,0,0,0,0,0,0,0,0,0,0,0,0,0,0,0,0,0,0,0,0,0,0,0,0,0,0,0,0,0,0,0,0,0,0,0,0,0,0,0,0,0,0,0,0,0,0,0,0,0,0,0,0,0,0,0,14,68.63,66.2,49,101,7044,35,67.5,115,37,82,66,13.9,25.5
63000,13.3,25.6,0.000,9.116,79.8,320,53.52,0.00,0,0,0,0,0.00,0,0,10.94,2000,1,0,0,0,0,0,0,0,0,0,0,0,0,0,0,0,0,0,0,0,0,0,0,0,0,0,0,0,0,0,0,0,0,0,0,0,0,0,0,0,0,0,0,0,0,0,0,0,0,0,0,0,0,0,0,0,0,0,0,0,0,0,0,0,0,0,0,0,0,0,0,0,0,0,15,73.53,66.2,49,101,7050,35,67.5,115,37,82,67,13.9,25.5
63100,13.3,25.6,0.000,9.140,79.8,321,53.52,0.00,0,0,0,0,0.00,0,0,10.94,2000,1,0,0,0,0,0,0,0,0,0,0,0,0,0,0,0,0,0,0,0,0,0,0,0,0,0,0,0,0,0,0,0,0,0,0,0,0,0,0,0,0,0,0,0,0,0,0,0,0,0,0,0,0,0,0,0,0,0,0,0,0,0,0,0,0,0,0,0,0,0,0,0,0,0,15,73.53,65.5,56,101,7081,35,67.5,115,37,82,68,13.9,25.5
63200,13.3,25.6,0.000,9.140,79.8,321,53.52,0.00,0,0,0,0,0.00,0,0,10.94,2000,1,0,0,0,0,0,0,0,0,0,0,0,0,0,0,0,0,0,0,0,0,0,0,0,0,0,0,0,0,0,0,0,0,0,0,0,0,0,0,0,0,0,0,0,0,0,0,0,0,0,0,0,0,0,0,0,0,0,0,0,0,0,0,0,0,0,0,0,0,0,0,0,0,0,14,68.63,65.5,56,101,7105,35,67.5,115,37,81,68,13.9,25.5
63300,13.3,25.6,0.000,9.168,79.8,321,53.91,0.00,0,0,0,0,0.00,0,0,10.94,2000,1,0,0,0,0,0,0,0,0,0,0,0,0,0,0,0,0,0,0,0,0,0,0,0,0,0,0,0,0,0,0,0,0,0,0,0,0,0,0,0,0,0,0,0,0,0,0,0,0,0,0,0,0,0,0,0,0,0,0,0,0,0,0,0,0,0,0,0,0,0,0,0,0,0,14,68.63,65.5,56,101,7105,35,67.5,115,37,81,68,13.9,25.5
63400,13.3,25.6,0.000,9.126,79.8,322,53.91,0.00,0,0,0,0,0.00,0,0,10.94,2000,1,0,0,0,0,0,0,0,0,0,0,0,0,0,0,0,0,0,0,0,0,0,0,0,0,0,0,0,0,0,0,0,0,0,0,0,0,0,0,0,0,0,0,0,0,0,0,0,0,0,0,0,0,0,0,0,0,0,0,0,0,0,0,0,0,0,0,0,0,0,0,0,0,0,14,68.63,65.5,56,101,7111,35,67.5,115,37,81,70,13.9,25.5
63500,13.3,25.6,0.000,9.168,79.8,322,54.30,0.00,0,0,0,0,0.00,0,0,10.94,2000,1,0,0,0,0,0,0,0,0,0,0,0,0,0,0,0,0,0,0,0,0,0,0,0,0,0,0,0,0,0,0,0,0,0,0,0,0,0,0,0,0,0,0,0,0,0,0,0,0,0,0,0,0,0,0,0,0,0,0,0,0,0,0,0,0,0,0,0,0,0,0,0,0,0,14,68.63,65.5,56,101,7122,35,67.5,115,37,80,70,13.9,25.5
63600,13.3,25.6,0.000,9.168,79.8,322,54.30,0.00,0,0,0,0,0.00,0,0,10.94,2000,1,0,0,0,0,0,0,0,0,0,0,0,0,0,0,0,0,0,0,0,0,0,0,0,0,0,0,0,0,0,0,0,0,0,0,0,0,0,0,0,0,0,0,0,0,0,0,0,0,0,0,0,0,0,0,0,0,0,0,0,0,0,0,0,0,0,0,0,0,0,0,0,0,0,14,68.63,65.5,56,101,7122,35,67.5,115,37,80,70,13.9,25.5
63700,13.3,25.6,0.000,9.168,79.8,322,54.30,0.00,0,0,0,0,0.00,0,0,10.94,2000,1,0,0,0,0,0,0,0,0,0,0,0,0,0,0,0,0,0,0,0,0,0,0,0,0,0,0,0,0,0,0,0,0,0,0,0,0,0,0,0,0,0,0,0,0,0,0,0,0,0,0,0,0,0,0,0,0,0,0,0,0,0,0,0,0,0,0,0,0,0,0,0,0,0,14,68.63,65.5,56,101,7157,35,67.5,115,37,80,70,13.8,25.5
63800,13.3,25.6,0.000,9.154,79.8,323,54.30,0.00,0,0,0,0,0.00,0,0,10.94,2000,1,0,0,0,0,0,0,0,0,0,0,0,0,0,0,0,0,0,0,0,0,0,0,0,0,0,0,0,0,0,0,0,0,0,0,0,0,0,0,0,0,0,0,0,0,0,0,0,0,0,0,0,0,0,0,0,0,0,0,0,0,0,0,0,0,0,0,0,0,0,0,0,0,0,15,73.53,65.5,56,101,7166,35,67.5,115,37,80,72,13.9,25.5
63900,13.3,25.6,0.000,9.154,79.8,323,54.30,0.00,0,0,0,0,0.00,0,0,10.94,2000,1,0,0,0,0,0,0,0,0,0,0,0,0,0,0,0,0,0,0,0,0,0,0,0,0,0,0,0,0,0,0,0,0,0,0,0,0,0,0,0,0,0,0,0,0,0,0,0,0,0,0,0,0,0,0,0,0,0,0,0,0,0,0,0,0,0,0,0,0,0,0,0,0,0,15,73.53,65.5,56,101,7166,35,67.5,115,37,79,72,13.9,25.5
64000,13.3,25.6,0.000,9.154,79.5,323,54.30,0.00,0,0,0,0,0.00,0,0,10.94,2000,1,0,0,0,0,0,0,0,0,0,0,0,0,0,0,0,0,0,0,0,0,0,0,0,0,0,0,0,0,0,0,0,0,0,0,0,0,0,0,0,0,0,0,0,0,0,0,0,0,0,0,0,0,0,0,0,0,0,0,0,0,0,0,0,0,0,0,0,0,0,0,0,0,0,14,68.63,65.5,56,101,7166,35,67.1,114,37,79,72,13.9,25.5
64100,13.3,25.6,0.000,9.154,79.5,323,54.30,0.00,0,0,0,0,0.00,0,0,10.94,2000,1,0,0,0,0,0,0,0,0,0,0,0,0,0,0,0,0,0,0,0,0,0,0,0,0,0,0,0,0,0,0,0,0,0,0,0,0,0,0,0,0,0,0,0,0,0,0,0,0,0,0,0,0,0,0,0,0,0,0,0,0,0,0,0,0,0,0,0,0,0,0,0,0,0,14,68.63,65.8,58,101,7166,35,67.1,114,37,79,72,13.9,25.5
64200,13.3,25.6,0.000,9.154,79.5,323,54.30,0.00,0,0,0,0,0.00,0,0,10.94,2000,1,0,0,0,0,0,0,0,0,0,0,0,0,0,0,0,0,0,0,0,0,0,0,0,0,0,0,0,0,0,0,0,0,0,0,0,0,0,0,0,0,0,0,0,0,0,0,0,0,0,0,0,0,0,0,0,0,0,0,0,0,0,0,0,0,0,0,0,0,0,0,0,0,0,14,68.63,65.8,58,101,7157,35,67.1,114,37,78,73,13.9,25.5
64300,13.3,25.6,0.000,9.219,79.5,323,54.69,0.00,0,0,0,0,0.00,0,0,10.94,2000,1,0,0,0,0,0,0,0,0,0,0,0,0,0,0,0,0,0,0,0,0,0,0,0,0,0,0,0,0,0,0,0,0,0,0,0,0,0,0,0,0,0,0,0,0,0,0,0,0,0,0,0,0,0,0,0,0,0,0,0,0,0,0,0,0,0,0,0,0,0,0,0,0,0,14,68.63,65.8,58,101,7157,35,67.1,114,37,78,73,13.9,25.5
64400,13.3,25.6,0.000,9.219,79.5,323,54.69,0.00,0,0,0,0,0.00,0,0,10.94,2000,1,0,0,0,0,0,0,0,0,0,0,0,0,0,0,0,0,0,0,0,0,0,0,0,0,0,0,0,0,0,0,0,0,0,0,0,0,0,0,0,0,0,0,0,0,0,0,0,0,0,0,0,0,0,0,0,0,0,0,0,0,0,0,0,0,0,0,0,0,0,0,0,0,0,15,73.53,65.8,58,101,7160,35,67.1,114,37,78,74,13.8,25.5
64500,13.3,25.6,0.000,9.219,79.5,323,55.08,0.00,0,0,0,0,0.00,0,0,10.94,2000,1,0,0,0,0,0,0,0,0,0,0,0,0,0,0,0,0,0,0,0,0,0,0,0,0,0,0,0,0,0,0,0,0,0,0,0,0,0,0,0,0,0,0,0,0,0,0,0,0,0,0,0,0,0,0,0,0,0,0,0,0,0,0,0,0,0,0,0,0,0,0,0,0,0,15,73.53,65.8,58,101,7175,35,67.1,114,37,78,75,13.9,25.5
64600,13.3,25.6,0.000,9.219,79.5,323,55.08,0.00,0,0,0,0,0.00,0,0,10.94,2000,1,0,0,0,0,0,0,0,0,0,0,0,0,0,0,0,0,0,0,0,0,0,0,0,0,0,0,0,0,0,0,0,0,0,0,0,0,0,0,0,0,0,0,0,0,0,0,0,0,0,0,0,0,0,0,0,0,0,0,0,0,0,0,0,0,0,0,0,0,0,0,0,0,0,15,73.53,65.8,58,101,7208,35,67.1,114,37,77,75,13.9,25.5
64700,13.3,25.6,0.000,9.202,79.1,324,55.08,0.00,0,0,0,0,0.00,0,0,10.94,2000,1,0,0,0,0,0,0,0,0,0,0,0,0,0,0,0,0,0,0,0,0,0,0,0,0,0,0,0,0,0,0,0,0,0,0,0,0,0,0,0,0,0,0,0,0,0,0,0,0,0,0,0,0,0,0,0,0,0,0,0,0,0,0,0,0,0,0,0,0,0,0,0,0,0,14,68.63,65.8,58,101,7223,35,67.1,114,37,77,76,13.9,25.5
64800,13.3,25.6,0.000,9.202,79.1,324,55.08,0.00,0,0,0,0,0.00,0,0,10.94,2000,1,0,0,0,0,0,0,0,0,0,0,0,0,0,0,0,0,0,0,0,0,0,0,0,0,0,0,0,0,0,0,0,0,0,0,0,0,0,0,0,0,0,0,0,0,0,0,0,0,0,0,0,0,0,0,0,0,0,0,0,0,0,0,0,0,0,0,0,0,0,0,0,0,0,14,68.63,65.8,58,101,7223,35,67.1,114,37,77,76,13.9,25.5
64900,13.3,25.6,0.000,9.202,79.1,324,55.08,0.00,0,0,0,0,0.00,0,0,10.94,2000,1,0,0,0,0,0,0,0,0,0,0,0,0,0,0,0,0,0,0,0,0,0,0,0,0,0,0,0,0,0,0,0,0,0,0,0,0,0,0,0,0,0,0,0,0,0,0,0,0,0,0,0,0,0,0,0,0,0,0,0,0,0,0,0,0,0,0,0,0,0,0,0,0,0,15,73.53,65.8,58,101,7202,35,67.5,115,37,77,75,13.9,25.5
65000,13.3,25.6,0.000,9.202,79.1,324,55.08,0.00,0,0,0,0,0.00,0,0,10.94,2000,1,0,0,0,0,0,0,0,0,0,0,0,0,0,0,0,0,0,0,0,0,0,0,0,0,0,0,0,0,0,0,0,0,0,0,0,0,0,0,0,0,0,0,0,0,0,0,0,0,0,0,0,0,0,0,0,0,0,0,0,0,0,0,0,0,0,0,0,0,0,0,0,0,0,15,73.53,65.8,58,101,7217,35,67.5,115,37,77,77,13.9,25.5
65100,13.3,25.6,0.000,9.202,79.1,324,55.08,0.00,0,0,0,0,0.00,0,0,10.94,2000,1,0,0,0,0,0,0,0,0,0,0,0,0,0,0,0,0,0,0,0,0,0,0,0,0,0,0,0,0,0,0,0,0,0,0,0,0,0,0,0,0,0,0,0,0,0,0,0,0,0,0,0,0,0,0,0,0,0,0,0,0,0,0,0,0,0,0,0,0,0,0,0,0,0,15,73.53,65.9,63,101,7217,35,67.5,115,37,77,77,13.9,25.5
65200,13.3,25.6,0.000,9.202,79.1,324,55.08,0.00,0,0,0,0,0.00,0,0,10.94,2000,1,0,0,0,0,0,0,0,0,0,0,0,0,0,0,0,0,0,0,0,0,0,0,0,0,0,0,0,0,0,0,0,0,0,0,0,0,0,0,0,0,0,0,0,0,0,0,0,0,0,0,0,0,0,0,0,0,0,0,0,0,0,0,0,0,0,0,0,0,0,0,0,0,0,15,73.53,65.9,63,101,7205,35,64.7,110,37,77,78,13.9,25.5
65300,13.3,25.6,0.000,9.071,77.9,324,54.30,0.00,0,0,0,0,0.00,0,0,10.94,2000,1,0,0,0,0,0,0,0,0,0,0,0,0,0,0,0,0,0,0,0,0,0,0,0,0,0,0,0,0,0,0,0,0,0,0,0,0,0,0,0,0,0,0,0,0,0,0,0,0,0,0,0,0,0,0,0,0,0,0,0,0,0,0,0,0,0,0,0,0,0,0,0,0,0,15,73.53,65.9,63,101,7196,35,61.6,105,37,76,78,13.9,25.5
65400,13.3,25.6,0.000,9.026,77.5,324,53.91,0.00,0,0,0,0,0.00,0,0,10.94,2016,1,0,0,0,0,0,0,0,0,0,0,0,0,0,0,0,0,0,0,0,0,0,0,0,0,0,0,0,0,0,0,0,0,0,0,0,0,0,0,0,0,0,0,0,0,0,0,0,0,0,0,0,0,0,0,0,0,0,0,0,0,0,0,0,0,0,0,0,0,0,0,0,0,0,15,73.53,65.9,63,101,7196,35,61.6,105,37,76,78,13.9,25.5
65500,13.3,25.6,0.000,8.860,76.7,321,52.73,0.00,0,0,0,0,0.00,0,0,10.94,2016,1,0,0,0,0,0,0,0,0,0,0,0,0,0,0,0,0,0,0,0,0,0,0,0,0,0,0,0,0,0,0,0,0,0,0,0,0,0,0,0,0,0,0,0,0,0,0,0,0,0,0,0,0,0,0,0,0,0,0,0,0,0,0,0,0,0,0,0,0,0,0,0,0,0,15,73.53,65.9,63,101,7208,35,58.0,99,37,76,78,13.8,25.5
65600,13.3,25.6,0.000,8.624,75.2,317,51.56,0.00,0,0,0,0,0.00,0,0,10.94,2016,1,0,0,0,0,0,0,0,0,0,0,0,0,0,0,0,0,0,0,0,0,0,0,0,0,0,0,0,0,0,0,0,0,0,0,0,0,0,0,0,0,0,0,0,0,0,0,0,0,0,0,0,0,0,0,0,0,0,0,0,0,0,0,0,0,0,0,0,0,0,0,0,0,0,15,73.53,65.9,63,101,7208,35,58.0,99,37,76,78,13.8,25.5
65700,13.3,25.6,0.000,8.486,74.8,315,50.39,0.00,0,0,0,0,0.00,0,0,10.94,2016,1,0,0,0,0,0,0,0,0,0,0,0,0,0,0,0,0,0,0,0,0,0,0,0,0,0,0,0,0,0,0,0,0,0,0,0,0,0,0,0,0,0,0,0,0,0,0,0,0,0,0,0,0,0,0,0,0,0,0,0,0,0,0,0,0,0,0,0,0,0,0,0,0,0,15,73.53,65.9,63,101,7190,35,56.5,96,37,76,79,13.9,25.5
65800,13.3,25.6,0.000,8.317,73.2,315,49.61,0.00,0,0,0,0,0.00,0,0,10.94,2016,1,0,0,0,0,0,0,0,0,0,0,0,0,0,0,0,0,0,0,0,0,0,0,0,0,0,0,0,0,0,0,0,0,0,0,0,0,0,0,0,0,0,0,0,0,0,0,0,0,0,0,0,0,0,0,0,0,0,0,0,0,0,0,0,0,0,0,0,0,0,0,0,0,0,15,73.53,65.9,63,101,7181,35,52.9,90,37,76,79,13.9,25.5
65900,13.3,25.6,0.000,8.317,73.2,315,49.61,0.00,0,0,0,0,0.00,0,0,10.94,2016,1,0,0,0,0,0,0,0,0,0,0,0,0,0,0,0,0,0,0,0,0,0,0,0,0,0,0,0,0,0,0,0,0,0,0,0,0,0,0,0,0,0,0,0,0,0,0,0,0,0,0,0,0,0,0,0,0,0,0,0,0,0,0,0,0,0,0,0,0,0,0,0,0,0,15,73.53,65.9,63,101,7181,35,52.9,90,37,76,79,13.9,25.5
66000,13.3,25.6,0.000,8.178,71.6,314,48.44,0.00,0,0,0,0,0.00,0,0,10.94,2016,1,0,0,0,0,0,0,0,0,0,0,0,0,0,0,0,0,0,0,0,0,0,0,0,0,0,0,0,0,0,0,0,0,0,0,0,0,0,0,0,0,0,0,0,0,0,0,0,0,0,0,0,0,0,0,0,0,0,0,0,0,0,0,0,0,0,0,0,0,0,0,0,0,0,15,73.53,65.8,67,101,7116,35,49.4,84,37,75,80,13.9,25.5
66100,13.3,25.6,0.000,8.109,71.2,314,48.05,0.00,0,0,0,0,0.00,0,0,10.94,2016,1,0,0,0,0,0,0,0,0,0,0,0,0,0,0,0,0,0,0,0,0,0,0,0,0,0,0,0,0,0,0,0,0,0,0,0,0,0,0,0,0,0,0,0,0,0,0,0,0,0,0,0,0,0,0,0,0,0,0,0,0,0,0,0,0,0,0,0,0,0,0,0,0,0,15,73.53,65.8,67,101,7116,35,49.4,84,37,75,80,13.9,25.5
66200,13.3,25.6,0.000,8.067,70.9,314,47.66,0.00,0,0,0,0,0.00,0,0,10.94,2016,1,0,0,0,0,0,0,0,0,0,0,0,0,0,0,0,0,0,0,0,0,0,0,0,0,0,0,0,0,0,0,0,0,0,0,0,0,0,0,0,0,0,0,0,0,0,0,0,0,0,0,0,0,0,0,0,0,0,0,0,0,0,0,0,0,0,0,0,0,0,0,0,0,0,15,73.53,65.8,67,101,7113,35,48.6,83,37,75,81,13.9,25.5
66300,13.3,25.6,0.000,8.067,71.2,314,47.27,0.00,0,0,0,0,0.00,0,0,10.94,2016,1,0,0,0,0,0,0,0,0,0,0,0,0,0,0,0,0,0,0,0,0,0,0,0,0,0,0,0,0,0,0,0,0,0,0,0,0,0,0,0,0,0,0,0,0,0,0,0,0,0,0,0,0,0,0,0,0,0,0,0,0,0,0,0,0,0,0,0,0,0,0,0,0,0,14,68.63,65.8,67,101,7079,35,48.6,83,37,75,81,13.9,25.5
66400,13.3,25.6,0.000,8.067,71.2,314,47.27,0.00,0,0,0,0,0.00,0,0,10.94,2016,1,0,0,0,0,0,0,0,0,0,0,0,0,0,0,0,0,0,0,0,0,0,0,0,0,0,0,0,0,0,0,0,0,0,0,0,0,0,0,0,0,0,0,0,0,0,0,0,0,0,0,0,0,0,0,0,0,0,0,0,0,0,0,0,0,0,0,0,0,0,0,0,0,0,15,73.53,65.8,67,101,7084,35,48.6,83,37,75,80,13.9,25.5
66500,13.3,25.6,0.000,7.638,66.6,314,44.92,0.00,0,0,0,0,0.00,0,0,10.94,2016,0,0,0,0,0,0,0,0,0,0,0,0,0,0,0,0,0,0,0,0,0,0,0,0,0,0,0,0,0,0,0,0,0,0,0,0,0,0,0,0,0,0,0,0,0,0,0,0,0,0,0,0,0,0,0,0,0,0,0,0,0,0,0,0,0,0,0,0,0,0,0,0,0,0,15,73.53,65.8,67,101,7099,35,40.0,68,37,75,82,13.8,25.5
66600,13.3,25.6,0.000,7.638,66.6,314,44.92,0.00,0,0,0,0,0.00,0,0,10.94,2016,0,0,0,0,0,0,0,0,0,0,0,0,0,0,0,0,0,0,0,0,0,0,0,0,0,0,0,0,0,0,0,0,0,0,0,0,0,0,0,0,0,0,0,0,0,0,0,0,0,0,0,0,0,0,0,0,0,0,0,0,0,0,0,0,0,0,0,0,0,0,0,0,0,0,15,73.53,65.8,67,101,7099,35,40.0,68,37,75,82,13.8,25.5
66700,13.3,25.6,0.000,7.680,66.2,314,44.92,0.00,0,0,0,0,0.00,0,0,10.94,2016,0,0,0,0,0,0,0,0,0,0,0,0,0,0,0,0,0,0,0,0,0,0,0,0,0,0,0,0,0,0,0,0,0,0,0,0,0,0,0,0,0,0,0,0,0,0,0,0,0,0,0,0,0,0,0,0,0,0,0,0,0,0,0,0,0,0,0,0,0,0,0,0,0,0,15,73.53,65.8,67,101,6970,35,39.2,67,37,75,82,13.9,25.5
66800,13.3,25.6,0.000,7.580,66.6,314,43.75,0.00,0,0,0,0,0.00,0,0,10.94,2016,1,0,0,0,0,0,0,0,0,0,0,0,0,0,0,0,0,0,0,0,0,0,0,0,0,0,0,0,0,0,0,0,0,0,0,0,0,0,0,0,0,0,0,0,0,0,0,0,0,0,0,0,0,0,0,0,0,0,0,0,0,0,0,0,0,0,0,0,0,0,0,0,0,0,15,73.53,65.8,67,101,6970,35,39.2,67,37,75,82,13.9,25.5
66900,13.3,25.6,0.000,7.621,67.3,314,43.75,0.00,0,0,0,0,0.00,0,0,10.94,2016,1,0,0,0,0,0,0,0,0,0,0,0,0,0,0,0,0,0,0,0,0,0,0,0,0,0,0,0,0,0,0,0,0,0,0,0,0,0,0,0,0,0,0,0,0,0,0,0,0,0,0,0,0,0,0,0,0,0,0,0,0,0,0,0,0,0,0,0,0,0,0,0,0,0,15,73.53,65.8,67,101,6943,35,39.2,67,37,75,81,13.9,25.5
67000,13.3,25.6,0.000,7.590,67.3,314,43.75,0.00,0,0,0,0,0.00,0,0,10.94,2016,1,0,0,0,0,0,0,0,0,0,0,0,0,0,0,0,0,0,0,0,0,0,0,0,0,0,0,0,0,0,0,0,0,0,0,0,0,0,0,0,0,0,0,0,0,0,0,0,0,0,0,0,0,0,0,0,0,0,0,0,0,0,0,0,0,0,0,0,0,0,0,0,0,0,15,73.53,66.2,71,101,6954,35,39.2,67,37,75,83,13.9,25.5
67100,13.3,25.6,0.000,7.590,67.3,314,43.75,0.00,0,0,0,0,0.00,0,0,10.94,2016,1,0,0,0,0,0,0,0,0,0,0,0,0,0,0,0,0,0,0,0,0,0,0,0,0,0,0,0,0,0,0,0,0,0,0,0,0,0,0,0,0,0,0,0,0,0,0,0,0,0,0,0,0,0,0,0,0,0,0,0,0,0,0,0,0,0,0,0,0,0,0,0,0,0,14,68.63,66.2,71,101,6929,35,39.2,67,37,75,84,13.9,25.5
67200,13.3,25.6,0.000,7.635,67.3,314,43.75,0.00,0,0,0,0,0.00,0,0,10.94,2016,1,0,0,0,0,0,0,0,0,0,0,0,0,0,0,0,0,0,0,0,0,0,0,0,0,0,0,0,0,0,0,0,0,0,0,0,0,0,0,0,0,0,0,0,0,0,0,0,0,0,0,0,0,0,0,0,0,0,0,0,0,0,0,0,0,0,0,0,0,0,0,0,0,0,14,68.63,66.2,71,101,6929,35,39.2,67,37,75,84,13.9,25.5
67300,13.3,25.6,0.000,7.590,67.3,314,43.75,0.00,0,0,0,0,0.00,0,0,10.94,2016,1,0,0,0,0,0,0,0,0,0,0,0,0,0,0,0,0,0,0,0,0,0,0,0,0,0,0,0,0,0,0,0,0,0,0,0,0,0,0,0,0,0,0,0,0,0,0,0,0,0,0,0,0,0,0,0,0,0,0,0,0,0,0,0,0,0,0,0,0,0,0,0,0,0,15,73.53,66.2,71,101,6929,35,39.2,67,37,75,82,13.9,25.5
67400,13.3,25.6,0.000,7.635,67.3,314,43.75,0.00,0,0,0,0,0.00,0,0,10.94,2016,1,0,0,0,0,0,0,0,0,0,0,0,0,0,0,0,0,0,0,0,0,0,0,0,0,0,0,0,0,0,0,0,0,0,0,0,0,0,0,0,0,0,0,0,0,0,0,0,0,0,0,0,0,0,0,0,0,0,0,0,0,0,0,0,0,0,0,0,0,0,0,0,0,0,15,73.53,66.2,71,101,6940,35,39.2,67,37,75,82,13.9,25.5
67500,13.3,25.6,0.000,7.621,67.0,314,43.75,0.00,0,0,0,0,0.00,0,0,10.94,2016,1,0,0,0,0,0,0,0,0,0,0,0,0,0,0,0,0,0,0,0,0,0,0,0,0,0,0,0,0,0,0,0,0,0,0,0,0,0,0,0,0,0,0,0,0,0,0,0,0,0,0,0,0,0,0,0,0,0,0,0,0,0,0,0,0,0,0,0,0,0,0,0,0,0,15,73.53,66.2,71,101,6970,35,39.2,67,37,75,84,13.9,25.5
67600,13.3,25.6,0.000,7.621,67.0,314,44.14,0.00,0,0,0,0,0.00,0,0,10.94,2016,1,0,0,0,0,0,0,0,0,0,0,0,0,0,0,0,0,0,0,0,0,0,0,0,0,0,0,0,0,0,0,0,0,0,0,0,0,0,0,0,0,0,0,0,0,0,0,0,0,0,0,0,0,0,0,0,0,0,0,0,0,0,0,0,0,0,0,0,0,0,0,0,0,0,15,73.53,66.2,71,101,6968,35,39.2,67,37,75,82,13.9,25.5
67700,13.3,25.6,0.000,7.621,67.0,314,44.14,0.00,0,0,0,0,0.00,0,0,10.94,2016,1,0,0,0,0,0,0,0,0,0,0,0,0,0,0,0,0,0,0,0,0,0,0,0,0,0,0,0,0,0,0,0,0,0,0,0,0,0,0,0,0,0,0,0,0,0,0,0,0,0,0,0,0,0,0,0,0,0,0,0,0,0,0,0,0,0,0,0,0,0,0,0,0,0,15,73.53,66.2,71,101,6968,35,39.2,67,37,75,82,13.9,25.5
67800,13.3,25.6,0.000,7.621,67.0,314,44.14,0.00,0,0,0,0,0.00,0,0,10.94,2016,1,0,0,0,0,0,0,0,0,0,0,0,0,0,0,0,0,0,0,0,0,0,0,0,0,0,0,0,0,0,0,0,0,0,0,0,0,0,0,0,0,0,0,0,0,0,0,0,0,0,0,0,0,0,0,0,0,0,0,0,0,0,0,0,0,0,0,0,0,0,0,0,0,0,15,73.53,66.2,71,101,6973,35,39.2,67,37,75,85,13.9,25.5
67900,13.3,25.6,0.000,7.621,66.6,314,44.14,0.00,0,0,0,0,0.00,0,0,10.94,2016,1,0,0,0,0,0,0,0,0,0,0,0,0,0,0,0,0,0,0,0,0,0,0,0,0,0,0,0,0,0,0,0,0,0,0,0,0,0,0,0,0,0,0,0,0,0,0,0,0,0,0,0,0,0,0,0,0,0,0,0,0,0,0,0,0,0,0,0,0,0,0,0,0,0,16,78.43,66.2,71,101,7001,35,39.2,67,37,75,85,13.9,25.5
68000,13.3,25.6,0.000,7.621,66.6,314,44.14,0.00,0,0,0,0,0.00,0,0,10.94,2016,1,0,0,0,0,0,0,0,0,0,0,0,0,0,0,0,0,0,0,0,0,0,0,0,0,0,0,0,0,0,0,0,0,0,0,0,0,0,0,0,0,0,0,0,0,0,0,0,0,0,0,0,0,0,0,0,0,0,0,0,0,0,0,0,0,0,0,0,0,0,0,0,0,0,15,73.53,65.8,76,101,6993,35,39.2,67,37,75,83,13.9,25.5
68100,13.3,25.6,0.000,7.621,66.6,314,44.14,0.00,0,0,0,0,0.00,0,0,10.94,2016,1,0,0,0,0,0,0,0,0,0,0,0,0,0,0,0,0,0,0,0,0,0,0,0,0,0,0,0,0,0,0,0,0,0,0,0,0,0,0,0,0,0,0,0,0,0,0,0,0,0,0,0,0,0,0,0,0,0,0,0,0,0,0,0,0,0,0,0,0,0,0,0,0,0,15,73.53,65.8,76,101,6993,35,39.2,67,37,75,83,13.9,25.5
68200,13.3,25.6,0.000,7.580,66.6,314,44.14,0.00,0,0,0,0,0.00,0,0,10.94,2016,1,0,0,0,0,0,0,0,0,0,0,0,0,0,0,0,0,0,0,0,0,0,0,0,0,0,0,0,0,0,0,0,0,0,0,0,0,0,0,0,0,0,0,0,0,0,0,0,0,0,0,0,0,0,0,0,0,0,0,0,0,0,0,0,0,0,0,0,0,0,0,0,0,0,14,68.63,65.8,76,101,7033,35,39.2,67,37,75,84,13.9,25.5
68300,13.3,25.6,0.000,7.580,66.6,314,44.14,0.00,0,0,0,0,0.00,0,0,10.94,2016,1,0,0,0,0,0,0,0,0,0,0,0,0,0,0,0,0,0,0,0,0,0,0,0,0,0,0,0,0,0,0,0,0,0,0,0,0,0,0,0,0,0,0,0,0,0,0,0,0,0,0,0,0,0,0,0,0,0,0,0,0,0,0,0,0,0,0,0,0,0,0,0,0,0,15,73.53,65.8,76,101,7016,35,39.2,67,37,75,83,13.9,25.5
68400,13.3,25.6,0.000,7.580,66.6,314,44.14,0.00,0,0,0,0,0.00,0,0,10.94,2016,1,0,0,0,0,0,0,0,0,0,0,0,0,0,0,0,0,0,0,0,0,0,0,0,0,0,0,0,0,0,0,0,0,0,0,0,0,0,0,0,0,0,0,0,0,0,0,0,0,0,0,0,0,0,0,0,0,0,0,0,0,0,0,0,0,0,0,0,0,0,0,0,0,0,15,73.53,65.8,76,101,7016,35,39.2,67,37,75,83,13.9,25.5
68500,13.3,25.6,0.000,7.580,66.6,314,44.14,0.00,0,0,0,0,0.00,0,0,10.94,2016,1,0,0,0,0,0,0,0,0,0,0,0,0,0,0,0,0,0,0,0,0,0,0,0,0,0,0,0,0,0,0,0,0,0,0,0,0,0,0,0,0,0,0,0,0,0,0,0,0,0,0,0,0,0,0,0,0,0,0,0,0,0,0,0,0,0,0,0,0,0,0,0,0,0,15,73.53,65.8,76,101,7013,35,39.2,67,37,75,85,13.9,25.5
68600,13.3,25.6,0.000,7.580,66.6,314,44.14,0.00,0,0,0,0,0.00,0,0,10.94,2016,1,0,0,0,0,0,0,0,0,0,0,0,0,0,0,0,0,0,0,0,0,0,0,0,0,0,0,0,0,0,0,0,0,0,0,0,0,0,0,0,0,0,0,0,0,0,0,0,0,0,0,0,0,0,0,0,0,0,0,0,0,0,0,0,0,0,0,0,0,0,0,0,0,0,15,73.53,65.8,76,101,7024,35,39.2,67,37,75,84,13.9,25.5
68700,13.3,25.6,0.000,7.580,66.6,314,44.14,0.00,0,0,0,0,0.00,0,0,10.94,2016,1,0,0,0,0,0,0,0,0,0,0,0,0,0,0,0,0,0,0,0,0,0,0,0,0,0,0,0,0,0,0,0,0,0,0,0,0,0,0,0,0,0,0,0,0,0,0,0,0,0,0,0,0,0,0,0,0,0,0,0,0,0,0,0,0,0,0,0,0,0,0,0,0,0,15,73.53,65.8,76,101,7021,35,39.2,67,37,75,85,13.9,25.5
68800,13.3,25.6,0.000,7.580,66.6,314,44.14,0.00,0,0,0,0,0.00,0,0,10.94,2016,1,0,0,0,0,0,0,0,0,0,0,0,0,0,0,0,0,0,0,0,0,0,0,0,0,0,0,0,0,0,0,0,0,0,0,0,0,0,0,0,0,0,0,0,0,0,0,0,0,0,0,0,0,0,0,0,0,0,0,0,0,0,0,0,0,0,0,0,0,0,0,0,0,0,15,73.53,65.8,76,101,7047,35,39.2,67,37,75,86,13.9,25.5
68900,13.3,25.6,0.000,7.580,66.6,314,44.14,0.00,0,0,0,0,0.00,0,0,10.94,2016,1,0,0,0,0,0,0,0,0,0,0,0,0,0,0,0,0,0,0,0,0,0,0,0,0,0,0,0,0,0,0,0,0,0,0,0,0,0,0,0,0,0,0,0,0,0,0,0,0,0,0,0,0,0,0,0,0,0,0,0,0,0,0,0,0,0,0,0,0,0,0,0,0,0,15,73.53,65.8,76,101,7047,35,39.2,67,37,75,86,13.9,25.5
69000,13.3,25.6,0.000,7.580,66.6,314,44.14,0.00,0,0,0,0,0.00,0,0,10.94,2016,1,0,0,0,0,0,0,0,0,0,0,0,0,0,0,0,0,0,0,0,0,0,0,0,0,0,0,0,0,0,0,0,0,0,0,0,0,0,0,0,0,0,0,0,0,0,0,0,0,0,0,0,0,0,0,0,0,0,0,0,0,0,0,0,0,0,0,0,0,0,0,0,0,0,15,73.53,66.6,74,101,7027,35,39.2,67,37,75,84,13.9,25.5
69100,13.3,25.6,0.000,7.403,65.0,314,42.97,0.00,0,0,0,0,0.00,0,0,10.94,2016,1,0,0,0,0,0,0,0,0,0,0,0,0,0,0,0,0,0,0,0,0,0,0,0,0,0,0,0,0,0,0,0,0,0,0,0,0,0,0,0,0,0,0,0,0,0,0,0,0,0,0,0,0,0,0,0,0,0,0,0,0,0,0,0,0,0,0,0,0,0,0,0,0,0,15,73.53,66.6,74,101,7004,35,36.5,62,37,75,85,13.9,25.5
69200,13.3,25.6,0.000,7.421,65.4,314,42.97,0.00,0,0,0,0,0.00,0,0,10.94,2016,1,0,0,0,0,0,0,0,0,0,0,0,0,0,0,0,0,0,0,0,0,0,0,0,0,0,0,0,0,0,0,0,0,0,0,0,0,0,0,0,0,0,0,0,0,0,0,0,0,0,0,0,0,0,0,0,0,0,0,0,0,0,0,0,0,0,0,0,0,0,0,0,0,0,15,73.53,66.6,74,101,7013,35,36.5,62,37,75,86,13.9,25.5
69300,13.3,25.6,0.000,7.507,66.2,314,43.75,0.00,0,0,0,0,0.00,0,0,10.94,2016,1,0,0,0,0,0,0,0,0,0,0,0,0,0,0,0,0,0,0,0,0,0,0,0,0,0,0,0,0,0,0,0,0,0,0,0,0,0,0,0,0,0,0,0,0,0,0,0,0,0,0,0,0,0,0,0,0,0,0,0,0,0,0,0,0,0,0,0,0,0,0,0,0,0,15,73.53,66.6,74,101,7007,35,38.0,65,37,75,85,13.9,25.5
69400,13.3,25.6,0.000,7.507,66.2,314,43.36,0.00,0,0,0,0,0.00,0,0,10.94,2016,1,0,0,0,0,0,0,0,0,0,0,0,0,0,0,0,0,0,0,0,0,0,0,0,0,0,0,0,0,0,0,0,0,0,0,0,0,0,0,0,0,0,0,0,0,0,0,0,0,0,0,0,0,0,0,0,0,0,0,0,0,0,0,0,0,0,0,0,0,0,0,0,0,0,15,73.53,66.6,74,101,6993,35,38.0,65,37,75,86,13.9,25.5
69500,13.3,25.6,0.000,7.507,66.2,314,43.75,0.00,0,0,0,0,0.00,0,0,10.94,2016,1,0,0,0,0,0,0,0,0,0,0,0,0,0,0,0,0,0,0,0,0,0,0,0,0,0,0,0,0,0,0,0,0,0,0,0,0,0,0,0,0,0,0,0,0,0,0,0,0,0,0,0,0,0,0,0,0,0,0,0,0,0,0,0,0,0,0,0,0,0,0,0,0,0,15,73.53,66.6,74,101,7030,35,38.8,66,37,75,86,13.9,25.5
69600,13.3,25.6,0.000,7.507,66.2,314,43.75,0.00,0,0,0,0,0.00,0,0,10.94,2016,1,0,0,0,0,0,0,0,0,0,0,0,0,0,0,0,0,0,0,0,0,0,0,0,0,0,0,0,0,0,0,0,0,0,0,0,0,0,0,0,0,0,0,0,0,0,0,0,0,0,0,0,0,0,0,0,0,0,0,0,0,0,0,0,0,0,0,0,0,0,0,0,0,0,15,73.53,66.6,74,101,7030,35,38.8,66,37,75,86,13.9,25.5
69700,13.3,25.6,0.000,7.749,68.1,314,45.31,0.00,0,0,0,0,0.00,0,0,10.94,2016,1,0,0,0,0,0,0,0,0,0,0,0,0,0,0,0,0,0,0,0,0,0,0,0,0,0,0,0,0,0,0,0,0,0,0,0,0,0,0,0,0,0,0,0,0,0,0,0,0,0,0,0,0,0,0,0,0,0,0,0,0,0,0,0,0,0,0,0,0,0,0,0,0,0,15,73.53,66.6,74,101,7044,35,42.7,73,37,75,86,13.9,25.5
69800,13.3,25.6,0.000,7.749,68.1,314,45.31,0.00,0,0,0,0,0.00,0,0,10.94,2016,1,0,0,0,0,0,0,0,0,0,0,0,0,0,0,0,0,0,0,0,0,0,0,0,0,0,0,0,0,0,0,0,0,0,0,0,0,0,0,0,0,0,0,0,0,0,0,0,0,0,0,0,0,0,0,0,0,0,0,0,0,0,0,0,0,0,0,0,0,0,0,0,0,0,15,73.53,66.6,74,101,7044,35,42.7,73,37,75,86,13.9,25.5
69900,13.3,25.6,0.000,7.749,68.1,314,45.31,0.00,0,0,0,0,0.00,0,0,10.94,2016,1,0,0,0,0,0,0,0,0,0,0,0,0,0,0,0,0,0,0,0,0,0,0,0,0,0,0,0,0,0,0,0,0,0,0,0,0,0,0,0,0,0,0,0,0,0,0,0,0,0,0,0,0,0,0,0,0,0,0,0,0,0,0,0,0,0,0,0,0,0,0,0,0,0,15,73.53,66.6,74,101,7111,35,44.7,76,37,75,86,13.9,25.5
70000,13.3,25.6,0.000,7.919,70.1,314,46.88,0.00,0,0,0,0,0.00,0,0,10.94,2016,1,0,0,0,0,0,0,0,0,0,0,0,0,0,0,0,0,0,0,0,0,0,0,0,0,0,0,0,0,0,0,0,0,0,0,0,0,0,0,0,0,0,0,0,0,0,0,0,0,0,0,0,0,0,0,0,0,0,0,0,0,0,0,0,0,0,0,0,0,0,0,0,0,0,15,73.53,67.1,76,101,7105,35,47.5,81,37,75,86,13.9,25.5
70100,13.3,25.6,0.000,7.919,70.1,314,46.88,0.00,0,0,0,0,0.00,0,0,10.94,2016,1,0,0,0,0,0,0,0,0,0,0,0,0,0,0,0,0,0,0,0,0,0,0,0,0,0,0,0,0,0,0,0,0,0,0,0,0,0,0,0,0,0,0,0,0,0,0,0,0,0,0,0,0,0,0,0,0,0,0,0,0,0,0,0,0,0,0,0,0,0,0,0,0,0,15,73.53,67.1,76,101,7105,35,47.5,81,37,75,86,13.9,25.5
70200,13.3,25.6,0.000,8.150,71.6,314,48.44,0.00,0,0,0,0,0.00,0,0,10.94,2016,1,0,0,0,0,0,0,0,0,0,0,0,0,0,0,0,0,0,0,0,0,0,0,0,0,0,0,0,0,0,0,0,0,0,0,0,0,0,0,0,0,0,0,0,0,0,0,0,0,0,0,0,0,0,0,0,0,0,0,0,0,0,0,0,0,0,0,0,0,0,0,0,0,0,15,73.53,67.1,76,101,7152,35,50.6,86,37,75,85,13.9,25.5
70300,13.3,25.6,0.000,8.206,72.8,314,49.22,0.00,0,0,0,0,0.00,0,0,10.94,2016,1,0,0,0,0,0,0,0,0,0,0,0,0,0,0,0,0,0,0,0,0,0,0,0,0,0,0,0,0,0,0,0,0,0,0,0,0,0,0,0,0,0,0,0,0,0,0,0,0,0,0,0,0,0,0,0,0,0,0,0,0,0,0,0,0,0,0,0,0,0,0,0,0,0,16,78.43,67.1,76,101,7205,35,53.3,91,37,76,87,13.9,25.5
70400,13.3,25.6,0.070,9.361,77.9,323,56.25,0.00,0,0,0,0,0.00,0,0,10.94,2016,1,0,0,0,0,0,0,0,0,0,0,0,0,0,0,0,0,0,0,0,0,0,0,0,0,0,0,0,0,0,0,0,0,0,0,0,0,0,0,0,0,0,0,0,0,0,0,0,0,0,0,0,0,0,0,0,0,0,0,0,0,0,0,0,0,0,0,0,0,0,0,0,0,0,15,73.53,67.1,76,101,7290,35,63.9,109,37,76,87,13.9,25.5
70500,13.3,25.6,0.047,9.527,78.3,324,57.81,0.00,0,0,0,0,0.00,0,0,10.94,2016,1,0,0,0,0,0,0,0,0,0,0,0,0,0,0,0,0,0,0,0,0,0,0,0,0,0,0,0,0,0,0,0,0,0,0,0,0,0,0,0,0,0,0,0,0,0,0,0,0,0,0,0,0,0,0,0,0,0,0,0,0,0,0,0,0,0,0,0,0,0,0,0,0,0,15,73.53,67.1,76,101,7339,35,65.1,111,37,76,86,13.9,25.5
70600,13.3,25.6,0.047,9.527,78.3,324,57.81,0.00,0,0,0,0,0.00,0,0,10.94,2016,1,0,0,0,0,0,0,0,0,0,0,0,0,0,0,0,0,0,0,0,0,0,0,0,0,0,0,0,0,0,0,0,0,0,0,0,0,0,0,0,0,0,0,0,0,0,0,0,0,0,0,0,0,0,0,0,0,0,0,0,0,0,0,0,0,0,0,0,0,0,0,0,0,0,15,73.53,67.1,76,101,7339,35,65.1,111,37,76,86,13.9,25.5
70700,13.3,25.6,0.000,9.116,78.3,324,55.47,0.00,0,0,0,0,0.00,0,0,10.94,2016,1,0,0,0,0,0,0,0,0,0,0,0,0,0,0,0,0,0,0,0,0,0,0,0,0,0,0,0,0,0,0,0,0,0,0,0,0,0,0,0,0,0,0,0,0,0,0,0,0,0,0,0,0,0,0,0,0,0,0,0,0,0,0,0,0,0,0,0,0,0,0,0,0,0,15,73.53,67.1,76,101,7389,35,68.2,116,37,76,88,13.9,25.5
70800,13.3,25.6,0.000,9.202,79.5,324,56.25,0.00,0,0,0,0,0.00,0,0,10.94,2016,1,0,0,0,0,0,0,0,0,0,0,0,0,0,0,0,0,0,0,0,0,0,0,0,0,0,0,0,0,0,0,0,0,0,0,0,0,0,0,0,0,0,0,0,0,0,0,0,0,0,0,0,0,0,0,0,0,0,0,0,0,0,0,0,0,0,0,0,0,0,0,0,0,0,15,73.53,67.1,76,101,7389,35,68.2,116,37,76,88,13.9,25.5
70900,13.3,25.6,0.000,9.289,79.8,324,57.03,0.00,0,0,0,0,0.00,0,0,10.94,2016,1,0,0,0,0,0,0,0,0,0,0,0,0,0,0,0,0,0,0,0,0,0,0,0,0,0,0,0,0,0,0,0,0,0,0,0,0,0,0,0,0,0,0,0,0,0,0,0,0,0,0,0,0,0,0,0,0,0,0,0,0,0,0,0,0,0,0,0,0,0,0,0,0,0,15,73.53,67.1,76,101,7402,35,69.4,118,37,76,87,13.9,25.5
71000,13.3,25.6,0.000,9.334,80.2,324,57.42,0.00,0,0,0,0,0.00,0,0,10.94,2016,1,0,0,0,0,0,0,0,0,0,0,0,0,0,0,0,0,0,0,0,0,0,0,0,0,0,0,0,0,0,0,0,0,0,0,0,0,0,0,0,0,0,0,0,0,0,0,0,0,0,0,0,0,0,0,0,0,0,0,0,0,0,0,0,0,0,0,0,0,0,0,0,0,0,15,73.53,67.4,76,101,7411,35,69.8,119,37,76,88,13.8,25.5
71100,13.3,25.6,0.000,9.334,80.2,324,57.42,0.00,0,0,0,0,0.00,0,0,10.94,2016,1,0,0,0,0,0,0,0,0,0,0,0,0,0,0,0,0,0,0,0,0,0,0,0,0,0,0,0,0,0,0,0,0,0,0,0,0,0,0,0,0,0,0,0,0,0,0,0,0,0,0,0,0,0,0,0,0,0,0,0,0,0,0,0,0,0,0,0,0,0,0,0,0,0,15,73.53,67.4,76,101,7408,35,69.8,119,37,76,89,13.9,25.5
71200,13.3,25.6,0.000,9.334,80.2,324,57.42,0.00,0,0,0,0,0.00,0,0,10.94,2016,1,0,0,0,0,0,0,0,0,0,0,0,0,0,0,0,0,0,0,0,0,0,0,0,0,0,0,0,0,0,0,0,0,0,0,0,0,0,0,0,0,0,0,0,0,0,0,0,0,0,0,0,0,0,0,0,0,0,0,0,0,0,0,0,0,0,0,0,0,0,0,0,0,0,15,73.53,67.4,76,101,7430,35,70.6,120,37,76,88,13.9,25.5
71300,13.3,25.6,0.000,9.334,80.2,324,57.42,0.00,0,0,0,0,0.00,0,0,10.94,2016,1,0,0,0,0,0,0,0,0,0,0,0,0,0,0,0,0,0,0,0,0,0,0,0,0,0,0,0,0,0,0,0,0,0,0,0,0,0,0,0,0,0,0,0,0,0,0,0,0,0,0,0,0,0,0,0,0,0,0,0,0,0,0,0,0,0,0,0,0,0,0,0,0,0,15,73.53,67.4,76,101,7430,35,70.6,120,37,76,88,13.9,25.5
71400,13.3,25.6,0.000,9.334,80.2,324,57.81,0.00,0,0,0,0,0.00,0,0,10.94,2016,1,0,0,0,0,0,0,0,0,0,0,0,0,0,0,0,0,0,0,0,0,0,0,0,0,0,0,0,0,0,0,0,0,0,0,0,0,0,0,0,0,0,0,0,0,0,0,0,0,0,0,0,0,0,0,0,0,0,0,0,0,0,0,0,0,0,0,0,0,0,0,0,0,0,15,73.53,67.4,76,101,7437,35,70.6,120,37,76,88,13.9,25.5
71500,13.3,25.6,0.000,9.379,80.6,324,58.20,0.00,0,0,0,0,0.00,0,0,10.94,2016,1,0,0,0,0,0,0,0,0,0,0,0,0,0,0,0,0,0,0,0,0,0,0,0,0,0,0,0,0,0,0,0,0,0,0,0,0,0,0,0,0,0,0,0,0,0,0,0,0,0,0,0,0,0,0,0,0,0,0,0,0,0,0,0,0,0,0,0,0,0,0,0,0,0,15,73.53,67.4,76,101,7450,35,71.0,121,37,76,90,13.8,25.5
71600,13.3,25.6,0.000,9.379,80.6,324,58.20,0.00,0,0,0,0,0.00,0,0,10.94,2016,1,0,0,0,0,0,0,0,0,0,0,0,0,0,0,0,0,0,0,0,0,0,0,0,0,0,0,0,0,0,0,0,0,0,0,0,0,0,0,0,0,0,0,0,0,0,0,0,0,0,0,0,0,0,0,0,0,0,0,0,0,0,0,0,0,0,0,0,0,0,0,0,0,0,15,73.53,67.4,76,101,7488,35,71.0,121,37,76,90,13.8,25.5
71700,13.3,25.6,0.000,9.379,80.6,324,58.20,0.00,0,0,0,0,0.00,0,0,10.94,2016,1,0,0,0,0,0,0,0,0,0,0,0,0,0,0,0,0,0,0,0,0,0,0,0,0,0,0,0,0,0,0,0,0,0,0,0,0,0,0,0,0,0,0,0,0,0,0,0,0,0,0,0,0,0,0,0,0,0,0,0,0,0,0,0,0,0,0,0,0,0,0,0,0,0,16,78.43,67.4,76,101,7488,35,71.0,121,37,76,89,13.8,25.5
71800,13.3,25.6,0.000,9.379,80.6,324,58.20,0.00,0,0,0,0,0.00,0,0,10.94,2016,1,0,0,0,0,0,0,0,0,0,0,0,0,0,0,0,0,0,0,0,0,0,0,0,0,0,0,0,0,0,0,0,0,0,0,0,0,0,0,0,0,0,0,0,0,0,0,0,0,0,0,0,0,0,0,0,0,0,0,0,0,0,0,0,0,0,0,0,0,0,0,0,0,0,15,73.53,67.4,76,101,7508,35,71.0,121,37,76,90,13.8,25.5
71900,13.3,25.6,0.000,9.379,80.6,324,58.20,0.00,0,0,0,0,0.00,0,0,10.94,2016,1,0,0,0,0,0,0,0,0,0,0,0,0,0,0,0,0,0,0,0,0,0,0,0,0,0,0,0,0,0,0,0,0,0,0,0,0,0,0,0,0,0,0,0,0,0,0,0,0,0,0,0,0,0,0,0,0,0,0,0,0,0,0,0,0,0,0,0,0,0,0,0,0,0,15,73.53,67.4,76,101,7508,35,71.0,121,37,76,90,13.8,25.5
72000,13.3,25.6,0.000,9.379,80.6,324,58.20,0.00,0,0,0,0,0.00,0,0,10.94,2000,1,0,0,0,0,0,0,0,0,0,0,0,0,0,0,0,0,0,0,0,0,0,0,0,0,0,0,0,0,0,0,0,0,0,0,0,0,0,0,0,0,0,0,0,0,0,0,0,0,0,0,0,0,0,0,0,0,0,0,0,0,0,0,0,0,0,0,0,0,0,0,0,0,0,16,78.43,67.7,77,101,7495,35,71.8,122,37,77,90,13.9,25.5
72100,13.3,25.6,0.000,9.379,80.6,324,58.20,0.00,0,0,0,0,0.00,0,0,10.94,2000,1,0,0,0,0,0,0,0,0,0,0,0,0,0,0,0,0,0,0,0,0,0,0,0,0,0,0,0,0,0,0,0,0,0,0,0,0,0,0,0,0,0,0,0,0,0,0,0,0,0,0,0,0,0,0,0,0,0,0,0,0,0,0,0,0,0,0,0,0,0,0,0,0,0,15,73.53,67.7,77,101,7498,35,71.8,122,37,77,90,13.9,25.5
72200,13.3,25.6,0.000,9.420,81.0,324,58.59,0.00,0,0,0,0,0.00,0,0,10.94,2000,1,0,0,0,0,0,0,0,0,0,0,0,0,0,0,0,0,0,0,0,0,0,0,0,0,0,0,0,0,0,0,0,0,0,0,0,0,0,0,0,0,0,0,0,0,0,0,0,0,0,0,0,0,0,0,0,0,0,0,0,0,0,0,0,0,0,0,0,0,0,0,0,0,0,15,73.53,67.7,77,101,7488,35,72.2,123,37,77,91,13.8,25.5
72300,13.3,25.6,0.000,9.392,81.0,323,58.59,0.00,0,0,0,0,0.00,0,0,10.94,2000,1,0,0,0,0,0,0,0,0,0,0,0,0,0,0,0,0,0,0,0,0,0,0,0,0,0,0,0,0,0,0,0,0,0,0,0,0,0,0,0,0,0,0,0,0,0,0,0,0,0,0,0,0,0,0,0,0,0,0,0,0,0,0,0,0,0,0,0,0,0,0,0,0,0,16,78.43,67.7,77,101,7537,35,72.9,124,37,77,91,13.9,25.5
72400,13.3,25.6,0.000,9.392,81.0,323,58.59,0.00,0,0,0,0,0.00,0,0,10.94,2000,1,0,0,0,0,0,0,0,0,0,0,0,0,0,0,0,0,0,0,0,0,0,0,0,0,0,0,0,0,0,0,0,0,0,0,0,0,0,0,0,0,0,0,0,0,0,0,0,0,0,0,0,0,0,0,0,0,0,0,0,0,0,0,0,0,0,0,0,0,0,0,0,0,0,14,68.63,67.7,77,101,7485,35,74.1,126,37,77,89,13.8,25.5
72500,13.3,25.6,0.109,9.334,84.5,324,57.81,0.00,0,0,0,0,0.00,0,0,10.94,2000,1,0,0,0,0,0,0,0,0,0,0,0,0,0,0,0,0,0,0,0,0,0,0,0,0,0,0,0,0,0,0,0,0,0,0,0,0,0,0,0,0,0,0,0,0,0,0,0,0,0,0,0,0,0,0,0,0,0,0,0,0,0,0,0,0,0,0,0,0,0,0,0,0,0,15,73.53,67.7,77,101,7478,35,82.4,140,37,77,90,13.7,25.5
72600,13.3,25.6,0.109,9.334,84.5,324,57.81,0.00,0,0,0,0,0.00,0,0,10.94,2000,1,0,0,0,0,0,0,0,0,0,0,0,0,0,0,0,0,0,0,0,0,0,0,0,0,0,0,0,0,0,0,0,0,0,0,0,0,0,0,0,0,0,0,0,0,0,0,0,0,0,0,0,0,0,0,0,0,0,0,0,0,0,0,0,0,0,0,0,0,0,0,0,0,0,15,73.53,67.7,77,101,7478,35,82.4,140,37,77,90,13.7,25.5
72700,13.3,25.6,0.000,9.586,84.1,317,59.38,0.00,0,0,0,0,0.00,0,0,10.94,2000,1,0,0,0,0,0,0,0,0,0,0,0,0,0,0,0,0,0,0,0,0,0,0,0,0,0,0,0,0,0,0,0,0,0,0,0,0,0,0,0,0,0,0,0,0,0,0,0,0,0,0,0,0,0,0,0,0,0,0,0,0,0,0,0,0,0,0,0,0,0,0,0,0,0,15,73.53,67.7,77,101,7450,35,81.6,139,37,77,92,13.7,25.5
72800,13.3,25.6,0.070,10.237,84.1,317,63.67,0.00,0,0,0,0,0.00,0,0,10.94,2000,1,0,0,0,0,0,0,0,0,0,0,0,0,0,0,0,0,0,0,0,0,0,0,0,0,0,0,0,0,0,0,0,0,0,0,0,0,0,0,0,0,0,0,0,0,0,0,0,0,0,0,0,0,0,0,0,0,0,0,0,0,0,0,0,0,0,0,0,0,0,0,0,0,0,16,78.43,67.7,77,101,7511,35,81.2,138,37,77,92,13.7,25.5
72900,13.3,25.6,0.000,9.514,82.2,322,59.38,0.00,0,0,0,0,0.00,0,0,10.94,2000,1,0,0,0,0,0,0,0,0,0,0,0,0,0,0,0,0,0,0,0,0,0,0,0,0,0,0,0,0,0,0,0,0,0,0,0,0,0,0,0,0,0,0,0,0,0,0,0,0,0,0,0,0,0,0,0,0,0,0,0,0,0,0,0,0,0,0,0,0,0,0,0,0,0,15,73.53,67.7,77,101,7498,35,76.5,130,37,78,93,13.7,25.5
73000,13.3,25.6,0.000,9.514,82.2,322,59.38,0.00,0,0,0,0,0.00,0,0,10.94,2000,1,0,0,0,0,0,0,0,0,0,0,0,0,0,0,0,0,0,0,0,0,0,0,0,0,0,0,0,0,0,0,0,0,0,0,0,0,0,0,0,0,0,0,0,0,0,0,0,0,0,0,0,0,0,0,0,0,0,0,0,0,0,0,0,0,0,0,0,0,0,0,0,0,0,15,73.53,68.2,80,101,7527,35,76.5,130,37,78,92,13.8,25.5
73100,13.3,25.6,0.000,9.514,82.6,321,59.38,0.00,0,0,0,0,0.00,0,0,10.94,2000,1,0,0,0,0,0,0,0,0,0,0,0,0,0,0,0,0,0,0,0,0,0,0,0,0,0,0,0,0,0,0,0,0,0,0,0,0,0,0,0,0,0,0,0,0,0,0,0,0,0,0,0,0,0,0,0,0,0,0,0,0,0,0,0,0,0,0,0,0,0,0,0,0,0,15,73.53,68.2,80,101,7517,35,76.9,131,37,78,92,13.7,25.5
73200,13.3,25.6,0.000,9.514,82.6,321,59.38,0.00,0,0,0,0,0.00,0,0,10.94,2000,1,0,0,0,0,0,0,0,0,0,0,0,0,0,0,0,0,0,0,0,0,0,0,0,0,0,0,0,0,0,0,0,0,0,0,0,0,0,0,0,0,0,0,0,0,0,0,0,0,0,0,0,0,0,0,0,0,0,0,0,0,0,0,0,0,0,0,0,0,0,0,0,0,0,15,73.53,68.2,80,101,7517,35,76.9,131,37,78,92,13.7,25.5
73300,13.3,25.6,0.000,9.472,82.6,322,58.98,0.00,0,0,0,0,0.00,0,0,10.94,2000,1,0,0,0,0,0,0,0,0,0,0,0,0,0,0,0,0,0,0,0,0,0,0,0,0,0,0,0,0,0,0,0,0,0,0,0,0,0,0,0,0,0,0,0,0,0,0,0,0,0,0,0,0,0,0,0,0,0,0,0,0,0,0,0,0,0,0,0,0,0,0,0,0,0,15,73.53,68.2,80,101,7514,35,76.9,131,37,78,93,13.8,25.5
73400,13.3,25.6,0.000,9.514,82.6,321,59.38,0.00,0,0,0,0,0.00,0,0,10.94,2000,1,0,0,0,0,0,0,0,0,0,0,0,0,0,0,0,0,0,0,0,0,0,0,0,0,0,0,0,0,0,0,0,0,0,0,0,0,0,0,0,0,0,0,0,0,0,0,0,0,0,0,0,0,0,0,0,0,0,0,0,0,0,0,0,0,0,0,0,0,0,0,0,0,0,15,73.53,68.2,80,101,7514,35,76.9,131,37,78,93,13.8,25.5
73500,13.3,25.6,0.000,9.514,82.6,321,59.38,0.00,0,0,0,0,0.00,0,0,10.94,2000,1,0,0,0,0,0,0,0,0,0,0,0,0,0,0,0,0,0,0,0,0,0,0,0,0,0,0,0,0,0,0,0,0,0,0,0,0,0,0,0,0,0,0,0,0,0,0,0,0,0,0,0,0,0,0,0,0,0,0,0,0,0,0,0,0,0,0,0,0,0,0,0,0,0,15,73.53,68.2,80,101,7540,35,76.9,131,37,78,93,13.8,25.5
73600,13.3,25.6,0.000,9.514,82.6,321,59.38,0.00,0,0,0,0,0.00,0,0,10.94,2000,1,0,0,0,0,0,0,0,0,0,0,0,0,0,0,0,0,0,0,0,0,0,0,0,0,0,0,0,0,0,0,0,0,0,0,0,0,0,0,0,0,0,0,0,0,0,0,0,0,0,0,0,0,0,0,0,0,0,0,0,0,0,0,0,0,0,0,0,0,0,0,0,0,0,15,73.53,68.2,80,101,7521,35,76.9,131,37,78,93,13.8,25.5
73700,13.3,25.6,0.000,9.514,82.6,321,59.38,0.00,0,0,0,0,0.00,0,0,10.94,2000,1,0,0,0,0,0,0,0,0,0,0,0,0,0,0,0,0,0,0,0,0,0,0,0,0,0,0,0,0,0,0,0,0,0,0,0,0,0,0,0,0,0,0,0,0,0,0,0,0,0,0,0,0,0,0,0,0,0,0,0,0,0,0,0,0,0,0,0,0,0,0,0,0,0,15,73.53,68.2,80,101,7521,35,76.9,131,37,78,93,13.8,25.5
73800,13.3,25.6,0.000,9.514,82.6,321,59.38,0.00,0,0,0,0,0.00,0,0,10.94,2000,1,0,0,0,0,0,0,0,0,0,0,0,0,0,0,0,0,0,0,0,0,0,0,0,0,0,0,0,0,0,0,0,0,0,0,0,0,0,0,0,0,0,0,0,0,0,0,0,0,0,0,0,0,0,0,0,0,0,0,0,0,0,0,0,0,0,0,0,0,0,0,0,0,0,15,73.53,68.2,80,101,7527,35,76.9,131,37,78,93,13.8,25.5
73900,13.3,25.6,0.000,9.514,82.6,321,59.38,0.00,0,0,0,0,0.00,0,0,10.94,2000,1,0,0,0,0,0,0,0,0,0,0,0,0,0,0,0,0,0,0,0,0,0,0,0,0,0,0,0,0,0,0,0,0,0,0,0,0,0,0,0,0,0,0,0,0,0,0,0,0,0,0,0,0,0,0,0,0,0,0,0,0,0,0,0,0,0,0,0,0,0,0,0,0,0,15,73.53,68.2,80,101,7527,35,76.9,131,37,78,94,13.8,25.5
74000,13.3,25.6,0.000,9.514,82.6,321,59.38,0.00,0,0,0,0,0.00,0,0,10.94,2000,1,0,0,0,0,0,0,0,0,0,0,0,0,0,0,0,0,0,0,0,0,0,0,0,0,0,0,0,0,0,0,0,0,0,0,0,0,0,0,0,0,0,0,0,0,0,0,0,0,0,0,0,0,0,0,0,0,0,0,0,0,0,0,0,0,0,0,0,0,0,0,0,0,0,15,73.53,67.6,80,101,7527,35,76.9,131,37,78,94,13.8,25.5
74100,13.3,25.6,0.000,9.572,84.1,320,59.77,0.00,0,0,0,0,0.00,0,0,10.94,2000,1,0,0,0,0,0,0,0,0,0,0,0,0,0,0,0,0,0,0,0,0,0,0,0,0,0,0,0,0,0,0,0,0,0,0,0,0,0,0,0,0,0,0,0,0,0,0,0,0,0,0,0,0,0,0,0,0,0,0,0,0,0,0,0,0,0,0,0,0,0,0,0,0,0,16,78.43,67.6,80,101,7557,35,81.6,139,37,78,95,13.8,25.5
74200,12.7,25.6,0.070,10.205,86.9,295,64.06,0.00,0,1,0,0,0.00,0,0,10.94,2000,1,0,0,0,0,0,0,0,0,0,0,0,0,0,0,0,0,0,0,0,0,0,0,0,0,0,0,0,0,0,0,0,0,0,0,0,0,0,0,0,0,0,0,0,0,0,0,0,0,0,0,0,0,0,0,0,0,0,0,0,0,0,0,0,0,0,0,0,0,0,0,0,0,0,16,78.43,67.6,80,101,7580,35,91.8,156,37,78,95,13.8,25.5
74300,12.7,25.6,0.070,10.205,86.9,295,64.06,0.00,0,1,0,0,0.00,0,0,10.94,2000,1,0,0,0,0,0,0,0,0,0,0,0,0,0,0,0,0,0,0,0,0,0,0,0,0,0,0,0,0,0,0,0,0,0,0,0,0,0,0,0,0,0,0,0,0,0,0,0,0,0,0,0,0,0,0,0,0,0,0,0,0,0,0,0,0,0,0,0,0,0,0,0,0,0,15,73.53,67.6,80,101,7577,35,92.2,157,37,78,95,13.8,25.5
74400,12.7,25.6,0.047,10.109,86.9,296,63.28,0.00,0,1,0,0,0.00,0,0,10.94,2000,1,0,0,0,0,0,0,0,0,0,0,0,0,0,0,0,0,0,0,0,0,0,0,0,0,0,0,0,0,0,0,0,0,0,0,0,0,0,0,0,0,0,0,0,0,0,0,0,0,0,0,0,0,0,0,0,0,0,0,0,0,0,0,0,0,0,0,0,0,0,0,0,0,0,15,73.53,67.6,80,101,7563,35,92.9,158,37,79,95,13.8,25.5
74500,12.7,25.6,0.000,9.600,86.9,296,60.16,0.00,0,1,0,0,0.00,0,0,10.94,2000,1,0,0,0,0,0,0,0,0,0,0,0,0,0,0,0,0,0,0,0,0,0,0,0,0,0,0,0,0,0,0,0,0,0,0,0,0,0,0,0,0,0,0,0,0,0,0,0,0,0,0,0,0,0,0,0,0,0,0,0,0,0,0,0,0,0,0,0,0,0,0,0,0,0,15,73.53,67.6,80,101,7563,35,92.9,158,37,79,95,13.8,25.5
74600,12.7,25.6,0.000,9.555,86.9,295,59.77,0.00,0,1,0,0,0.00,0,0,10.94,2000,1,0,0,0,0,0,0,0,0,0,0,0,0,0,0,0,0,0,0,0,0,0,0,0,0,0,0,0,0,0,0,0,0,0,0,0,0,0,0,0,0,0,0,0,0,0,0,0,0,0,0,0,0,0,0,0,0,0,0,0,0,0,0,0,0,0,0,0,0,0,0,0,0,0,15,73.53,67.6,80,101,7567,35,92.2,157,37,79,96,13.8,25.5
74700,12.7,25.6,0.000,9.586,86.9,296,60.16,0.00,0,1,0,0,0.00,0,0,10.94,2000,1,0,0,0,0,0,0,0,0,0,0,0,0,0,0,0,0,0,0,0,0,0,0,0,0,0,0,0,0,0,0,0,0,0,0,0,0,0,0,0,0,0,0,0,0,0,0,0,0,0,0,0,0,0,0,0,0,0,0,0,0,0,0,0,0,0,0,0,0,0,0,0,0,0,15,73.53,67.6,80,101,7567,35,92.2,157,37,79,96,13.8,25.5
74800,12.7,25.6,0.000,9.586,86.9,296,60.16,0.00,0,1,0,0,0.00,0,0,10.94,2000,1,0,0,0,0,0,0,0,0,0,0,0,0,0,0,0,0,0,0,0,0,0,0,0,0,0,0,0,0,0,0,0,0,0,0,0,0,0,0,0,0,0,0,0,0,0,0,0,0,0,0,0,0,0,0,0,0,0,0,0,0,0,0,0,0,0,0,0,0,0,0,0,0,0,15,73.53,67.6,80,101,7596,35,92.2,157,37,79,97,13.8,25.5
74900,12.7,25.6,0.000,9.586,86.9,296,60.16,0.00,0,1,0,0,0.00,0,0,10.94,2000,1,0,0,0,0,0,0,0,0,0,0,0,0,0,0,0,0,0,0,0,0,0,0,0,0,0,0,0,0,0,0,0,0,0,0,0,0,0,0,0,0,0,0,0,0,0,0,0,0,0,0,0,0,0,0,0,0,0,0,0,0,0,0,0,0,0,0,0,0,0,0,0,0,0,15,73.53,67.6,80,101,7590,35,92.2,157,37,79,97,13.8,25.5
75000,12.7,25.6,0.000,9.586,86.9,296,60.16,0.00,0,1,0,0,0.00,0,0,10.94,2000,1,0,0,0,0,0,0,0,0,0,0,0,0,0,0,0,0,0,0,0,0,0,0,0,0,0,0,0,0,0,0,0,0,0,0,0,0,0,0,0,0,0,0,0,0,0,0,0,0,0,0,0,0,0,0,0,0,0,0,0,0,0,0,0,0,0,0,0,0,0,0,0,0,0,15,73.53,69.0,83,101,7590,35,92.2,157,37,79,97,13.8,25.5
75100,12.7,25.6,0.000,9.586,86.9,296,60.16,0.00,0,1,0,0,0.00,0,0,10.94,2000,1,0,0,0,0,0,0,0,0,0,0,0,0,0,0,0,0,0,0,0,0,0,0,0,0,0,0,0,0,0,0,0,0,0,0,0,0,0,0,0,0,0,0,0,0,0,0,0,0,0,0,0,0,0,0,0,0,0,0,0,0,0,0,0,0,0,0,0,0,0,0,0,0,0,16,78.43,69.0,83,101,7596,35,92.2,157,37,79,95,13.8,25.5
75200,12.7,25.6,0.000,9.586,86.9,296,60.16,0.00,0,1,0,0,0.00,0,0,10.94,2000,1,0,0,0,0,0,0,0,0,0,0,0,0,0,0,0,0,0,0,0,0,0,0,0,0,0,0,0,0,0,0,0,0,0,0,0,0,0,0,0,0,0,0,0,0,0,0,0,0,0,0,0,0,0,0,0,0,0,0,0,0,0,0,0,0,0,0,0,0,0,0,0,0,0,16,78.43,69.0,83,101,7596,35,92.2,157,37,79,95,13.8,25.5
75300,12.7,25.6,0.000,9.586,86.9,296,60.16,0.00,0,1,0,0,0.00,0,0,10.94,2000,1,0,0,0,0,0,0,0,0,0,0,0,0,0,0,0,0,0,0,0,0,0,0,0,0,0,0,0,0,0,0,0,0,0,0,0,0,0,0,0,0,0,0,0,0,0,0,0,0,0,0,0,0,0,0,0,0,0,0,0,0,0,0,0,0,0,0,0,0,0,0,0,0,0,15,73.53,69.0,83,101,7570,35,92.9,158,37,79,96,13.8,25.5
75400,12.7,25.6,0.000,9.586,86.9,296,60.16,0.00,0,1,0,0,0.00,0,0,10.94,2000,1,0,0,0,0,0,0,0,0,0,0,0,0,0,0,0,0,0,0,0,0,0,0,0,0,0,0,0,0,0,0,0,0,0,0,0,0,0,0,0,0,0,0,0,0,0,0,0,0,0,0,0,0,0,0,0,0,0,0,0,0,0,0,0,0,0,0,0,0,0,0,0,0,0,16,78.43,69.0,83,101,7586,35,92.9,158,37,79,97,13.8,25.5
75500,12.7,25.6,0.000,9.586,86.9,296,60.16,0.00,0,1,0,0,0.00,0,0,10.94,2000,1,0,0,0,0,0,0,0,0,0,0,0,0,0,0,0,0,0,0,0,0,0,0,0,0,0,0,0,0,0,0,0,0,0,0,0,0,0,0,0,0,0,0,0,0,0,0,0,0,0,0,0,0,0,0,0,0,0,0,0,0,0,0,0,0,0,0,0,0,0,0,0,0,0,16,78.43,69.0,83,101,7577,35,94.5,161,37,79,96,13.8,25.5
75600,12.7,25.6,0.000,9.586,86.9,296,60.16,0.00,0,1,0,0,0.00,0,0,10.94,2000,1,0,0,0,0,0,0,0,0,0,0,0,0,0,0,0,0,0,0,0,0,0,0,0,0,0,0,0,0,0,0,0,0,0,0,0,0,0,0,0,0,0,0,0,0,0,0,0,0,0,0,0,0,0,0,0,0,0,0,0,0,0,0,0,0,0,0,0,0,0,0,0,0,0,16,78.43,69.0,83,101,7577,35,99.2,169,37,79,97,13.8,25.5
75700,12.7,25.6,0.000,9.586,86.9,296,60.16,0.00,0,1,0,0,0.00,0,0,10.94,2000,1,0,0,0,0,0,0,0,0,0,0,0,0,0,0,0,0,0,0,0,0,0,0,0,0,0,0,0,0,0,0,0,0,0,0,0,0,0,0,0,0,0,0,0,0,0,0,0,0,0,0,0,0,0,0,0,0,0,0,0,0,0,0,0,0,0,0,0,0,0,0,0,0,0,16,78.43,69.0,83,101,7577,35,99.2,169,37,79,97,13.8,25.5
75800,12.7,25.6,0.000,9.586,86.9,296,60.55,0.00,0,1,0,0,0.00,0,0,10.94,2000,1,0,0,0,0,0,0,0,0,0,0,0,0,0,0,0,0,0,0,0,0,0,0,0,0,0,0,0,0,0,0,0,0,0,0,0,0,0,0,0,0,0,0,0,0,0,0,0,0,0,0,0,0,0,0,0,0,0,0,0,0,0,0,0,0,0,0,0,0,0,0,0,0,0,16,78.43,69.0,83,101,7603,35,100.0,170,37,79,98,13.8,25.5
75900,12.7,25.6,0.000,9.617,86.9,297,60.55,0.00,0,1,0,0,0.00,0,0,10.94,2000,1,0,0,0,0,0,0,0,0,0,0,0,0,0,0,0,0,0,0,0,0,0,0,0,0,0,0,0,0,0,0,0,0,0,0,0,0,0,0,0,0,0,0,0,0,0,0,0,0,0,0,0,0,0,0,0,0,0,0,0,0,0,0,0,0,0,0,0,0,0,0,0,0,0,15,73.53,69.0,83,101,7606,35,100.0,170,37,79,98,13.9,25.5
76000,12.7,25.6,0.000,9.617,86.9,297,60.55,0.00,0,1,0,0,0.00,0,0,10.94,2000,1,0,0,0,0,0,0,0,0,0,0,0,0,0,0,0,0,0,0,0,0,0,0,0,0,0,0,0,0,0,0,0,0,0,0,0,0,0,0,0,0,0,0,0,0,0,0,0,0,0,0,0,0,0,0,0,0,0,0,0,0,0,0,0,0,0,0,0,0,0,0,0,0,0,15,73.53,70.2,85,101,7600,35,100.0,170,37,79,97,13.8,25.5
76100,12.7,25.6,0.000,9.617,86.9,297,60.55,0.00,0,1,0,0,0.00,0,0,10.94,2000,1,0,0,0,0,0,0,0,0,0,0,0,0,0,0,0,0,0,0,0,0,0,0,0,0,0,0,0,0,0,0,0,0,0,0,0,0,0,0,0,0,0,0,0,0,0,0,0,0,0,0,0,0,0,0,0,0,0,0,0,0,0,0,0,0,0,0,0,0,0,0,0,0,0,15,73.53,70.2,85,101,7586,35,100.0,170,37,79,96,13.8,25.5
76200,12.7,25.6,0.000,9.617,86.9,297,60.55,0.00,0,1,0,0,0.00,0,0,10.94,2000,1,0,0,0,0,0,0,0,0,0,0,0,0,0,0,0,0,0,0,0,0,0,0,0,0,0,0,0,0,0,0,0,0,0,0,0,0,0,0,0,0,0,0,0,0,0,0,0,0,0,0,0,0,0,0,0,0,0,0,0,0,0,0,0,0,0,0,0,0,0,0,0,0,0,16,78.43,70.2,85,101,7616,35,100.0,170,37,79,97,13.8,25.5
76300,12.7,25.6,0.000,9.617,86.9,297,60.55,0.00,0,1,0,0,0.00,0,0,10.94,2000,1,0,0,0,0,0,0,0,0,0,0,0,0,0,0,0,0,0,0,0,0,0,0,0,0,0,0,0,0,0,0,0,0,0,0,0,0,0,0,0,0,0,0,0,0,0,0,0,0,0,0,0,0,0,0,0,0,0,0,0,0,0,0,0,0,0,0,0,0,0,0,0,0,0,16,78.43,70.2,85,101,7616,35,100.0,170,37,79,97,13.8,25.5
76400,12.7,25.6,0.000,9.617,86.9,297,60.55,0.00,0,1,0,0,0.00,0,0,10.94,2000,1,0,0,0,0,0,0,0,0,0,0,0,0,0,0,0,0,0,0,0,0,0,0,0,0,0,0,0,0,0,0,0,0,0,0,0,0,0,0,0,0,0,0,0,0,0,0,0,0,0,0,0,0,0,0,0,0,0,0,0,0,0,0,0,0,0,0,0,0,0,0,0,0,0,15,73.53,70.2,85,101,7613,35,100.0,170,37,80,97,13.8,25.5
76500,12.7,25.6,0.000,9.586,86.9,296,60.55,0.00,0,1,0,0,0.00,0,0,10.94,2000,1,0,0,0,0,0,0,0,0,0,0,0,0,0,0,0,0,0,0,0,0,0,0,0,0,0,0,0,0,0,0,0,0,0,0,0,0,0,0,0,0,0,0,0,0,0,0,0,0,0,0,0,0,0,0,0,0,0,0,0,0,0,0,0,0,0,0,0,0,0,0,0,0,0,16,78.43,70.2,85,101,7596,35,100.0,170,37,80,97,13.8,25.5
76600,12.7,25.6,0.000,9.617,86.9,297,60.94,0.00,0,1,0,0,0.00,0,0,10.94,2000,1,0,0,0,0,0,0,0,0,0,0,0,0,0,0,0,0,0,0,0,0,0,0,0,0,0,0,0,0,0,0,0,0,0,0,0,0,0,0,0,0,0,0,0,0,0,0,0,0,0,0,0,0,0,0,0,0,0,0,0,0,0,0,0,0,0,0,0,0,0,0,0,0,0,16,78.43,70.2,85,101,7596,35,100.0,170,37,80,98,13.8,25.5
76700,12.7,25.6,0.000,9.617,86.9,297,60.94,0.00,0,1,0,0,0.00,0,0,10.94,2000,1,0,0,0,0,0,0,0,0,0,0,0,0,0,0,0,0,0,0,0,0,0,0,0,0,0,0,0,0,0,0,0,0,0,0,0,0,0,0,0,0,0,0,0,0,0,0,0,0,0,0,0,0,0,0,0,0,0,0,0,0,0,0,0,0,0,0,0,0,0,0,0,0,0,15,73.53,70.2,85,101,7603,35,99.2,169,37,80,98,13.8,25.5
76800,12.7,25.6,0.000,9.617,86.9,297,60.55,0.00,0,1,0,0,0.00,0,0,10.94,2000,1,0,0,0,0,0,0,0,0,0,0,0,0,0,0,0,0,0,0,0,0,0,0,0,0,0,0,0,0,0,0,0,0,0,0,0,0,0,0,0,0,0,0,0,0,0,0,0,0,0,0,0,0,0,0,0,0,0,0,0,0,0,0,0,0,0,0,0,0,0,0,0,0,0,16,78.43,70.2,85,101,7633,35,100.0,170,37,80,98,13.8,25.5
76900,12.7,25.6,0.000,9.617,86.9,297,60.55,0.00,0,1,0,0,0.00,0,0,10.94,2000,1,0,0,0,0,0,0,0,0,0,0,0,0,0,0,0,0,0,0,0,0,0,0,0,0,0,0,0,0,0,0,0,0,0,0,0,0,0,0,0,0,0,0,0,0,0,0,0,0,0,0,0,0,0,0,0,0,0,0,0,0,0,0,0,0,0,0,0,0,0,0,0,0,0,16,78.43,70.2,85,101,7633,35,100.0,170,37,80,98,13.8,25.5
77000,12.7,25.6,0.000,9.617,86.9,297,60.94,0.00,0,1,0,0,0.00,0,0,10.94,2000,1,0,0,0,0,0,0,0,0,0,0,0,0,0,0,0,0,0,0,0,0,0,0,0,0,0,0,0,0,0,0,0,0,0,0,0,0,0,0,0,0,0,0,0,0,0,0,0,0,0,0,0,0,0,0,0,0,0,0,0,0,0,0,0,0,0,0,0,0,0,0,0,0,0,16,78.43,71.2,87,101,7616,35,100.0,170,37,80,97,13.8,25.5
77100,12.7,25.6,0.000,9.617,86.9,297,60.55,0.00,0,1,0,0,0.00,0,0,10.94,2000,1,0,0,0,0,0,0,0,0,0,0,0,0,0,0,0,0,0,0,0,0,0,0,0,0,0,0,0,0,0,0,0,0,0,0,0,0,0,0,0,0,0,0,0,0,0,0,0,0,0,0,0,0,0,0,0,0,0,0,0,0,0,0,0,0,0,0,0,0,0,0,0,0,0,16,78.43,71.2,87,101,7596,35,100.0,170,37,80,98,13.8,25.5
77200,12.7,25.6,0.000,9.617,86.9,297,60.94,0.00,0,1,0,0,0.00,0,0,10.94,2000,1,0,0,0,0,0,0,0,0,0,0,0,0,0,0,0,0,0,0,0,0,0,0,0,0,0,0,0,0,0,0,0,0,0,0,0,0,0,0,0,0,0,0,0,0,0,0,0,0,0,0,0,0,0,0,0,0,0,0,0,0,0,0,0,0,0,0,0,0,0,0,0,0,0,15,73.53,71.2,87,101,7626,35,100.0,170,37,80,98,13.8,25.5
77300,12.7,25.6,0.000,9.648,86.9,298,60.94,0.00,0,1,0,0,0.00,0,0,10.94,2000,1,0,0,0,0,0,0,0,0,0,0,0,0,0,0,0,0,0,0,0,0,0,0,0,0,0,0,0,0,0,0,0,0,0,0,0,0,0,0,0,0,0,0,0,0,0,0,0,0,0,0,0,0,0,0,0,0,0,0,0,0,0,0,0,0,0,0,0,0,0,0,0,0,0,16,78.43,71.2,87,101,7637,35,99.2,169,37,81,98,13.8,25.5
77400,12.7,25.6,0.000,9.648,86.9,298,60.94,0.00,0,1,0,0,0.00,0,0,10.94,2000,1,0,0,0,0,0,0,0,0,0,0,0,0,0,0,0,0,0,0,0,0,0,0,0,0,0,0,0,0,0,0,0,0,0,0,0,0,0,0,0,0,0,0,0,0,0,0,0,0,0,0,0,0,0,0,0,0,0,0,0,0,0,0,0,0,0,0,0,0,0,0,0,0,0,15,73.53,71.2,87,101,7643,35,99.2,169,37,81,100,13.8,25.5
77500,12.7,25.6,0.000,9.648,86.9,298,61.33,0.00,0,1,0,0,0.00,0,0,10.94,2000,1,0,0,0,0,0,0,0,0,0,0,0,0,0,0,0,0,0,0,0,0,0,0,0,0,0,0,0,0,0,0,0,0,0,0,0,0,0,0,0,0,0,0,0,0,0,0,0,0,0,0,0,0,0,0,0,0,0,0,0,0,0,0,0,0,0,0,0,0,0,0,0,0,0,15,73.53,71.2,87,101,7660,35,99.2,169,37,81,99,13.8,25.5
77600,12.7,25.6,0.000,9.648,86.9,298,61.33,0.00,0,1,0,0,0.00,0,0,10.94,2000,1,0,0,0,0,0,0,0,0,0,0,0,0,0,0,0,0,0,0,0,0,0,0,0,0,0,0,0,0,0,0,0,0,0,0,0,0,0,0,0,0,0,0,0,0,0,0,0,0,0,0,0,0,0,0,0,0,0,0,0,0,0,0,0,0,0,0,0,0,0,0,0,0,0,15,73.53,71.2,87,101,7660,35,99.2,169,37,81,99,13.8,25.5
77700,12.7,25.6,0.000,9.648,86.9,298,60.94,0.00,0,1,0,0,0.00,0,0,10.94,2000,1,0,0,0,0,0,0,0,0,0,0,0,0,0,0,0,0,0,0,0,0,0,0,0,0,0,0,0,0,0,0,0,0,0,0,0,0,0,0,0,0,0,0,0,0,0,0,0,0,0,0,0,0,0,0,0,0,0,0,0,0,0,0,0,0,0,0,0,0,0,0,0,0,0,15,73.53,71.2,87,101,7620,35,99.2,169,37,81,98,13.8,25.5
77800,12.7,25.6,0.000,9.662,86.9,298,61.33,0.00,0,1,0,0,0.00,0,0,10.94,2000,1,0,0,0,0,0,0,0,0,0,0,0,0,0,0,0,0,0,0,0,0,0,0,0,0,0,0,0,0,0,0,0,0,0,0,0,0,0,0,0,0,0,0,0,0,0,0,0,0,0,0,0,0,0,0,0,0,0,0,0,0,0,0,0,0,0,0,0,0,0,0,0,0,0,16,78.43,71.2,87,101,7637,35,99.2,169,37,81,99,13.5,25.5
77900,12.7,25.6,0.000,9.690,86.9,298,61.33,0.00,0,1,0,0,0.00,0,0,10.94,2000,1,0,0,0,0,0,0,0,0,0,0,0,0,0,0,0,0,0,0,0,0,0,0,0,0,0,0,0,0,0,0,0,0,0,0,0,0,0,0,0,0,0,0,0,0,0,0,0,0,0,0,0,0,0,0,0,0,0,0,0,0,0,0,0,0,0,0,0,0,0,0,0,0,0,16,78.43,72.0,88,101,7640,35,99.2,169,37,81,99,13.4,25.5
78000,12.7,25.6,0.000,9.690,86.9,298,61.33,0.00,0,1,0,0,0.00,0,0,10.94,2000,1,0,0,0,0,0,0,0,0,0,0,0,0,0,0,0,0,0,0,0,0,0,0,0,0,0,0,0,0,0,0,0,0,0,0,0,0,0,0,0,0,0,0,0,0,0,0,0,0,0,0,0,0,0,0,0,0,0,0,0,0,0,0,0,0,0,0,0,0,0,0,0,0,0,16,78.43,72.0,88,101,7630,35,99.2,169,37,81,99,13.4,25.5
78100,12.7,25.6,0.000,9.690,86.9,298,61.33,0.00,0,1,0,0,0.00,0,0,10.94,2000,1,0,0,0,0,0,0,0,0,0,0,0,0,0,0,0,0,0,0,0,0,0,0,0,0,0,0,0,0,0,0,0,0,0,0,0,0,0,0,0,0,0,0,0,0,0,0,0,0,0,0,0,0,0,0,0,0,0,0,0,0,0,0,0,0,0,0,0,0,0,0,0,0,0,16,78.43,72.0,88,101,7630,35,99.2,169,37,81,99,13.4,25.5
78200,12.7,25.6,0.000,9.648,86.9,298,60.94,0.00,0,1,0,0,0.00,0,0,10.94,2000,1,0,0,0,0,0,0,0,0,0,0,0,0,0,0,0,0,0,0,0,0,0,0,0,0,0,0,0,0,0,0,0,0,0,0,0,0,0,0,0,0,0,0,0,0,0,0,0,0,0,0,0,0,0,0,0,0,0,0,0,0,0,0,0,0,0,0,0,0,0,0,0,0,0,16,78.43,72.0,88,101,7637,35,97.6,166,37,81,99,13.8,25.5
78300,12.7,25.6,0.000,9.648,86.9,298,60.94,0.00,0,1,0,0,0.00,0,0,10.94,2000,1,0,0,0,0,0,0,0,0,0,0,0,0,0,0,0,0,0,0,0,0,0,0,0,0,0,0,0,0,0,0,0,0,0,0,0,0,0,0,0,0,0,0,0,0,0,0,0,0,0,0,0,0,0,0,0,0,0,0,0,0,0,0,0,0,0,0,0,0,0,0,0,0,0,16,78.43,72.0,88,101,7637,35,97.6,166,37,81,99,13.8,25.5
78400,12.7,25.6,0.000,9.648,86.9,298,60.94,0.00,0,1,0,0,0.00,0,0,10.94,2000,1,0,0,0,0,0,0,0,0,0,0,0,0,0,0,0,0,0,0,0,0,0,0,0,0,0,0,0,0,0,0,0,0,0,0,0,0,0,0,0,0,0,0,0,0,0,0,0,0,0,0,0,0,0,0,0,0,0,0,0,0,0,0,0,0,0,0,0,0,0,0,0,0,0,15,73.53,72.0,88,101,7616,35,96.9,165,37,81,99,13.8,25.5
78500,12.7,25.6,0.000,9.676,86.9,298,61.33,0.00,0,1,0,0,0.00,0,0,10.94,2000,1,0,0,0,0,0,0,0,0,0,0,0,0,0,0,0,0,0,0,0,0,0,0,0,0,0,0,0,0,0,0,0,0,0,0,0,0,0,0,0,0,0,0,0,0,0,0,0,0,0,0,0,0,0,0,0,0,0,0,0,0,0,0,0,0,0,0,0,0,0,0,0,0,0,16,78.43,72.0,88,101,7630,35,96.9,165,37,82,100,13.5,25.5
78600,12.7,25.6,0.000,9.676,86.9,298,61.33,0.00,0,1,0,0,0.00,0,0,10.94,2000,1,0,0,0,0,0,0,0,0,0,0,0,0,0,0,0,0,0,0,0,0,0,0,0,0,0,0,0,0,0,0,0,0,0,0,0,0,0,0,0,0,0,0,0,0,0,0,0,0,0,0,0,0,0,0,0,0,0,0,0,0,0,0,0,0,0,0,0,0,0,0,0,0,0,16,78.43,72.0,88,101,7640,35,96.9,165,37,82,100,13.4,25.5
78700,12.7,25.6,0.000,9.690,86.9,297,61.33,0.00,0,1,0,0,0.00,0,0,10.94,2000,1,0,0,0,0,0,0,0,0,0,0,0,0,0,0,0,0,0,0,0,0,0,0,0,0,0,0,0,0,0,0,0,0,0,0,0,0,0,0,0,0,0,0,0,0,0,0,0,0,0,0,0,0,0,0,0,0,0,0,0,0,0,0,0,0,0,0,0,0,0,0,0,0,0,16,78.43,72.0,88,101,7640,35,96.9,165,37,82,100,13.4,25.5
78800,12.7,25.6,0.000,9.690,86.9,298,61.33,0.00,0,1,0,0,0.00,0,0,10.94,2000,1,0,0,0,0,0,0,0,0,0,0,0,0,0,0,0,0,0,0,0,0,0,0,0,0,0,0,0,0,0,0,0,0,0,0,0,0,0,0,0,0,0,0,0,0,0,0,0,0,0,0,0,0,0,0,0,0,0,0,0,0,0,0,0,0,0,0,0,0,0,0,0,0,0,17,83.33,72.0,88,101,7620,35,96.9,165,37,82,100,13.4,25.5
78900,12.7,25.6,0.000,9.648,86.9,298,61.33,0.00,0,1,0,0,0.00,0,0,10.94,2000,1,0,0,0,0,0,0,0,0,0,0,0,0,0,0,0,0,0,0,0,0,0,0,0,0,0,0,0,0,0,0,0,0,0,0,0,0,0,0,0,0,0,0,0,0,0,0,0,0,0,0,0,0,0,0,0,0,0,0,0,0,0,0,0,0,0,0,0,0,0,0,0,0,0,16,78.43,72.8,89,101,7630,35,96.9,165,37,82,100,13.8,25.5
79000,12.7,25.6,0.000,9.648,86.9,298,61.33,0.00,0,1,0,0,0.00,0,0,10.94,2000,1,0,0,0,0,0,0,0,0,0,0,0,0,0,0,0,0,0,0,0,0,0,0,0,0,0,0,0,0,0,0,0,0,0,0,0,0,0,0,0,0,0,0,0,0,0,0,0,0,0,0,0,0,0,0,0,0,0,0,0,0,0,0,0,0,0,0,0,0,0,0,0,0,0,16,78.43,72.8,89,101,7630,35,96.9,165,37,82,100,13.8,25.5
79100,12.7,25.6,0.000,9.648,86.9,298,61.33,0.00,0,1,0,0,0.00,0,0,10.94,2000,1,0,0,0,0,0,0,0,0,0,0,0,0,0,0,0,0,0,0,0,0,0,0,0,0,0,0,0,0,0,0,0,0,0,0,0,0,0,0,0,0,0,0,0,0,0,0,0,0,0,0,0,0,0,0,0,0,0,0,0,0,0,0,0,0,0,0,0,0,0,0,0,0,0,16,78.43,72.8,89,101,7640,35,96.9,165,37,82,99,13.8,25.5
79200,12.7,25.6,0.000,9.690,86.9,298,61.33,0.00,0,1,0,0,0.00,0,0,10.94,2000,1,0,0,0,0,0,0,0,0,0,0,0,0,0,0,0,0,0,0,0,0,0,0,0,0,0,0,0,0,0,0,0,0,0,0,0,0,0,0,0,0,0,0,0,0,0,0,0,0,0,0,0,0,0,0,0,0,0,0,0,0,0,0,0,0,0,0,0,0,0,0,0,0,0,16,78.43,72.8,89,101,7633,35,96.9,165,37,82,100,13.4,25.5
79300,12.7,25.6,0.000,9.690,86.9,298,61.33,0.00,0,1,0,0,0.00,0,0,10.94,2000,1,0,0,0,0,0,0,0,0,0,0,0,0,0,0,0,0,0,0,0,0,0,0,0,0,0,0,0,0,0,0,0,0,0,0,0,0,0,0,0,0,0,0,0,0,0,0,0,0,0,0,0,0,0,0,0,0,0,0,0,0,0,0,0,0,0,0,0,0,0,0,0,0,0,16,78.43,72.8,89,101,7633,35,96.9,165,37,82,100,13.4,25.5
79400,12.7,25.6,0.000,9.690,86.9,298,61.33,0.00,0,1,0,0,0.00,0,0,10.94,2000,1,0,0,0,0,0,0,0,0,0,0,0,0,0,0,0,0,0,0,0,0,0,0,0,0,0,0,0,0,0,0,0,0,0,0,0,0,0,0,0,0,0,0,0,0,0,0,0,0,0,0,0,0,0,0,0,0,0,0,0,0,0,0,0,0,0,0,0,0,0,0,0,0,0,16,78.43,72.8,89,101,7637,35,97.6,166,37,83,101,13.4,25.5
79500,12.7,25.6,0.000,9.690,86.9,298,61.33,0.00,0,1,0,0,0.00,0,0,10.94,2000,1,0,0,0,0,0,0,0,0,0,0,0,0,0,0,0,0,0,0,0,0,0,0,0,0,0,0,0,0,0,0,0,0,0,0,0,0,0,0,0,0,0,0,0,0,0,0,0,0,0,0,0,0,0,0,0,0,0,0,0,0,0,0,0,0,0,0,0,0,0,0,0,0,0,16,78.43,72.8,89,101,7677,35,97.6,166,37,83,101,13.8,25.5
79600,12.7,25.6,0.000,9.648,86.9,298,61.33,0.00,0,1,0,0,0.00,0,0,10.94,2000,1,0,0,0,0,0,0,0,0,0,0,0,0,0,0,0,0,0,0,0,0,0,0,0,0,0,0,0,0,0,0,0,0,0,0,0,0,0,0,0,0,0,0,0,0,0,0,0,0,0,0,0,0,0,0,0,0,0,0,0,0,0,0,0,0,0,0,0,0,0,0,0,0,0,16,78.43,72.8,89,101,7650,35,97.6,166,37,83,100,13.8,25.5
79700,12.7,25.6,0.000,9.648,86.9,298,61.33,0.00,0,1,0,0,0.00,0,0,10.94,2000,1,0,0,0,0,0,0,0,0,0,0,0,0,0,0,0,0,0,0,0,0,0,0,0,0,0,0,0,0,0,0,0,0,0,0,0,0,0,0,0,0,0,0,0,0,0,0,0,0,0,0,0,0,0,0,0,0,0,0,0,0,0,0,0,0,0,0,0,0,0,0,0,0,0,16,78.43,72.8,89,101,7650,35,97.6,166,37,83,100,13.8,25.5
79800,12.7,25.6,0.000,9.680,86.9,299,61.33,0.00,0,1,0,0,0.00,0,0,10.94,2000,1,0,0,0,0,0,0,0,0,0,0,0,0,0,0,0,0,0,0,0,0,0,0,0,0,0,0,0,0,0,0,0,0,0,0,0,0,0,0,0,0,0,0,0,0,0,0,0,0,0,0,0,0,0,0,0,0,0,0,0,0,0,0,0,0,0,0,0,0,0,0,0,0,0,16,78.43,72.8,89,101,7650,35,97.6,166,37,83,100,13.8,25.5
79900,12.7,25.6,0.000,9.690,86.9,298,61.72,0.00,0,1,0,0,0.00,0,0,10.94,2000,1,0,0,0,0,0,0,0,0,0,0,0,0,0,0,0,0,0,0,0,0,0,0,0,0,0,0,0,0,0,0,0,0,0,0,0,0,0,0,0,0,0,0,0,0,0,0,0,0,0,0,0,0,0,0,0,0,0,0,0,0,0,0,0,0,0,0,0,0,0,0,0,0,0,17,83.33,74.3,88,101,7667,35,97.6,166,37,83,100,13.4,25.5
80000,12.7,25.6,0.000,9.690,86.9,298,61.72,0.00,0,1,0,0,0.00,0,0,10.94,2000,1,0,0,0,0,0,0,0,0,0,0,0,0,0,0,0,0,0,0,0,0,0,0,0,0,0,0,0,0,0,0,0,0,0,0,0,0,0,0,0,0,0,0,0,0,0,0,0,0,0,0,0,0,0,0,0,0,0,0,0,0,0,0,0,0,0,0,0,0,0,0,0,0,0,17,83.33,74.3,88,101,7667,35,97.6,166,37,83,100,13.4,25.5
80100,12.7,25.6,0.000,9.648,86.9,298,61.33,0.00,0,1,0,0,0.00,0,0,10.94,2000,1,0,0,0,0,0,0,0,0,0,0,0,0,0,0,0,0,0,0,0,0,0,0,0,0,0,0,0,0,0,0,0,0,0,0,0,0,0,0,0,0,0,0,0,0,0,0,0,0,0,0,0,0,0,0,0,0,0,0,0,0,0,0,0,0,0,0,0,0,0,0,0,0,0,16,78.43,74.3,88,101,7653,35,91.8,156,37,83,101,13.8,25.5
80200,12.7,25.6,0.000,9.648,86.9,298,61.33,0.00,0,1,0,0,0.00,0,0,10.94,2000,1,0,0,0,0,0,0,0,0,0,0,0,0,0,0,0,0,0,0,0,0,0,0,0,0,0,0,0,0,0,0,0,0,0,0,0,0,0,0,0,0,0,0,0,0,0,0,0,0,0,0,0,0,0,0,0,0,0,0,0,0,0,0,0,0,0,0,0,0,0,0,0,0,0,16,78.43,74.3,88,101,7670,35,89.4,152,37,83,102,13.8,25.5
80300,12.7,25.6,0.000,9.648,86.9,298,61.33,0.00,0,1,0,0,0.00,0,0,10.94,2000,1,0,0,0,0,0,0,0,0,0,0,0,0,0,0,0,0,0,0,0,0,0,0,0,0,0,0,0,0,0,0,0,0,0,0,0,0,0,0,0,0,0,0,0,0,0,0,0,0,0,0,0,0,0,0,0,0,0,0,0,0,0,0,0,0,0,0,0,0,0,0,0,0,0,16,78.43,74.3,88,101,7660,35,90.6,154,37,83,102,13.8,25.5
80400,12.7,25.6,0.000,9.680,86.9,299,61.72,0.00,0,1,0,0,0.00,0,0,10.94,2000,1,0,0,0,0,0,0,0,0,0,0,0,0,0,0,0,0,0,0,0,0,0,0,0,0,0,0,0,0,0,0,0,0,0,0,0,0,0,0,0,0,0,0,0,0,0,0,0,0,0,0,0,0,0,0,0,0,0,0,0,0,0,0,0,0,0,0,0,0,0,0,0,0,0,15,73.53,74.3,88,101,7660,35,90.6,154,37,83,101,13.8,25.5
80500,12.7,25.6,0.000,9.680,86.9,299,61.72,0.00,0,1,0,0,0.00,0,0,10.94,2000,1,0,0,0,0,0,0,0,0,0,0,0,0,0,0,0,0,0,0,0,0,0,0,0,0,0,0,0,0,0,0,0,0,0,0,0,0,0,0,0,0,0,0,0,0,0,0,0,0,0,0,0,0,0,0,0,0,0,0,0,0,0,0,0,0,0,0,0,0,0,0,0,0,0,15,73.53,74.3,88,101,7660,35,90.6,154,37,83,101,13.8,25.5
80600,12.7,25.6,0.000,9.648,86.9,298,61.33,0.00,0,1,0,0,0.00,0,0,10.94,2000,1,0,0,0,0,0,0,0,0,0,0,0,0,0,0,0,0,0,0,0,0,0,0,0,0,0,0,0,0,0,0,0,0,0,0,0,0,0,0,0,0,0,0,0,0,0,0,0,0,0,0,0,0,0,0,0,0,0,0,0,0,0,0,0,0,0,0,0,0,0,0,0,0,0,16,78.43,74.3,88,101,7664,35,90.6,154,37,84,101,13.8,25.5
80700,12.7,25.6,0.000,9.648,86.9,298,61.33,0.00,0,1,0,0,0.00,0,0,10.94,2000,1,0,0,0,0,0,0,0,0,0,0,0,0,0,0,0,0,0,0,0,0,0,0,0,0,0,0,0,0,0,0,0,0,0,0,0,0,0,0,0,0,0,0,0,0,0,0,0,0,0,0,0,0,0,0,0,0,0,0,0,0,0,0,0,0,0,0,0,0,0,0,0,0,0,16,78.43,74.3,88,101,7664,35,90.6,154,37,84,102,13.8,25.5
80800,12.7,25.6,0.000,9.648,86.9,298,61.33,0.00,0,1,0,0,0.00,0,0,10.94,2000,1,0,0,0,0,0,0,0,0,0,0,0,0,0,0,0,0,0,0,0,0,0,0,0,0,0,0,0,0,0,0,0,0,0,0,0,0,0,0,0,0,0,0,0,0,0,0,0,0,0,0,0,0,0,0,0,0,0,0,0,0,0,0,0,0,0,0,0,0,0,0,0,0,0,16,78.43,74.3,88,101,7643,35,90.6,154,37,84,100,13.9,25.5
80900,12.7,25.6,0.000,9.680,86.9,299,61.72,0.00,0,1,0,0,0.00,0,0,10.94,2000,1,0,0,0,0,0,0,0,0,0,0,0,0,0,0,0,0,0,0,0,0,0,0,0,0,0,0,0,0,0,0,0,0,0,0,0,0,0,0,0,0,0,0,0,0,0,0,0,0,0,0,0,0,0,0,0,0,0,0,0,0,0,0,0,0,0,0,0,0,0,0,0,0,0,16,78.43,75.4,90,101,7667,35,90.6,154,37,84,100,13.8,25.5
81000,12.7,25.6,0.000,9.680,86.9,299,61.72,0.00,0,1,0,0,0.00,0,0,10.94,2000,1,0,0,0,0,0,0,0,0,0,0,0,0,0,0,0,0,0,0,0,0,0,0,0,0,0,0,0,0,0,0,0,0,0,0,0,0,0,0,0,0,0,0,0,0,0,0,0,0,0,0,0,0,0,0,0,0,0,0,0,0,0,0,0,0,0,0,0,0,0,0,0,0,0,16,78.43,75.4,90,101,7653,35,90.6,154,37,84,101,13.8,25.5
81100,12.7,25.6,0.000,9.648,86.9,298,61.33,0.00,0,1,0,0,0.00,0,0,10.94,2000,1,0,0,0,0,0,0,0,0,0,0,0,0,0,0,0,0,0,0,0,0,0,0,0,0,0,0,0,0,0,0,0,0,0,0,0,0,0,0,0,0,0,0,0,0,0,0,0,0,0,0,0,0,0,0,0,0,0,0,0,0,0,0,0,0,0,0,0,0,0,0,0,0,0,16,78.43,75.4,90,101,7667,35,89.8,153,37,84,101,13.9,25.5
81200,12.7,25.6,0.000,9.648,86.9,298,61.33,0.00,0,1,0,0,0.00,0,0,10.94,2000,1,0,0,0,0,0,0,0,0,0,0,0,0,0,0,0,0,0,0,0,0,0,0,0,0,0,0,0,0,0,0,0,0,0,0,0,0,0,0,0,0,0,0,0,0,0,0,0,0,0,0,0,0,0,0,0,0,0,0,0,0,0,0,0,0,0,0,0,0,0,0,0,0,0,16,78.43,75.4,90,101,7667,35,89.8,153,37,84,101,13.9,25.5
81300,12.7,25.6,0.000,9.648,86.9,298,61.33,0.00,0,1,0,0,0.00,0,0,10.94,2000,1,0,0,0,0,0,0,0,0,0,0,0,0,0,0,0,0,0,0,0,0,0,0,0,0,0,0,0,0,0,0,0,0,0,0,0,0,0,0,0,0,0,0,0,0,0,0,0,0,0,0,0,0,0,0,0,0,0,0,0,0,0,0,0,0,0,0,0,0,0,0,0,0,0,17,83.33,75.4,90,101,7670,35,89.8,153,37,83,101,13.8,25.5
81400,12.7,25.6,0.000,9.648,86.9,298,61.33,0.00,0,1,0,0,0.00,0,0,10.94,2000,1,0,0,0,0,0,0,0,0,0,0,0,0,0,0,0,0,0,0,0,0,0,0,0,0,0,0,0,0,0,0,0,0,0,0,0,0,0,0,0,0,0,0,0,0,0,0,0,0,0,0,0,0,0,0,0,0,0,0,0,0,0,0,0,0,0,0,0,0,0,0,0,0,0,16,78.43,75.4,90,101,7647,35,89.8,153,37,83,101,13.8,25.5
81500,12.7,25.6,0.000,9.648,86.9,298,61.33,0.00,0,1,0,0,0.00,0,0,10.94,2000,1,0,0,0,0,0,0,0,0,0,0,0,0,0,0,0,0,0,0,0,0,0,0,0,0,0,0,0,0,0,0,0,0,0,0,0,0,0,0,0,0,0,0,0,0,0,0,0,0,0,0,0,0,0,0,0,0,0,0,0,0,0,0,0,0,0,0,0,0,0,0,0,0,0,16,78.43,75.4,90,101,7677,35,89.8,153,37,83,102,13.9,25.5
81600,12.7,25.6,0.000,9.648,86.9,298,61.33,0.00,0,1,0,0,0.00,0,0,10.94,2000,1,0,0,0,0,0,0,0,0,0,0,0,0,0,0,0,0,0,0,0,0,0,0,0,0,0,0,0,0,0,0,0,0,0,0,0,0,0,0,0,0,0,0,0,0,0,0,0,0,0,0,0,0,0,0,0,0,0,0,0,0,0,0,0,0,0,0,0,0,0,0,0,0,0,16,78.43,75.4,90,101,7664,35,89.8,153,37,83,101,13.9,25.5
81700,12.7,25.6,0.000,9.648,86.9,298,61.33,0.00,0,1,0,0,0.00,0,0,10.94,2000,1,0,0,0,0,0,0,0,0,0,0,0,0,0,0,0,0,0,0,0,0,0,0,0,0,0,0,0,0,0,0,0,0,0,0,0,0,0,0,0,0,0,0,0,0,0,0,0,0,0,0,0,0,0,0,0,0,0,0,0,0,0,0,0,0,0,0,0,0,0,0,0,0,0,16,78.43,75.4,90,101,7664,35,89.8,153,37,83,101,13.9,25.5
81800,12.7,25.6,0.000,9.648,86.9,298,61.33,0.00,0,1,0,0,0.00,0,0,10.94,2000,1,0,0,0,0,0,0,0,0,0,0,0,0,0,0,0,0,0,0,0,0,0,0,0,0,0,0,0,0,0,0,0,0,0,0,0,0,0,0,0,0,0,0,0,0,0,0,0,0,0,0,0,0,0,0,0,0,0,0,0,0,0,0,0,0,0,0,0,0,0,0,0,0,0,16,78.43,75.4,90,101,7653,35,89.8,153,37,83,102,13.8,25.5
81900,12.7,25.6,0.000,9.648,86.9,298,61.33,0.00,0,1,0,0,0.00,0,0,10.94,2000,1,0,0,0,0,0,0,0,0,0,0,0,0,0,0,0,0,0,0,0,0,0,0,0,0,0,0,0,0,0,0,0,0,0,0,0,0,0,0,0,0,0,0,0,0,0,0,0,0,0,0,0,0,0,0,0,0,0,0,0,0,0,0,0,0,0,0,0,0,0,0,0,0,0,16,78.43,76.4,89,101,7667,35,90.6,154,37,83,102,13.8,25.5
82000,12.7,25.6,0.000,9.648,86.9,298,61.33,0.00,0,1,0,0,0.00,0,0,10.94,2000,1,0,0,0,0,0,0,0,0,0,0,0,0,0,0,0,0,0,0,0,0,0,0,0,0,0,0,0,0,0,0,0,0,0,0,0,0,0,0,0,0,0,0,0,0,0,0,0,0,0,0,0,0,0,0,0,0,0,0,0,0,0,0,0,0,0,0,0,0,0,0,0,0,0,16,78.43,76.4,89,101,7667,35,90.6,154,37,83,102,13.8,25.5
82100,12.7,25.6,0.000,9.648,86.9,298,61.33,0.00,0,1,0,0,0.00,0,0,10.94,2000,1,0,0,0,0,0,0,0,0,0,0,0,0,0,0,0,0,0,0,0,0,0,0,0,0,0,0,0,0,0,0,0,0,0,0,0,0,0,0,0,0,0,0,0,0,0,0,0,0,0,0,0,0,0,0,0,0,0,0,0,0,0,0,0,0,0,0,0,0,0,0,0,0,0,16,78.43,76.4,89,101,7657,35,90.6,154,37,82,102,13.8,25.5
82200,12.7,25.6,0.000,9.648,86.9,298,61.33,0.00,0,1,0,0,0.00,0,0,10.94,2000,1,0,0,0,0,0,0,0,0,0,0,0,0,0,0,0,0,0,0,0,0,0,0,0,0,0,0,0,0,0,0,0,0,0,0,0,0,0,0,0,0,0,0,0,0,0,0,0,0,0,0,0,0,0,0,0,0,0,0,0,0,0,0,0,0,0,0,0,0,0,0,0,0,0,16,78.43,76.4,89,101,7667,35,90.6,154,37,82,102,13.8,25.5
82300,12.7,25.6,0.000,9.648,86.9,298,61.33,0.00,0,1,0,0,0.00,0,0,10.94,2000,1,0,0,0,0,0,0,0,0,0,0,0,0,0,0,0,0,0,0,0,0,0,0,0,0,0,0,0,0,0,0,0,0,0,0,0,0,0,0,0,0,0,0,0,0,0,0,0,0,0,0,0,0,0,0,0,0,0,0,0,0,0,0,0,0,0,0,0,0,0,0,0,0,0,16,78.43,76.4,89,101,7684,35,90.6,154,37,82,102,13.8,25.5
82400,12.7,25.6,0.000,9.648,86.9,298,61.33,0.00,0,1,0,0,0.00,0,0,10.94,2000,1,0,0,0,0,0,0,0,0,0,0,0,0,0,0,0,0,0,0,0,0,0,0,0,0,0,0,0,0,0,0,0,0,0,0,0,0,0,0,0,0,0,0,0,0,0,0,0,0,0,0,0,0,0,0,0,0,0,0,0,0,0,0,0,0,0,0,0,0,0,0,0,0,0,16,78.43,76.4,89,101,7684,35,90.6,154,37,82,102,13.8,25.5
82500,12.7,25.6,0.000,9.648,86.9,298,61.33,0.00,0,1,0,0,0.00,0,0,10.94,2000,1,0,0,0,0,0,0,0,0,0,0,0,0,0,0,0,0,0,0,0,0,0,0,0,0,0,0,0,0,0,0,0,0,0,0,0,0,0,0,0,0,0,0,0,0,0,0,0,0,0,0,0,0,0,0,0,0,0,0,0,0,0,0,0,0,0,0,0,0,0,0,0,0,0,16,78.43,76.4,89,101,7657,35,90.6,154,37,82,102,13.8,25.5
82600,12.7,25.6,0.000,9.680,86.9,299,61.72,0.00,0,1,0,0,0.00,0,0,10.94,2000,1,0,0,0,0,0,0,0,0,0,0,0,0,0,0,0,0,0,0,0,0,0,0,0,0,0,0,0,0,0,0,0,0,0,0,0,0,0,0,0,0,0,0,0,0,0,0,0,0,0,0,0,0,0,0,0,0,0,0,0,0,0,0,0,0,0,0,0,0,0,0,0,0,0,16,78.43,76.4,89,101,7657,35,90.6,154,37,82,102,13.8,25.5
82700,12.7,25.6,0.000,9.648,86.9,298,61.33,0.00,0,1,0,0,0.00,0,0,10.94,2000,1,0,0,0,0,0,0,0,0,0,0,0,0,0,0,0,0,0,0,0,0,0,0,0,0,0,0,0,0,0,0,0,0,0,0,0,0,0,0,0,0,0,0,0,0,0,0,0,0,0,0,0,0,0,0,0,0,0,0,0,0,0,0,0,0,0,0,0,0,0,0,0,0,0,16,78.43,76.4,89,101,7677,35,90.6,154,37,81,103,13.8,25.5
82800,12.7,25.6,0.000,9.680,86.9,299,61.72,0.00,0,1,0,0,0.00,0,0,10.94,2000,1,0,0,0,0,0,0,0,0,0,0,0,0,0,0,0,0,0,0,0,0,0,0,0,0,0,0,0,0,0,0,0,0,0,0,0,0,0,0,0,0,0,0,0,0,0,0,0,0,0,0,0,0,0,0,0,0,0,0,0,0,0,0,0,0,0,0,0,0,0,0,0,0,0,16,78.43,76.4,89,101,7670,35,90.6,154,37,81,103,13.8,25.5
82900,12.7,25.6,0.000,9.680,86.9,299,61.72,0.00,0,1,0,0,0.00,0,0,10.94,2000,1,0,0,0,0,0,0,0,0,0,0,0,0,0,0,0,0,0,0,0,0,0,0,0,0,0,0,0,0,0,0,0,0,0,0,0,0,0,0,0,0,0,0,0,0,0,0,0,0,0,0,0,0,0,0,0,0,0,0,0,0,0,0,0,0,0,0,0,0,0,0,0,0,0,16,78.43,77.7,90,101,7670,35,90.6,154,37,81,103,13.8,25.5
83000,12.7,25.6,0.000,9.680,86.9,299,61.72,0.00,0,1,0,0,0.00,0,0,10.94,2000,1,0,0,0,0,0,0,0,0,0,0,0,0,0,0,0,0,0,0,0,0,0,0,0,0,0,0,0,0,0,0,0,0,0,0,0,0,0,0,0,0,0,0,0,0,0,0,0,0,0,0,0,0,0,0,0,0,0,0,0,0,0,0,0,0,0,0,0,0,0,0,0,0,0,16,78.43,77.7,90,101,7687,35,90.6,154,37,80,103,13.8,25.5
83100,12.7,25.6,0.000,9.680,86.9,299,61.72,0.00,0,1,0,0,0.00,0,0,10.94,2000,1,0,0,0,0,0,0,0,0,0,0,0,0,0,0,0,0,0,0,0,0,0,0,0,0,0,0,0,0,0,0,0,0,0,0,0,0,0,0,0,0,0,0,0,0,0,0,0,0,0,0,0,0,0,0,0,0,0,0,0,0,0,0,0,0,0,0,0,0,0,0,0,0,0,16,78.43,77.7,90,101,7687,35,90.6,154,37,80,103,13.8,25.5
83200,12.7,25.6,0.000,9.680,86.9,299,61.72,0.00,0,1,0,0,0.00,0,0,10.94,2000,1,0,0,0,0,0,0,0,0,0,0,0,0,0,0,0,0,0,0,0,0,0,0,0,0,0,0,0,0,0,0,0,0,0,0,0,0,0,0,0,0,0,0,0,0,0,0,0,0,0,0,0,0,0,0,0,0,0,0,0,0,0,0,0,0,0,0,0,0,0,0,0,0,0,15,73.53,77.7,90,101,7667,35,90.6,154,37,80,103,13.8,25.5
83300,12.7,25.6,0.000,9.680,86.9,299,61.72,0.00,0,1,0,0,0.00,0,0,10.94,2000,1,0,0,0,0,0,0,0,0,0,0,0,0,0,0,0,0,0,0,0,0,0,0,0,0,0,0,0,0,0,0,0,0,0,0,0,0,0,0,0,0,0,0,0,0,0,0,0,0,0,0,0,0,0,0,0,0,0,0,0,0,0,0,0,0,0,0,0,0,0,0,0,0,0,16,78.43,77.7,90,101,7664,35,90.6,154,37,80,102,13.8,25.5
83400,12.7,25.6,0.000,9.680,86.9,299,61.72,0.00,0,1,0,0,0.00,0,0,10.94,2000,1,0,0,0,0,0,0,0,0,0,0,0,0,0,0,0,0,0,0,0,0,0,0,0,0,0,0,0,0,0,0,0,0,0,0,0,0,0,0,0,0,0,0,0,0,0,0,0,0,0,0,0,0,0,0,0,0,0,0,0,0,0,0,0,0,0,0,0,0,0,0,0,0,0,16,78.43,77.7,90,101,7687,35,90.6,154,37,80,102,13.8,25.5
83500,12.7,25.6,0.000,9.680,86.9,299,61.72,0.00,0,1,0,0,0.00,0,0,10.94,2000,1,0,0,0,0,0,0,0,0,0,0,0,0,0,0,0,0,0,0,0,0,0,0,0,0,0,0,0,0,0,0,0,0,0,0,0,0,0,0,0,0,0,0,0,0,0,0,0,0,0,0,0,0,0,0,0,0,0,0,0,0,0,0,0,0,0,0,0,0,0,0,0,0,0,16,78.43,77.7,90,101,7687,35,90.6,154,37,80,102,13.8,25.5
83600,12.7,25.6,0.000,9.680,86.9,299,61.72,0.00,0,1,0,0,0.00,0,0,10.94,2000,1,0,0,0,0,0,0,0,0,0,0,0,0,0,0,0,0,0,0,0,0,0,0,0,0,0,0,0,0,0,0,0,0,0,0,0,0,0,0,0,0,0,0,0,0,0,0,0,0,0,0,0,0,0,0,0,0,0,0,0,0,0,0,0,0,0,0,0,0,0,0,0,0,0,16,78.43,77.7,90,101,7660,35,90.6,154,37,79,103,13.8,25.5
83700,12.7,25.6,0.000,9.680,86.9,299,61.72,0.00,0,1,0,0,0.00,0,0,10.94,2000,1,0,0,0,0,0,0,0,0,0,0,0,0,0,0,0,0,0,0,0,0,0,0,0,0,0,0,0,0,0,0,0,0,0,0,0,0,0,0,0,0,0,0,0,0,0,0,0,0,0,0,0,0,0,0,0,0,0,0,0,0,0,0,0,0,0,0,0,0,0,0,0,0,0,15,73.53,77.7,90,101,7660,35,90.6,154,37,79,101,13.8,25.5
83800,12.7,25.6,0.000,9.680,86.9,299,61.72,0.00,0,1,0,0,0.00,0,0,10.94,2000,1,0,0,0,0,0,0,0,0,0,0,0,0,0,0,0,0,0,0,0,0,0,0,0,0,0,0,0,0,0,0,0,0,0,0,0,0,0,0,0,0,0,0,0,0,0,0,0,0,0,0,0,0,0,0,0,0,0,0,0,0,0,0,0,0,0,0,0,0,0,0,0,0,0,16,78.43,77.7,90,101,7687,35,90.6,154,37,79,102,13.8,25.5
83900,12.7,25.6,0.000,9.680,86.9,299,61.72,0.00,0,1,0,0,0.00,0,0,10.94,2000,1,0,0,0,0,0,0,0,0,0,0,0,0,0,0,0,0,0,0,0,0,0,0,0,0,0,0,0,0,0,0,0,0,0,0,0,0,0,0,0,0,0,0,0,0,0,0,0,0,0,0,0,0,0,0,0,0,0,0,0,0,0,0,0,0,0,0,0,0,0,0,0,0,0,16,78.43,78.8,90,101,7670,35,90.6,154,37,79,103,13.8,25.5
84000,12.7,25.6,0.000,9.680,86.9,299,61.72,0.00,0,1,0,0,0.00,0,0,10.94,2000,1,0,0,0,0,0,0,0,0,0,0,0,0,0,0,0,0,0,0,0,0,0,0,0,0,0,0,0,0,0,0,0,0,0,0,0,0,0,0,0,0,0,0,0,0,0,0,0,0,0,0,0,0,0,0,0,0,0,0,0,0,0,0,0,0,0,0,0,0,0,0,0,0,0,16,78.43,78.8,90,101,7670,35,90.6,154,37,79,103,13.8,25.5
84100,12.7,25.6,0.000,9.749,86.9,299,62.11,0.00,0,1,0,0,0.00,0,0,10.94,2000,1,0,0,0,0,0,0,0,0,0,0,0,0,0,0,0,0,0,0,0,0,0,0,0,0,0,0,0,0,0,0,0,0,0,0,0,0,0,0,0,0,0,0,0,0,0,0,0,0,0,0,0,0,0,0,0,0,0,0,0,0,0,0,0,0,0,0,0,0,0,0,0,0,0,16,78.43,78.8,90,101,7684,35,89.8,153,37,78,103,13.8,25.5
84200,12.7,25.6,0.000,9.749,86.9,299,62.11,0.00,0,1,0,0,0.00,0,0,10.94,2000,1,0,0,0,0,0,0,0,0,0,0,0,0,0,0,0,0,0,0,0,0,0,0,0,0,0,0,0,0,0,0,0,0,0,0,0,0,0,0,0,0,0,0,0,0,0,0,0,0,0,0,0,0,0,0,0,0,0,0,0,0,0,0,0,0,0,0,0,0,0,0,0,0,0,16,78.43,78.8,90,101,7684,35,89.8,153,37,78,103,13.8,25.5
84300,12.7,25.6,0.000,9.749,86.5,299,62.11,0.00,0,1,0,0,0.00,0,0,10.94,2000,1,0,0,0,0,0,0,0,0,0,0,0,0,0,0,0,0,0,0,0,0,0,0,0,0,0,0,0,0,0,0,0,0,0,0,0,0,0,0,0,0,0,0,0,0,0,0,0,0,0,0,0,0,0,0,0,0,0,0,0,0,0,0,0,0,0,0,0,0,0,0,0,0,0,16,78.43,78.8,90,101,7698,35,88.2,150,37,78,103,13.8,25.5
84400,12.7,25.6,0.000,9.821,86.1,304,62.50,0.00,0,1,0,0,0.00,0,0,10.94,2000,1,0,0,0,0,0,0,0,0,0,0,0,0,0,0,0,0,0,0,0,0,0,0,0,0,0,0,0,0,0,0,0,0,0,0,0,0,0,0,0,0,0,0,0,0,0,0,0,0,0,0,0,0,0,0,0,0,0,0,0,0,0,0,0,0,0,0,0,0,0,0,0,0,0,16,78.43,78.8,90,101,7667,35,87.1,148,37,78,102,13.8,25.5
84500,12.7,25.6,0.000,9.821,86.1,304,62.50,0.00,0,1,0,0,0.00,0,0,10.94,2000,1,0,0,0,0,0,0,0,0,0,0,0,0,0,0,0,0,0,0,0,0,0,0,0,0,0,0,0,0,0,0,0,0,0,0,0,0,0,0,0,0,0,0,0,0,0,0,0,0,0,0,0,0,0,0,0,0,0,0,0,0,0,0,0,0,0,0,0,0,0,0,0,0,0,16,78.43,78.8,90,101,7681,35,84.7,144,37,78,103,13.8,25.5
84600,12.7,25.6,0.000,9.891,85.3,309,62.89,0.00,0,1,0,0,0.00,0,0,10.94,2000,1,0,0,0,0,0,0,0,0,0,0,0,0,0,0,0,0,0,0,0,0,0,0,0,0,0,0,0,0,0,0,0,0,0,0,0,0,0,0,0,0,0,0,0,0,0,0,0,0,0,0,0,0,0,0,0,0,0,0,0,0,0,0,0,0,0,0,0,0,0,0,0,0,0,16,78.43,78.8,90,101,7677,35,84.7,144,37,78,102,13.8,25.5
84700,12.7,25.6,0.000,9.891,85.3,309,62.89,0.00,0,1,0,0,0.00,0,0,10.94,2000,1,0,0,0,0,0,0,0,0,0,0,0,0,0,0,0,0,0,0,0,0,0,0,0,0,0,0,0,0,0,0,0,0,0,0,0,0,0,0,0,0,0,0,0,0,0,0,0,0,0,0,0,0,0,0,0,0,0,0,0,0,0,0,0,0,0,0,0,0,0,0,0,0,0,16,78.43,78.8,90,101,7677,35,84.7,144,37,78,102,13.8,25.5
84800,12.7,25.6,0.000,9.891,85.3,309,62.89,0.00,0,1,0,0,0.00,0,0,10.94,2000,1,0,0,0,0,0,0,0,0,0,0,0,0,0,0,0,0,0,0,0,0,0,0,0,0,0,0,0,0,0,0,0,0,0,0,0,0,0,0,0,0,0,0,0,0,0,0,0,0,0,0,0,0,0,0,0,0,0,0,0,0,0,0,0,0,0,0,0,0,0,0,0,0,0,16,78.43,78.8,90,101,7650,35,83.9,143,37,78,102,13.9,25.5
84900,12.7,25.6,0.000,9.891,85.3,309,62.89,0.00,0,1,0,0,0.00,0,0,10.94,2000,1,0,0,0,0,0,0,0,0,0,0,0,0,0,0,0,0,0,0,0,0,0,0,0,0,0,0,0,0,0,0,0,0,0,0,0,0,0,0,0,0,0,0,0,0,0,0,0,0,0,0,0,0,0,0,0,0,0,0,0,0,0,0,0,0,0,0,0,0,0,0,0,0,0,16,78.43,80.3,91,101,7670,35,83.9,143,37,77,103,13.8,25.5
85000,12.7,25.6,0.000,9.891,85.3,309,62.89,0.00,0,1,0,0,0.00,0,0,10.94,2000,1,0,0,0,0,0,0,0,0,0,0,0,0,0,0,0,0,0,0,0,0,0,0,0,0,0,0,0,0,0,0,0,0,0,0,0,0,0,0,0,0,0,0,0,0,0,0,0,0,0,0,0,0,0,0,0,0,0,0,0,0,0,0,0,0,0,0,0,0,0,0,0,0,0,16,78.43,80.3,91,101,7664,35,83.9,143,37,77,103,13.8,25.5
85100,12.7,25.6,0.000,9.891,85.3,309,62.89,0.00,0,1,0,0,0.00,0,0,10.94,2000,1,0,0,0,0,0,0,0,0,0,0,0,0,0,0,0,0,0,0,0,0,0,0,0,0,0,0,0,0,0,0,0,0,0,0,0,0,0,0,0,0,0,0,0,0,0,0,0,0,0,0,0,0,0,0,0,0,0,0,0,0,0,0,0,0,0,0,0,0,0,0,0,0,0,17,83.33,80.3,91,101,7650,35,83.5,142,37,77,102,13.9,25.5
85200,12.7,25.6,0.000,9.936,84.9,312,63.28,0.00,0,1,0,0,0.00,0,0,10.94,2000,1,0,0,0,0,0,0,0,0,0,0,0,0,0,0,0,0,0,0,0,0,0,0,0,0,0,0,0,0,0,0,0,0,0,0,0,0,0,0,0,0,0,0,0,0,0,0,0,0,0,0,0,0,0,0,0,0,0,0,0,0,0,0,0,0,0,0,0,0,0,0,0,0,0,16,78.43,80.3,91,101,7670,35,83.5,142,37,77,102,13.8,25.5
85300,12.7,25.6,0.000,9.936,84.9,312,63.28,0.00,0,1,0,0,0.00,0,0,10.94,2000,1,0,0,0,0,0,0,0,0,0,0,0,0,0,0,0,0,0,0,0,0,0,0,0,0,0,0,0,0,0,0,0,0,0,0,0,0,0,0,0,0,0,0,0,0,0,0,0,0,0,0,0,0,0,0,0,0,0,0,0,0,0,0,0,0,0,0,0,0,0,0,0,0,0,16,78.43,80.3,91,101,7670,35,83.5,142,37,77,102,13.8,25.5
85400,12.8,25.6,0.000,9.552,78.7,324,60.55,0.00,0,0,0,0,0.00,0,0,10.94,2000,0,0,0,0,0,0,0,0,0,0,0,0,0,0,0,0,0,0,0,0,0,0,0,0,0,0,0,0,0,0,0,0,0,0,0,0,0,0,0,0,0,0,0,0,0,0,0,0,0,0,0,0,0,0,0,0,0,0,0,0,0,0,0,0,0,0,0,0,0,0,0,0,0,0,17,83.33,80.3,91,101,7681,35,67.1,114,37,77,104,13.8,25.5
85500,13.0,25.6,0.000,8.673,72.4,321,54.69,0.00,0,0,0,0,0.00,0,0,10.94,2000,1,0,0,0,0,0,0,0,0,0,0,0,0,0,0,0,0,0,0,0,0,0,0,0,0,0,0,0,0,0,0,0,0,0,0,0,0,0,0,0,0,0,0,0,0,0,0,0,0,0,0,0,0,0,0,0,0,0,0,0,0,0,0,0,0,0,0,0,0,0,0,0,0,0,17,83.33,80.3,91,101,7626,35,52.9,90,37,77,103,13.9,25.5
85600,13.2,25.6,0.000,8.047,68.5,320,50.00,0.00,0,0,0,0,0.00,0,0,10.94,2000,1,0,0,0,0,0,0,0,0,0,0,0,0,0,0,0,0,0,0,0,0,0,0,0,0,0,0,0,0,0,0,0,0,0,0,0,0,0,0,0,0,0,0,0,0,0,0,0,0,0,0,0,0,0,0,0,0,0,0,0,0,0,0,0,0,0,0,0,0,0,0,0,0,0,16,78.43,80.3,91,101,7511,35,45.1,77,37,77,101,13.8,25.5
85700,13.3,25.6,0.000,7.836,68.1,318,48.44,0.00,0,0,0,0,0.00,0,0,10.94,2000,1,0,0,0,0,0,0,0,0,0,0,0,0,0,0,0,0,0,0,0,0,0,0,0,0,0,0,0,0,0,0,0,0,0,0,0,0,0,0,0,0,0,0,0,0,0,0,0,0,0,0,0,0,0,0,0,0,0,0,0,0,0,0,0,0,0,0,0,0,0,0,0,0,0,16,78.43,80.3,91,101,7450,35,44.7,76,37,77,102,13.8,25.5
85800,13.3,25.6,0.000,7.836,68.1,318,48.44,0.00,0,0,0,0,0.00,0,0,10.94,2000,1,0,0,0,0,0,0,0,0,0,0,0,0,0,0,0,0,0,0,0,0,0,0,0,0,0,0,0,0,0,0,0,0,0,0,0,0,0,0,0,0,0,0,0,0,0,0,0,0,0,0,0,0,0,0,0,0,0,0,0,0,0,0,0,0,0,0,0,0,0,0,0,0,0,16,78.43,80.3,91,101,7421,35,45.1,77,37,77,102,13.9,25.5
85900,13.3,25.6,0.000,7.805,68.1,318,48.05,0.00,0,0,0,0,0.00,0,0,10.94,2000,1,0,0,0,0,0,0,0,0,0,0,0,0,0,0,0,0,0,0,0,0,0,0,0,0,0,0,0,0,0,0,0,0,0,0,0,0,0,0,0,0,0,0,0,0,0,0,0,0,0,0,0,0,0,0,0,0,0,0,0,0,0,0,0,0,0,0,0,0,0,0,0,0,0,16,78.43,81.9,90,101,7421,35,45.1,77,37,77,102,13.9,25.5
86000,13.3,25.6,0.000,7.846,68.5,318,48.44,0.00,0,0,0,0,0.00,0,0,10.94,2000,1,0,0,0,0,0,0,0,0,0,0,0,0,0,0,0,0,0,0,0,0,0,0,0,0,0,0,0,0,0,0,0,0,0,0,0,0,0,0,0,0,0,0,0,0,0,0,0,0,0,0,0,0,0,0,0,0,0,0,0,0,0,0,0,0,0,0,0,0,0,0,0,0,0,16,78.43,81.9,90,101,7421,35,45.1,77,37,77,102,13.9,25.5
86100,13.3,25.6,0.000,7.891,68.9,318,48.44,0.00,0,0,0,0,0.00,0,0,10.94,2000,1,0,0,0,0,0,0,0,0,0,0,0,0,0,0,0,0,0,0,0,0,0,0,0,0,0,0,0,0,0,0,0,0,0,0,0,0,0,0,0,0,0,0,0,0,0,0,0,0,0,0,0,0,0,0,0,0,0,0,0,0,0,0,0,0,0,0,0,0,0,0,0,0,0,17,83.33,81.9,90,101,7430,35,46.3,79,37,77,101,13.8,25.5
86200,13.3,25.6,0.000,7.919,68.9,318,48.83,0.00,0,0,0,0,0.00,0,0,10.94,2000,1,0,0,0,0,0,0,0,0,0,0,0,0,0,0,0,0,0,0,0,0,0,0,0,0,0,0,0,0,0,0,0,0,0,0,0,0,0,0,0,0,0,0,0,0,0,0,0,0,0,0,0,0,0,0,0,0,0,0,0,0,0,0,0,0,0,0,0,0,0,0,0,0,0,17,83.33,81.9,90,101,7430,35,46.3,79,37,77,101,13.8,25.5
86300,13.3,25.6,0.000,7.919,68.9,318,48.83,0.00,0,0,0,0,0.00,0,0,10.94,2000,1,0,0,0,0,0,0,0,0,0,0,0,0,0,0,0,0,0,0,0,0,0,0,0,0,0,0,0,0,0,0,0,0,0,0,0,0,0,0,0,0,0,0,0,0,0,0,0,0,0,0,0,0,0,0,0,0,0,0,0,0,0,0,0,0,0,0,0,0,0,0,0,0,0,16,78.43,81.9,90,101,7411,35,46.3,79,37,77,101,13.9,25.5
86400,13.3,25.6,0.000,7.964,69.3,318,48.83,0.00,0,0,0,0,0.00,0,0,10.94,2000,1,0,0,0,0,0,0,0,0,0,0,0,0,0,0,0,0,0,0,0,0,0,0,0,0,0,0,0,0,0,0,0,0,0,0,0,0,0,0,0,0,0,0,0,0,0,0,0,0,0,0,0,0,0,0,0,0,0,0,0,0,0,0,0,0,0,0,0,0,0,0,0,0,0,16,78.43,81.9,90,101,7427,35,46.3,79,37,77,101,13.8,25.5
86500,13.3,25.6,0.000,7.964,69.3,318,48.83,0.00,0,0,0,0,0.00,0,0,10.94,2000,1,0,0,0,0,0,0,0,0,0,0,0,0,0,0,0,0,0,0,0,0,0,0,0,0,0,0,0,0,0,0,0,0,0,0,0,0,0,0,0,0,0,0,0,0,0,0,0,0,0,0,0,0,0,0,0,0,0,0,0,0,0,0,0,0,0,0,0,0,0,0,0,0,0,16,78.43,81.9,90,101,7427,35,46.3,79,37,77,101,13.8,25.5
86600,13.3,25.6,0.000,7.964,69.3,318,48.83,0.00,0,0,0,0,0.00,0,0,10.94,2000,1,0,0,0,0,0,0,0,0,0,0,0,0,0,0,0,0,0,0,0,0,0,0,0,0,0,0,0,0,0,0,0,0,0,0,0,0,0,0,0,0,0,0,0,0,0,0,0,0,0,0,0,0,0,0,0,0,0,0,0,0,0,0,0,0,0,0,0,0,0,0,0,0,0,17,83.33,81.9,90,101,7421,35,47.1,80,37,77,101,13.9,25.5
86700,13.3,25.6,0.000,8.092,70.5,318,49.61,0.00,0,0,0,0,0.00,0,0,10.94,2000,1,0,0,0,0,0,0,0,0,0,0,0,0,0,0,0,0,0,0,0,0,0,0,0,0,0,0,0,0,0,0,0,0,0,0,0,0,0,0,0,0,0,0,0,0,0,0,0,0,0,0,0,0,0,0,0,0,0,0,0,0,0,0,0,0,0,0,0,0,0,0,0,0,0,16,78.43,81.9,90,101,7427,35,49.4,84,37,77,101,13.8,25.5
86800,13.3,25.6,0.078,8.050,73.6,318,49.61,0.00,0,0,0,0,0.00,0,0,10.94,2000,1,0,0,0,0,0,0,0,0,0,0,0,0,0,0,0,0,0,0,0,0,0,0,0,0,0,0,0,0,0,0,0,0,0,0,0,0,0,0,0,0,0,0,0,0,0,0,0,0,0,0,0,0,0,0,0,0,0,0,0,0,0,0,0,0,0,0,0,0,0,0,0,0,0,16,78.43,81.9,90,101,7446,35,55.3,94,37,78,101,13.8,25.5
86900,13.3,25.6,0.000,8.306,72.4,318,51.56,0.00,0,0,0,0,0.00,0,0,10.94,2000,1,0,0,0,0,0,0,0,0,0,0,0,0,0,0,0,0,0,0,0,0,0,0,0,0,0,0,0,0,0,0,0,0,0,0,0,0,0,0,0,0,0,0,0,0,0,0,0,0,0,0,0,0,0,0,0,0,0,0,0,0,0,0,0,0,0,0,0,0,0,0,0,0,0,17,83.33,83.0,90,101,7472,35,53.3,91,37,78,101,13.8,25.5
87000,13.3,25.6,0.000,8.306,72.4,318,51.56,0.00,0,0,0,0,0.00,0,0,10.94,2000,1,0,0,0,0,0,0,0,0,0,0,0,0,0,0,0,0,0,0,0,0,0,0,0,0,0,0,0,0,0,0,0,0,0,0,0,0,0,0,0,0,0,0,0,0,0,0,0,0,0,0,0,0,0,0,0,0,0,0,0,0,0,0,0,0,0,0,0,0,0,0,0,0,0,17,83.33,83.0,90,101,7504,35,53.3,91,37,78,101,13.9,25.5
87100,13.3,25.6,0.000,8.375,72.8,319,51.95,0.00,0,0,0,0,0.00,0,0,10.94,2000,1,0,0,0,0,0,0,0,0,0,0,0,0,0,0,0,0,0,0,0,0,0,0,0,0,0,0,0,0,0,0,0,0,0,0,0,0,0,0,0,0,0,0,0,0,0,0,0,0,0,0,0,0,0,0,0,0,0,0,0,0,0,0,0,0,0,0,0,0,0,0,0,0,0,17,83.33,83.0,90,101,7488,35,53.3,91,37,78,102,13.8,25.5
87200,13.3,25.6,0.000,8.375,72.8,319,51.95,0.00,0,0,0,0,0.00,0,0,10.94,2000,1,0,0,0,0,0,0,0,0,0,0,0,0,0,0,0,0,0,0,0,0,0,0,0,0,0,0,0,0,0,0,0,0,0,0,0,0,0,0,0,0,0,0,0,0,0,0,0,0,0,0,0,0,0,0,0,0,0,0,0,0,0,0,0,0,0,0,0,0,0,0,0,0,0,17,83.33,83.0,90,101,7488,35,53.3,91,37,78,102,13.8,25.5
87300,13.3,25.6,0.000,8.375,72.8,319,51.95,0.00,0,0,0,0,0.00,0,0,10.94,2000,1,0,0,0,0,0,0,0,0,0,0,0,0,0,0,0,0,0,0,0,0,0,0,0,0,0,0,0,0,0,0,0,0,0,0,0,0,0,0,0,0,0,0,0,0,0,0,0,0,0,0,0,0,0,0,0,0,0,0,0,0,0,0,0,0,0,0,0,0,0,0,0,0,0,16,78.43,83.0,90,101,7495,35,53.3,91,37,78,101,13.9,25.5
87400,13.3,25.6,0.000,8.375,72.8,319,52.34,0.00,0,0,0,0,0.00,0,0,10.94,2000,1,0,0,0,0,0,0,0,0,0,0,0,0,0,0,0,0,0,0,0,0,0,0,0,0,0,0,0,0,0,0,0,0,0,0,0,0,0,0,0,0,0,0,0,0,0,0,0,0,0,0,0,0,0,0,0,0,0,0,0,0,0,0,0,0,0,0,0,0,0,0,0,0,0,16,78.43,83.0,90,101,7501,35,53.3,91,37,78,101,13.8,25.5
87500,13.3,25.6,0.000,8.375,72.8,319,51.95,0.00,0,0,0,0,0.00,0,0,10.94,2000,1,0,0,0,0,0,0,0,0,0,0,0,0,0,0,0,0,0,0,0,0,0,0,0,0,0,0,0,0,0,0,0,0,0,0,0,0,0,0,0,0,0,0,0,0,0,0,0,0,0,0,0,0,0,0,0,0,0,0,0,0,0,0,0,0,0,0,0,0,0,0,0,0,0,16,78.43,83.0,90,101,7517,35,53.3,91,37,78,101,13.8,25.5
87600,13.3,25.6,0.000,8.375,72.8,319,51.95,0.00,0,0,0,0,0.00,0,0,10.94,2000,1,0,0,0,0,0,0,0,0,0,0,0,0,0,0,0,0,0,0,0,0,0,0,0,0,0,0,0,0,0,0,0,0,0,0,0,0,0,0,0,0,0,0,0,0,0,0,0,0,0,0,0,0,0,0,0,0,0,0,0,0,0,0,0,0,0,0,0,0,0,0,0,0,0,17,83.33,83.0,90,101,7495,35,53.3,91,37,78,101,13.8,25.5
87700,13.3,25.6,0.000,8.375,72.8,319,51.95,0.00,0,0,0,0,0.00,0,0,10.94,2000,1,0,0,0,0,0,0,0,0,0,0,0,0,0,0,0,0,0,0,0,0,0,0,0,0,0,0,0,0,0,0,0,0,0,0,0,0,0,0,0,0,0,0,0,0,0,0,0,0,0,0,0,0,0,0,0,0,0,0,0,0,0,0,0,0,0,0,0,0,0,0,0,0,0,17,83.33,83.0,90,101,7495,35,53.3,91,37,78,101,13.8,25.5
87800,13.3,25.6,0.000,8.375,72.8,319,51.95,0.00,0,0,0,0,0.00,0,0,10.94,2000,1,0,0,0,0,0,0,0,0,0,0,0,0,0,0,0,0,0,0,0,0,0,0,0,0,0,0,0,0,0,0,0,0,0,0,0,0,0,0,0,0,0,0,0,0,0,0,0,0,0,0,0,0,0,0,0,0,0,0,0,0,0,0,0,0,0,0,0,0,0,0,0,0,0,17,83.33,83.0,90,101,7511,35,54.1,92,37,78,102,13.8,25.5
87900,13.3,25.6,0.000,8.317,72.8,319,51.56,0.00,0,0,0,0,0.00,0,0,10.94,2000,1,0,0,0,0,0,0,0,0,0,0,0,0,0,0,0,0,0,0,0,0,0,0,0,0,0,0,0,0,0,0,0,0,0,0,0,0,0,0,0,0,0,0,0,0,0,0,0,0,0,0,0,0,0,0,0,0,0,0,0,0,0,0,0,0,0,0,0,0,0,0,0,0,0,16,78.43,84.2,91,101,7488,35,53.3,91,37,79,102,13.8,25.5
88000,13.3,25.6,0.000,8.317,72.8,319,51.56,0.00,0,0,0,0,0.00,0,0,10.94,2000,1,0,0,0,0,0,0,0,0,0,0,0,0,0,0,0,0,0,0,0,0,0,0,0,0,0,0,0,0,0,0,0,0,0,0,0,0,0,0,0,0,0,0,0,0,0,0,0,0,0,0,0,0,0,0,0,0,0,0,0,0,0,0,0,0,0,0,0,0,0,0,0,0,0,16,78.43,84.2,91,101,7504,35,54.1,92,37,79,102,13.9,25.5
88100,13.3,25.6,0.000,8.317,72.8,319,51.56,0.00,0,0,0,0,0.00,0,0,10.94,2000,1,0,0,0,0,0,0,0,0,0,0,0,0,0,0,0,0,0,0,0,0,0,0,0,0,0,0,0,0,0,0,0,0,0,0,0,0,0,0,0,0,0,0,0,0,0,0,0,0,0,0,0,0,0,0,0,0,0,0,0,0,0,0,0,0,0,0,0,0,0,0,0,0,0,17,83.33,84.2,91,101,7495,35,54.1,92,37,79,102,13.8,25.5
88200,13.3,25.6,0.000,8.317,72.8,319,51.56,0.00,0,0,0,0,0.00,0,0,10.94,2000,1,0,0,0,0,0,0,0,0,0,0,0,0,0,0,0,0,0,0,0,0,0,0,0,0,0,0,0,0,0,0,0,0,0,0,0,0,0,0,0,0,0,0,0,0,0,0,0,0,0,0,0,0,0,0,0,0,0,0,0,0,0,0,0,0,0,0,0,0,0,0,0,0,0,17,83.33,84.2,91,101,7504,35,54.1,92,37,79,101,13.8,25.5
88300,13.3,25.6,0.000,8.317,72.8,319,51.56,0.00,0,0,0,0,0.00,0,0,10.94,2000,1,0,0,0,0,0,0,0,0,0,0,0,0,0,0,0,0,0,0,0,0,0,0,0,0,0,0,0,0,0,0,0,0,0,0,0,0,0,0,0,0,0,0,0,0,0,0,0,0,0,0,0,0,0,0,0,0,0,0,0,0,0,0,0,0,0,0,0,0,0,0,0,0,0,17,83.33,84.2,91,101,7504,35,54.1,92,37,79,101,13.8,25.5
88400,13.3,25.6,0.000,8.317,72.8,319,51.56,0.00,0,0,0,0,0.00,0,0,10.94,2000,1,0,0,0,0,0,0,0,0,0,0,0,0,0,0,0,0,0,0,0,0,0,0,0,0,0,0,0,0,0,0,0,0,0,0,0,0,0,0,0,0,0,0,0,0,0,0,0,0,0,0,0,0,0,0,0,0,0,0,0,0,0,0,0,0,0,0,0,0,0,0,0,0,0,17,83.33,84.2,91,101,7437,35,27.1,46,37,79,100,13.9,25.5
88500,13.3,25.6,0.000,6.324,56.4,298,39.06,0.00,0,0,0,0,0.00,0,0,10.94,2000,0,0,0,0,0,0,0,0,0,0,0,0,0,0,0,0,0,0,0,0,0,0,0,0,0,0,0,0,0,0,0,0,0,0,0,0,0,0,0,0,0,0,0,0,0,0,0,0,0,0,0,0,0,0,0,0,0,0,0,0,0,0,0,0,0,0,0,0,0,0,0,0,0,0,17,83.33,84.2,91,101,7437,35,27.1,46,37,79,100,13.9,25.5
88600,13.3,25.6,0.000,3.511,34.1,285,19.92,0.00,0,0,0,0,0.00,0,0,10.94,2000,0,0,0,0,0,0,0,0,0,0,0,0,0,0,0,0,0,0,0,0,0,0,0,0,0,0,0,0,0,0,0,0,0,0,0,0,0,0,0,0,0,0,0,0,0,0,0,0,0,0,0,0,0,0,0,0,0,0,0,0,0,0,0,0,0,0,0,0,0,0,0,0,0,0,16,78.43,84.2,91,101,6756,15,0.0,0,37,80,101,13.9,25.5
88700,13.3,25.6,0.000,3.619,36.1,281,19.14,0.00,0,0,0,0,0.00,0,0,10.94,2000,0,0,0,0,0,0,0,0,0,0,0,0,0,0,0,0,0,0,0,0,0,0,0,0,0,0,0,0,0,0,0,0,0,0,0,0,0,0,0,0,0,0,0,0,0,0,0,0,0,0,0,0,0,0,0,0,0,0,0,0,0,0,0,0,0,0,0,0,0,0,0,0,0,0,17,83.33,84.2,91,101,6374,15,0.0,0,37,80,100,14.0,25.5
88800,13.3,25.6,0.000,3.619,36.1,281,19.14,0.00,0,0,0,0,0.00,0,0,10.94,2000,0,0,0,0,0,0,0,0,0,0,0,0,0,0,0,0,0,0,0,0,0,0,0,0,0,0,0,0,0,0,0,0,0,0,0,0,0,0,0,0,0,0,0,0,0,0,0,0,0,0,0,0,0,0,0,0,0,0,0,0,0,0,0,0,0,0,0,0,0,0,0,0,0,0,16,78.43,84.2,91,101,6150,15,0.0,0,37,80,99,14.0,25.5
88900,13.3,25.6,0.000,3.501,37.3,261,17.19,0.00,0,0,0,0,0.00,0,0,10.94,2000,0,0,0,0,0,0,0,0,0,0,0,0,0,0,0,0,0,0,0,0,0,0,0,0,0,0,0,0,0,0,0,0,0,0,0,0,0,0,0,0,0,0,0,0,0,0,0,0,0,0,0,0,0,0,0,0,0,0,0,0,0,0,0,0,0,0,0,0,0,0,0,0,0,0,17,83.33,85.8,90,101,6005,16,0.0,0,37,80,98,14.0,25.5
89000,13.3,25.6,0.000,3.501,37.3,261,17.19,0.00,0,0,0,0,0.00,0,0,10.94,2000,0,0,0,0,0,0,0,0,0,0,0,0,0,0,0,0,0,0,0,0,0,0,0,0,0,0,0,0,0,0,0,0,0,0,0,0,0,0,0,0,0,0,0,0,0,0,0,0,0,0,0,0,0,0,0,0,0,0,0,0,0,0,0,0,0,0,0,0,0,0,0,0,0,0,17,83.33,85.8,90,101,6005,16,0.0,0,37,80,98,14.0,25.5
89100,13.3,25.6,0.000,3.453,37.3,257,16.80,0.00,0,0,0,0,0.00,0,0,10.94,2000,0,0,0,0,0,0,0,0,0,0,0,0,0,0,0,0,0,0,0,0,0,0,0,0,0,0,0,0,0,0,0,0,0,0,0,0,0,0,0,0,0,0,0,0,0,0,0,0,0,0,0,0,0,0,0,0,0,0,0,0,0,0,0,0,0,0,0,0,0,0,0,0,0,0,17,83.33,85.8,90,101,5921,18,0.0,0,37,81,97,14.0,25.5
89200,13.3,25.6,0.000,3.411,37.7,251,16.80,0.00,0,0,0,0,0.00,0,0,10.94,2000,0,0,0,0,0,0,0,0,0,0,0,0,0,0,0,0,0,0,0,0,0,0,0,0,0,0,0,0,0,0,0,0,0,0,0,0,0,0,0,0,0,0,0,0,0,0,0,0,0,0,0,0,0,0,0,0,0,0,0,0,0,0,0,0,0,0,0,0,0,0,0,0,0,0,17,83.33,85.8,90,101,5921,18,0.0,0,37,81,97,14.0,25.5
89300,13.3,25.6,0.000,3.401,37.7,250,16.41,0.00,0,0,0,0,0.00,0,0,10.94,2000,0,0,0,0,0,0,0,0,0,0,0,0,0,0,0,0,0,0,0,0,0,0,0,0,0,0,0,0,0,0,0,0,0,0,0,0,0,0,0,0,0,0,0,0,0,0,0,0,0,0,0,0,0,0,0,0,0,0,0,0,0,0,0,0,0,0,0,0,0,0,0,0,0,0,17,83.33,85.8,90,101,5887,19,0.0,0,37,81,96,14.0,25.5
89400,13.3,25.6,0.000,3.401,37.7,250,16.41,0.00,0,0,0,0,0.00,0,0,10.94,2000,0,0,0,0,0,0,0,0,0,0,0,0,0,0,0,0,0,0,0,0,0,0,0,0,0,0,0,0,0,0,0,0,0,0,0,0,0,0,0,0,0,0,0,0,0,0,0,0,0,0,0,0,0,0,0,0,0,0,0,0,0,0,0,0,0,0,0,0,0,0,0,0,0,0,17,83.33,85.8,90,101,5887,19,0.0,0,37,81,96,14.0,25.5
89500,13.3,25.6,0.000,3.366,38.0,245,16.41,0.00,0,0,0,0,0.00,0,0,10.94,2000,0,0,0,0,0,0,0,0,0,0,0,0,0,0,0,0,0,0,0,0,0,0,0,0,0,0,0,0,0,0,0,0,0,0,0,0,0,0,0,0,0,0,0,0,0,0,0,0,0,0,0,0,0,0,0,0,0,0,0,0,0,0,0,0,0,0,0,0,0,0,0,0,0,0,17,83.33,85.8,90,101,5849,19,0.0,0,37,81,95,14.0,25.5
89600,13.3,25.6,0.000,3.318,38.4,242,16.02,0.00,0,0,0,0,0.00,0,0,10.94,2000,0,0,0,0,0,0,0,0,0,0,0,0,0,0,0,0,0,0,0,0,0,0,0,0,0,0,0,0,0,0,0,0,0,0,0,0,0,0,0,0,0,0,0,0,0,0,0,0,0,0,0,0,0,0,0,0,0,0,0,0,0,0,0,0,0,0,0,0,0,0,0,0,0,0,17,83.33,85.8,90,101,5804,19,0.0,0,37,81,93,14.0,25.5
89700,13.3,25.6,0.000,3.318,38.4,242,16.02,0.00,0,0,0,0,0.00,0,0,10.94,2000,0,0,0,0,0,0,0,0,0,0,0,0,0,0,0,0,0,0,0,0,0,0,0,0,0,0,0,0,0,0,0,0,0,0,0,0,0,0,0,0,0,0,0,0,0,0,0,0,0,0,0,0,0,0,0,0,0,0,0,0,0,0,0,0,0,0,0,0,0,0,0,0,0,0,17,83.33,85.8,90,101,5804,19,0.0,0,37,81,93,14.0,25.5
89800,13.3,25.6,0.000,3.318,38.4,242,16.02,0.00,0,0,0,0,0.00,0,0,10.94,2000,0,0,0,0,0,0,0,0,0,0,0,0,0,0,0,0,0,0,0,0,0,0,0,0,0,0,0,0,0,0,0,0,0,0,0,0,0,0,0,0,0,0,0,0,0,0,0,0,0,0,0,0,0,0,0,0,0,0,0,0,0,0,0,0,0,0,0,0,0,0,0,0,0,0,17,83.33,85.8,90,101,5804,19,0.0,0,37,81,93,14.0,25.5
89900,13.3,25.6,0.000,3.318,38.4,242,16.02,0.00,0,0,0,0,0.00,0,0,10.94,2000,0,0,0,0,0,0,0,0,0,0,0,0,0,0,0,0,0,0,0,0,0,0,0,0,0,0,0,0,0,0,0,0,0,0,0,0,0,0,0,0,0,0,0,0,0,0,0,0,0,0,0,0,0,0,0,0,0,0,0,0,0,0,0,0,0,0,0,0,0,0,0,0,0,0,16,78.43,86.8,89,101,5731,20,0.0,0,37,82,91,13.9,25.5
90000,13.3,25.6,0.000,3.238,38.4,232,15.23,0.00,0,0,0,0,0.00,0,0,10.94,2000,0,0,0,0,0,0,0,0,0,0,0,0,0,0,0,0,0,0,0,0,0,0,0,0,0,0,0,0,0,0,0,0,0,0,0,0,0,0,0,0,0,0,0,0,0,0,0,0,0,0,0,0,0,0,0,0,0,0,0,0,0,0,0,0,0,0,0,0,0,0,0,0,0,0,17,83.33,86.8,89,101,5705,21,0.0,0,37,82,91,13.9,25.5
90100,13.3,25.6,0.000,3.238,38.8,232,15.23,0.00,0,0,0,0,0.00,0,0,10.94,2000,0,0,0,0,0,0,0,0,0,0,0,0,0,0,0,0,0,0,0,0,0,0,0,0,0,0,0,0,0,0,0,0,0,0,0,0,0,0,0,0,0,0,0,0,0,0,0,0,0,0,0,0,0,0,0,0,0,0,0,0,0,0,0,0,0,0,0,0,0,0,0,0,0,0,16,78.43,86.8,89,101,5647,20,0.0,0,37,82,90,13.9,25.5
90200,13.3,25.6,0.000,3.228,39.2,229,14.84,0.00,0,0,0,0,0.00,0,0,10.94,2000,0,0,0,0,0,0,0,0,0,0,0,0,0,0,0,0,0,0,0,0,0,0,0,0,0,0,0,0,0,0,0,0,0,0,0,0,0,0,0,0,0,0,0,0,0,0,0,0,0,0,0,0,0,0,0,0,0,0,0,0,0,0,0,0,0,0,0,0,0,0,0,0,0,0,16,78.43,86.8,89,101,5647,20,0.0,0,37,82,90,13.9,25.5
90300,13.3,25.6,0.000,3.207,38.8,225,14.84,0.00,0,0,0,0,0.00,0,0,10.94,2000,0,0,0,0,0,0,0,0,0,0,0,0,0,0,0,0,0,0,0,0,0,0,0,0,0,0,0,0,0,0,0,0,0,0,0,0,0,0,0,0,0,0,0,0,0,0,0,0,0,0,0,0,0,0,0,0,0,0,0,0,0,0,0,0,0,0,0,0,0,0,0,0,0,0,17,83.33,86.8,89,101,5614,21,0.0,0,37,82,88,13.9,25.5
90400,13.3,25.6,0.000,3.172,39.2,223,14.45,0.00,0,0,0,0,0.00,0,0,10.94,2000,0,0,0,0,0,0,0,0,0,0,0,0,0,0,0,0,0,0,0,0,0,0,0,0,0,0,0,0,0,0,0,0,0,0,0,0,0,0,0,0,0,0,0,0,0,0,0,0,0,0,0,0,0,0,0,0,0,0,0,0,0,0,0,0,0,0,0,0,0,0,0,0,0,0,16,78.43,86.8,89,101,5564,23,0.0,0,37,82,86,13.9,25.5
90500,13.3,25.6,0.000,3.172,39.2,223,14.45,0.00,0,0,0,0,0.00,0,0,10.94,2000,0,0,0,0,0,0,0,0,0,0,0,0,0,0,0,0,0,0,0,0,0,0,0,0,0,0,0,0,0,0,0,0,0,0,0,0,0,0,0,0,0,0,0,0,0,0,0,0,0,0,0,0,0,0,0,0,0,0,0,0,0,0,0,0,0,0,0,0,0,0,0,0,0,0,17,83.33,86.8,89,101,5495,23,0.0,0,37,83,85,13.9,25.5
90600,13.3,25.6,0.000,3.165,39.6,218,14.06,0.00,0,0,0,0,0.00,0,0,10.94,2000,0,0,0,0,0,0,0,0,0,0,0,0,0,0,0,0,0,0,0,0,0,0,0,0,0,0,0,0,0,0,0,0,0,0,0,0,0,0,0,0,0,0,0,0,0,0,0,0,0,0,0,0,0,0,0,0,0,0,0,0,0,0,0,0,0,0,0,0,0,0,0,0,0,0,17,83.33,86.8,89,101,5443,25,0.0,0,37,83,82,13.9,25.5
90700,13.3,25.6,0.000,3.165,39.6,218,14.06,0.00,0,0,0,0,0.00,0,0,10.94,2000,0,0,0,0,0,0,0,0,0,0,0,0,0,0,0,0,0,0,0,0,0,0,0,0,0,0,0,0,0,0,0,0,0,0,0,0,0,0,0,0,0,0,0,0,0,0,0,0,0,0,0,0,0,0,0,0,0,0,0,0,0,0,0,0,0,0,0,0,0,0,0,0,0,0,17,83.33,86.8,89,101,5443,25,0.0,0,37,83,82,13.9,25.5
90800,13.3,25.6,0.000,3.165,39.6,218,14.06,0.00,0,0,0,0,0.00,0,0,10.94,2000,0,0,0,0,0,0,0,0,0,0,0,0,0,0,0,0,0,0,0,0,0,0,0,0,0,0,0,0,0,0,0,0,0,0,0,0,0,0,0,0,0,0,0,0,0,0,0,0,0,0,0,0,0,0,0,0,0,0,0,0,0,0,0,0,0,0,0,0,0,0,0,0,0,0,17,83.33,86.8,89,101,5392,24,0.0,0,37,83,81,13.9,25.5
90900,13.3,25.6,0.000,3.179,40.0,217,14.06,0.00,0,0,0,0,0.00,0,0,10.94,2000,0,0,0,0,0,0,0,0,0,0,0,0,0,0,0,0,0,0,0,0,0,0,0,0,0,0,0,0,0,0,0,0,0,0,0,0,0,0,0,0,0,0,0,0,0,0,0,0,0,0,0,0,0,0,0,0,0,0,0,0,0,0,0,0,0,0,0,0,0,0,0,0,0,0,18,88.24,87.5,82,101,5310,24,0.0,0,37,83,78,13.9,25.5
91000,13.3,25.6,0.000,3.179,40.0,217,14.06,0.00,0,0,0,0,0.00,0,0,10.94,2000,0,0,0,0,0,0,0,0,0,0,0,0,0,0,0,0,0,0,0,0,0,0,0,0,0,0,0,0,0,0,0,0,0,0,0,0,0,0,0,0,0,0,0,0,0,0,0,0,0,0,0,0,0,0,0,0,0,0,0,0,0,0,0,0,0,0,0,0,0,0,0,0,0,0,18,88.24,87.5,82,101,5310,24,0.0,0,37,83,78,13.9,25.5
91100,13.3,25.6,0.000,3.169,40.4,216,13.67,0.00,0,0,0,0,0.00,0,0,10.94,2000,0,0,0,0,0,0,0,0,0,0,0,0,0,0,0,0,0,0,0,0,0,0,0,0,0,0,0,0,0,0,0,0,0,0,0,0,0,0,0,0,0,0,0,0,0,0,0,0,0,0,0,0,0,0,0,0,0,0,0,0,0,0,0,0,0,0,0,0,0,0,0,0,0,0,17,83.33,87.5,82,101,5236,24,0.0,0,38,83,77,13.9,25.5
91200,13.3,25.6,0.000,3.176,40.8,215,13.67,0.00,0,0,0,0,0.00,0,0,10.94,2000,0,0,0,0,0,0,0,0,0,0,0,0,0,0,0,0,0,0,0,0,0,0,0,0,0,0,0,0,0,0,0,0,0,0,0,0,0,0,0,0,0,0,0,0,0,0,0,0,0,0,0,0,0,0,0,0,0,0,0,0,0,0,0,0,0,0,0,0,0,0,0,0,0,0,17,83.33,87.5,82,101,5206,24,0.0,0,38,84,74,13.9,25.5
91300,13.3,25.6,0.000,3.176,40.4,215,13.67,0.00,0,0,0,0,0.00,0,0,10.94,2000,0,0,0,0,0,0,0,0,0,0,0,0,0,0,0,0,0,0,0,0,0,0,0,0,0,0,0,0,0,0,0,0,0,0,0,0,0,0,0,0,0,0,0,0,0,0,0,0,0,0,0,0,0,0,0,0,0,0,0,0,0,0,0,0,0,0,0,0,0,0,0,0,0,0,18,88.24,87.5,82,101,5200,24,0.0,0,38,84,73,13.9,25.5
91400,13.3,25.6,0.000,3.162,40.8,215,13.28,0.00,0,0,0,0,0.00,0,0,10.94,2000,0,0,0,0,0,0,0,0,0,0,0,0,0,0,0,0,0,0,0,0,0,0,0,0,0,0,0,0,0,0,0,0,0,0,0,0,0,0,0,0,0,0,0,0,0,0,0,0,0,0,0,0,0,0,0,0,0,0,0,0,0,0,0,0,0,0,0,0,0,0,0,0,0,0,17,83.33,87.5,82,101,5178,24,0.0,0,38,84,73,14.0,25.5
91500,13.3,25.6,0.000,3.162,40.8,215,13.28,0.00,0,0,0,0,0.00,0,0,10.94,2000,0,0,0,0,0,0,0,0,0,0,0,0,0,0,0,0,0,0,0,0,0,0,0,0,0,0,0,0,0,0,0,0,0,0,0,0,0,0,0,0,0,0,0,0,0,0,0,0,0,0,0,0,0,0,0,0,0,0,0,0,0,0,0,0,0,0,0,0,0,0,0,0,0,0,17,83.33,87.5,82,101,5152,23,0.0,0,38,84,71,14.0,25.5
91600,13.3,25.6,0.000,3.186,41.2,215,13.28,0.00,0,0,0,0,0.00,0,0,10.94,2000,0,0,0,0,0,0,0,0,0,0,0,0,0,0,0,0,0,0,0,0,0,0,0,0,0,0,0,0,0,0,0,0,0,0,0,0,0,0,0,0,0,0,0,0,0,0,0,0,0,0,0,0,0,0,0,0,0,0,0,0,0,0,0,0,0,0,0,0,0,0,0,0,0,0,17,83.33,87.5,82,101,5126,23,0.0,0,38,84,72,14.0,25.5
91700,13.3,25.6,0.000,3.186,41.2,215,13.28,0.00,0,0,0,0,0.00,0,0,10.94,2000,0,0,0,0,0,0,0,0,0,0,0,0,0,0,0,0,0,0,0,0,0,0,0,0,0,0,0,0,0,0,0,0,0,0,0,0,0,0,0,0,0,0,0,0,0,0,0,0,0,0,0,0,0,0,0,0,0,0,0,0,0,0,0,0,0,0,0,0,0,0,0,0,0,0,17,83.33,87.5,82,101,5126,23,0.0,0,38,84,72,14.0,25.5
91800,13.3,25.6,0.000,3.186,41.2,215,13.28,0.00,0,0,0,0,0.00,0,0,10.94,2000,0,0,0,0,0,0,0,0,0,0,0,0,0,0,0,0,0,0,0,0,0,0,0,0,0,0,0,0,0,0,0,0,0,0,0,0,0,0,0,0,0,0,0,0,0,0,0,0,0,0,0,0,0,0,0,0,0,0,0,0,0,0,0,0,0,0,0,0,0,0,0,0,0,0,17,83.33,87.5,82,101,5108,23,0.0,0,38,84,70,14.0,25.5
91900,13.3,25.6,0.000,3.186,41.2,215,13.28,0.00,0,0,0,0,0.00,0,0,10.94,2000,0,0,0,0,0,0,0,0,0,0,0,0,0,0,0,0,0,0,0,0,0,0,0,0,0,0,0,0,0,0,0,0,0,0,0,0,0,0,0,0,0,0,0,0,0,0,0,0,0,0,0,0,0,0,0,0,0,0,0,0,0,0,0,0,0,0,0,0,0,0,0,0,0,0,17,83.33,88.4,73,101,5096,22,0.0,0,38,84,70,14.0,25.5
92000,13.3,25.6,0.000,3.186,41.2,215,13.28,0.00,0,0,0,0,0.00,0,0,10.94,2000,0,0,0,0,0,0,0,0,0,0,0,0,0,0,0,0,0,0,0,0,0,0,0,0,0,0,0,0,0,0,0,0,0,0,0,0,0,0,0,0,0,0,0,0,0,0,0,0,0,0,0,0,0,0,0,0,0,0,0,0,0,0,0,0,0,0,0,0,0,0,0,0,0,0,17,83.33,88.4,73,101,5096,22,0.0,0,38,84,70,14.0,25.5
92100,13.3,25.6,0.000,3.214,41.2,215,13.28,0.00,0,0,0,0,0.00,0,0,10.94,2000,0,0,0,0,0,0,0,0,0,0,0,0,0,0,0,0,0,0,0,0,0,0,0,0,0,0,0,0,0,0,0,0,0,0,0,0,0,0,0,0,0,0,0,0,0,0,0,0,0,0,0,0,0,0,0,0,0,0,0,0,0,0,0,0,0,0,0,0,0,0,0,0,0,0,17,83.33,88.4,73,101,5062,22,0.0,0,38,85,67,14.0,25.5
92200,13.3,25.6,0.000,3.214,41.6,215,13.28,0.00,0,0,0,0,0.00,0,0,10.94,2000,0,0,0,0,0,0,0,0,0,0,0,0,0,0,0,0,0,0,0,0,0,0,0,0,0,0,0,0,0,0,0,0,0,0,0,0,0,0,0,0,0,0,0,0,0,0,0,0,0,0,0,0,0,0,0,0,0,0,0,0,0,0,0,0,0,0,0,0,0,0,0,0,0,0,17,83.33,88.4,73,101,5033,22,0.0,0,38,85,67,14.0,25.5
92300,13.3,25.6,0.000,3.214,41.6,215,13.28,0.00,0,0,0,0,0.00,0,0,10.94,2000,0,0,0,0,0,0,0,0,0,0,0,0,0,0,0,0,0,0,0,0,0,0,0,0,0,0,0,0,0,0,0,0,0,0,0,0,0,0,0,0,0,0,0,0,0,0,0,0,0,0,0,0,0,0,0,0,0,0,0,0,0,0,0,0,0,0,0,0,0,0,0,0,0,0,17,83.33,88.4,73,101,5033,22,0.0,0,38,85,67,14.0,25.5
92400,13.3,25.6,0.000,3.214,41.6,215,13.28,0.00,0,0,0,0,0.00,0,0,10.94,2000,0,0,0,0,0,0,0,0,0,0,0,0,0,0,0,0,0,0,0,0,0,0,0,0,0,0,0,0,0,0,0,0,0,0,0,0,0,0,0,0,0,0,0,0,0,0,0,0,0,0,0,0,0,0,0,0,0,0,0,0,0,0,0,0,0,0,0,0,0,0,0,0,0,0,17,83.33,88.4,73,101,4988,21,0.0,0,38,84,66,14.0,25.5
92500,13.3,25.6,0.000,3.200,41.6,214,13.28,0.00,0,0,0,0,0.00,0,0,10.94,2000,0,0,0,0,0,0,0,0,0,0,0,0,0,0,0,0,0,0,0,0,0,0,0,0,0,0,0,0,0,0,0,0,0,0,0,0,0,0,0,0,0,0,0,0,0,0,0,0,0,0,0,0,0,0,0,0,0,0,0,0,0,0,0,0,0,0,0,0,0,0,0,0,0,0,17,83.33,88.4,73,101,4988,21,0.0,0,38,84,66,14.0,25.5
92600,13.3,25.6,0.000,3.200,41.6,214,13.28,0.00,0,0,0,0,0.00,0,0,10.94,2000,0,0,0,0,0,0,0,0,0,0,0,0,0,0,0,0,0,0,0,0,0,0,0,0,0,0,0,0,0,0,0,0,0,0,0,0,0,0,0,0,0,0,0,0,0,0,0,0,0,0,0,0,0,0,0,0,0,0,0,0,0,0,0,0,0,0,0,0,0,0,0,0,0,0,17,83.33,88.4,73,101,4972,21,0.0,0,38,84,65,14.0,25.5
92700,13.3,25.6,0.000,3.200,41.6,214,12.89,0.00,0,0,0,0,0.00,0,0,10.94,2000,0,0,0,0,0,0,0,0,0,0,0,0,0,0,0,0,0,0,0,0,0,0,0,0,0,0,0,0,0,0,0,0,0,0,0,0,0,0,0,0,0,0,0,0,0,0,0,0,0,0,0,0,0,0,0,0,0,0,0,0,0,0,0,0,0,0,0,0,0,0,0,0,0,0,17,83.33,88.4,73,101,4953,21,0.0,0,38,84,64,14.0,25.5
92800,13.3,25.6,0.000,3.200,41.6,214,12.89,0.00,0,0,0,0,0.00,0,0,10.94,2000,0,0,0,0,0,0,0,0,0,0,0,0,0,0,0,0,0,0,0,0,0,0,0,0,0,0,0,0,0,0,0,0,0,0,0,0,0,0,0,0,0,0,0,0,0,0,0,0,0,0,0,0,0,0,0,0,0,0,0,0,0,0,0,0,0,0,0,0,0,0,0,0,0,0,17,83.33,89.0,63,101,4953,21,0.0,0,38,84,64,14.0,25.5
92900,13.3,25.6,0.000,3.228,42.0,214,13.28,0.00,0,0,0,0,0.00,0,0,10.94,2000,0,0,0,0,0,0,0,0,0,0,0,0,0,0,0,0,0,0,0,0,0,0,0,0,0,0,0,0,0,0,0,0,0,0,0,0,0,0,0,0,0,0,0,0,0,0,0,0,0,0,0,0,0,0,0,0,0,0,0,0,0,0,0,0,0,0,0,0,0,0,0,0,0,0,17,83.33,89.0,63,101,4914,20,0.0,0,38,84,63,14.0,25.5
93000,13.3,25.6,0.000,3.228,42.0,214,12.89,0.00,0,0,0,0,0.00,0,0,10.94,2000,0,0,0,0,0,0,0,0,0,0,0,0,0,0,0,0,0,0,0,0,0,0,0,0,0,0,0,0,0,0,0,0,0,0,0,0,0,0,0,0,0,0,0,0,0,0,0,0,0,0,0,0,0,0,0,0,0,0,0,0,0,0,0,0,0,0,0,0,0,0,0,0,0,0,17,83.33,89.0,63,101,4914,20,0.0,0,38,84,63,14.0,25.5
93100,13.3,25.6,0.000,3.228,42.0,214,12.89,0.00,0,0,0,0,0.00,0,0,10.94,2000,0,0,0,0,0,0,0,0,0,0,0,0,0,0,0,0,0,0,0,0,0,0,0,0,0,0,0,0,0,0,0,0,0,0,0,0,0,0,0,0,0,0,0,0,0,0,0,0,0,0,0,0,0,0,0,0,0,0,0,0,0,0,0,0,0,0,0,0,0,0,0,0,0,0,18,88.24,89.0,63,101,4885,20,0.0,0,38,84,63,14.0,25.5
93200,13.3,25.6,0.000,3.228,42.0,214,12.89,0.00,0,0,0,0,0.00,0,0,10.94,2000,0,0,0,0,0,0,0,0,0,0,0,0,0,0,0,0,0,0,0,0,0,0,0,0,0,0,0,0,0,0,0,0,0,0,0,0,0,0,0,0,0,0,0,0,0,0,0,0,0,0,0,0,0,0,0,0,0,0,0,0,0,0,0,0,0,0,0,0,0,0,0,0,0,0,17,83.33,89.0,63,101,4855,20,0.0,0,38,84,62,14.0,25.5
93300,13.3,25.6,0.000,3.214,42.0,213,12.89,0.00,0,0,0,0,0.00,0,0,10.94,2000,0,0,0,0,0,0,0,0,0,0,0,0,0,0,0,0,0,0,0,0,0,0,0,0,0,0,0,0,0,0,0,0,0,0,0,0,0,0,0,0,0,0,0,0,0,0,0,0,0,0,0,0,0,0,0,0,0,0,0,0,0,0,0,0,0,0,0,0,0,0,0,0,0,0,17,83.33,89.0,63,101,4855,20,0.0,0,38,84,62,14.0,25.5
93400,13.3,25.6,0.000,3.255,42.3,213,12.89,0.00,0,0,0,0,0.00,0,0,10.94,2000,0,0,0,0,0,0,0,0,0,0,0,0,0,0,0,0,0,0,0,0,0,0,0,0,0,0,0,0,0,0,0,0,0,0,0,0,0,0,0,0,0,0,0,0,0,0,0,0,0,0,0,0,0,0,0,0,0,0,0,0,0,0,0,0,0,0,0,0,0,0,0,0,0,0,17,83.33,89.0,63,101,4805,19,0.0,0,38,84,61,13.9,25.5
93500,13.3,25.6,0.000,3.255,42.3,213,12.89,0.00,0,0,0,0,0.00,0,0,10.94,2000,0,0,0,0,0,0,0,0,0,0,0,0,0,0,0,0,0,0,0,0,0,0,0,0,0,0,0,0,0,0,0,0,0,0,0,0,0,0,0,0,0,0,0,0,0,0,0,0,0,0,0,0,0,0,0,0,0,0,0,0,0,0,0,0,0,0,0,0,0,0,0,0,0,0,18,88.24,89.0,63,101,4764,19,0.0,0,38,83,58,13.9,25.5
93600,13.3,25.6,0.000,3.255,42.3,213,12.89,0.00,0,0,0,0,0.00,0,0,10.94,2000,0,0,0,0,0,0,0,0,0,0,0,0,0,0,0,0,0,0,0,0,0,0,0,0,0,0,0,0,0,0,0,0,0,0,0,0,0,0,0,0,0,0,0,0,0,0,0,0,0,0,0,0,0,0,0,0,0,0,0,0,0,0,0,0,0,0,0,0,0,0,0,0,0,0,17,83.33,89.0,63,101,4700,19,0.0,0,38,83,57,13.9,25.5
93700,13.3,25.6,0.000,3.269,42.7,212,12.50,0.00,0,0,0,0,0.00,0,0,10.94,2000,0,0,0,0,0,0,0,0,0,0,0,0,0,0,0,0,0,0,0,0,0,0,0,0,0,0,0,0,0,0,0,0,0,0,0,0,0,0,0,0,0,0,0,0,0,0,0,0,0,0,0,0,0,0,0,0,0,0,0,0,0,0,0,0,0,0,0,0,0,0,0,0,0,0,17,83.33,89.0,63,101,4688,19,0.0,0,38,83,57,13.9,25.5
93800,13.3,25.6,0.000,3.269,42.7,212,12.50,0.00,0,0,0,0,0.00,0,0,10.94,2000,0,0,0,0,0,0,0,0,0,0,0,0,0,0,0,0,0,0,0,0,0,0,0,0,0,0,0,0,0,0,0,0,0,0,0,0,0,0,0,0,0,0,0,0,0,0,0,0,0,0,0,0,0,0,0,0,0,0,0,0,0,0,0,0,0,0,0,0,0,0,0,0,0,0,17,83.33,89.5,57,101,4688,19,0.0,0,38,83,57,13.9,25.5
93900,13.3,25.6,0.000,3.255,42.7,212,12.50,0.00,0,0,0,0,0.00,0,0,10.94,2000,0,0,0,0,0,0,0,0,0,0,0,0,0,0,0,0,0,0,0,0,0,0,0,0,0,0,0,0,0,0,0,0,0,0,0,0,0,0,0,0,0,0,0,0,0,0,0,0,0,0,0,0,0,0,0,0,0,0,0,0,0,0,0,0,0,0,0,0,0,0,0,0,0,0,18,88.24,89.5,57,101,4631,19,0.0,0,38,82,55,14.0,25.5
94000,13.3,25.6,0.000,3.255,42.7,212,12.50,0.00,0,0,0,0,0.00,0,0,10.94,2000,0,0,0,0,0,0,0,0,0,0,0,0,0,0,0,0,0,0,0,0,0,0,0,0,0,0,0,0,0,0,0,0,0,0,0,0,0,0,0,0,0,0,0,0,0,0,0,0,0,0,0,0,0,0,0,0,0,0,0,0,0,0,0,0,0,0,0,0,0,0,0,0,0,0,18,88.24,89.5,57,101,4631,19,0.0,0,38,82,55,14.0,25.5
94100,13.3,25.6,0.000,3.255,42.7,212,12.50,0.00,0,0,0,0,0.00,0,0,10.94,2000,0,0,0,0,0,0,0,0,0,0,0,0,0,0,0,0,0,0,0,0,0,0,0,0,0,0,0,0,0,0,0,0,0,0,0,0,0,0,0,0,0,0,0,0,0,0,0,0,0,0,0,0,0,0,0,0,0,0,0,0,0,0,0,0,0,0,0,0,0,0,0,0,0,0,17,83.33,89.5,57,101,4616,19,0.0,0,38,82,55,14.0,25.5
94200,13.3,25.6,0.000,3.255,42.7,212,12.50,0.00,0,0,0,0,0.00,0,0,10.94,2000,1,0,0,0,0,0,0,0,0,0,0,0,0,0,0,0,0,0,0,0,0,0,0,0,0,0,0,0,0,0,0,0,0,0,0,0,0,0,0,0,0,0,0,0,0,0,0,0,0,0,0,0,0,0,0,0,0,0,0,0,0,0,0,0,0,0,0,0,0,0,0,0,0,0,18,88.24,89.5,57,101,4845,30,24.7,42,38,82,54,13.9,25.5
94300,13.3,25.6,0.062,0.000,68.5,294,1.17,0.00,0,0,0,0,0.00,0,0,10.94,2000,1,0,0,0,0,0,0,0,0,0,0,0,0,0,0,0,0,0,0,0,0,0,0,0,0,0,0,0,0,0,0,0,0,0,0,0,0,0,0,0,0,0,0,0,0,0,0,0,0,0,0,0,0,0,0,0,0,0,0,0,0,0,0,0,0,0,0,0,0,0,0,0,0,0,17,83.33,89.5,57,100,5242,30,32.2,55,38,81,55,13.9,25.5
94400,13.3,25.6,0.062,0.000,68.5,294,1.17,0.00,0,0,0,0,0.00,0,0,10.94,2000,1,0,0,0,0,0,0,0,0,0,0,0,0,0,0,0,0,0,0,0,0,0,0,0,0,0,0,0,0,0,0,0,0,0,0,0,0,0,0,0,0,0,0,0,0,0,0,0,0,0,0,0,0,0,0,0,0,0,0,0,0,0,0,0,0,0,0,0,0,0,0,0,0,0,17,83.33,89.5,57,100,5242,30,32.2,55,38,81,55,13.9,25.5
94500,13.3,25.6,0.016,7.289,68.1,295,33.59,0.00,0,0,0,0,0.00,0,0,10.94,2000,1,0,0,0,0,0,0,0,0,0,0,0,0,0,0,0,0,0,0,0,0,0,0,0,0,0,0,0,0,0,0,0,0,0,0,0,0,0,0,0,0,0,0,0,0,0,0,0,0,0,0,0,0,0,0,0,0,0,0,0,0,0,0,0,0,0,0,0,0,0,0,0,0,0,17,83.33,89.5,57,100,5574,34,33.3,57,38,81,54,13.9,25.5
94600,13.3,25.6,0.000,7.019,67.7,297,33.98,0.00,0,0,0,0,0.00,0,0,10.94,2000,1,0,0,0,0,0,0,0,0,0,0,0,0,0,0,0,0,0,0,0,0,0,0,0,0,0,0,0,0,0,0,0,0,0,0,0,0,0,0,0,0,0,0,0,0,0,0,0,0,0,0,0,0,0,0,0,0,0,0,0,0,0,0,0,0,0,0,0,0,0,0,0,0,0,17,83.33,89.5,57,100,5891,35,34.1,58,38,80,54,13.9,25.5
94700,13.3,25.6,0.000,7.002,67.3,297,34.77,0.00,0,0,0,0,0.00,0,0,10.94,2000,1,0,0,0,0,0,0,0,0,0,0,0,0,0,0,0,0,0,0,0,0,0,0,0,0,0,0,0,0,0,0,0,0,0,0,0,0,0,0,0,0,0,0,0,0,0,0,0,0,0,0,0,0,0,0,0,0,0,0,0,0,0,0,0,0,0,0,0,0,0,0,0,0,0,17,83.33,89.5,57,100,5968,35,34.1,58,38,80,54,13.9,25.5
94800,13.3,25.6,0.000,7.002,67.3,297,34.77,0.00,0,0,0,0,0.00,0,0,10.94,2000,1,0,0,0,0,0,0,0,0,0,0,0,0,0,0,0,0,0,0,0,0,0,0,0,0,0,0,0,0,0,0,0,0,0,0,0,0,0,0,0,0,0,0,0,0,0,0,0,0,0,0,0,0,0,0,0,0,0,0,0,0,0,0,0,0,0,0,0,0,0,0,0,0,0,17,83.33,89.8,52,100,5968,35,34.1,58,38,80,54,13.9,25.5
94900,13.3,25.6,0.000,7.009,66.6,301,35.94,0.00,0,0,0,0,0.00,0,0,10.94,2000,1,0,0,0,0,0,0,0,0,0,0,0,0,0,0,0,0,0,0,0,0,0,0,0,0,0,0,0,0,0,0,0,0,0,0,0,0,0,0,0,0,0,0,0,0,0,0,0,0,0,0,0,0,0,0,0,0,0,0,0,0,0,0,0,0,0,0,0,0,0,0,0,0,0,17,83.33,89.8,52,100,6200,35,34.1,58,38,80,54,13.9,25.5
95000,13.3,25.6,0.000,7.009,66.6,301,35.94,0.00,0,0,0,0,0.00,0,0,10.94,2000,1,0,0,0,0,0,0,0,0,0,0,0,0,0,0,0,0,0,0,0,0,0,0,0,0,0,0,0,0,0,0,0,0,0,0,0,0,0,0,0,0,0,0,0,0,0,0,0,0,0,0,0,0,0,0,0,0,0,0,0,0,0,0,0,0,0,0,0,0,0,0,0,0,0,17,83.33,89.8,52,100,6200,35,34.1,58,38,80,54,13.9,25.5
95100,13.3,25.6,0.000,6.995,66.6,302,36.33,0.00,0,0,0,0,0.00,0,0,10.94,2000,1,0,0,0,0,0,0,0,0,0,0,0,0,0,0,0,0,0,0,0,0,0,0,0,0,0,0,0,0,0,0,0,0,0,0,0,0,0,0,0,0,0,0,0,0,0,0,0,0,0,0,0,0,0,0,0,0,0,0,0,0,0,0,0,0,0,0,0,0,0,0,0,0,0,17,83.33,89.8,52,100,6238,35,34.1,58,38,79,54,13.9,25.5
95200,13.3,25.6,0.000,6.262,60.7,292,32.03,0.00,0,0,0,0,0.00,0,0,10.94,2000,1,0,0,0,0,0,0,0,0,0,0,0,0,0,0,0,0,0,0,0,0,0,0,0,0,0,0,0,0,0,0,0,0,0,0,0,0,0,0,0,0,0,0,0,0,0,0,0,0,0,0,0,0,0,0,0,0,0,0,0,0,0,0,0,0,0,0,0,0,0,0,0,0,0,17,83.33,89.8,52,100,6214,35,24.7,42,38,79,54,13.9,25.5
95300,13.3,25.6,0.000,5.504,53.3,277,27.73,0.00,0,0,0,0,0.00,0,0,10.94,2000,1,0,0,0,0,0,0,0,0,0,0,0,0,0,0,0,0,0,0,0,0,0,0,0,0,0,0,0,0,0,0,0,0,0,0,0,0,0,0,0,0,0,0,0,0,0,0,0,0,0,0,0,0,0,0,0,0,0,0,0,0,0,0,0,0,0,0,0,0,0,0,0,0,0,17,83.33,89.8,52,100,6096,35,14.5,25,38,79,55,13.9,25.5
95400,13.3,25.6,0.000,5.504,53.3,277,27.73,0.00,0,0,0,0,0.00,0,0,10.94,2000,1,0,0,0,0,0,0,0,0,0,0,0,0,0,0,0,0,0,0,0,0,0,0,0,0,0,0,0,0,0,0,0,0,0,0,0,0,0,0,0,0,0,0,0,0,0,0,0,0,0,0,0,0,0,0,0,0,0,0,0,0,0,0,0,0,0,0,0,0,0,0,0,0,0,17,83.33,89.8,52,100,6096,35,14.5,25,38,79,55,13.9,25.5
95500,13.3,25.6,0.000,4.677,51.7,258,23.05,0.00,0,0,0,0,0.00,0,0,10.94,2000,1,0,0,0,0,0,0,0,0,0,0,0,0,0,0,0,0,0,0,0,0,0,0,0,0,0,0,0,0,0,0,0,0,0,0,0,0,0,0,0,0,0,0,0,0,0,0,0,0,0,0,0,0,0,0,0,0,0,0,0,0,0,0,0,0,0,0,0,0,0,0,0,0,0,18,88.24,89.8,52,100,5943,35,12.9,22,38,79,55,13.9,25.5
95600,13.3,25.6,0.000,5.002,53.3,266,24.22,0.00,0,0,0,0,0.00,0,0,10.94,2000,1,0,0,0,0,0,0,0,0,0,0,0,0,0,0,0,0,0,0,0,0,0,0,0,0,0,0,0,0,0,0,0,0,0,0,0,0,0,0,0,0,0,0,0,0,0,0,0,0,0,0,0,0,0,0,0,0,0,0,0,0,0,0,0,0,0,0,0,0,0,0,0,0,0,17,83.33,89.8,52,100,5835,35,14.1,24,38,79,55,14.0,25.5
95700,13.3,25.6,0.000,5.051,53.7,266,24.22,0.00,0,0,0,0,0.00,0,0,10.94,2000,1,0,0,0,0,0,0,0,0,0,0,0,0,0,0,0,0,0,0,0,0,0,0,0,0,0,0,0,0,0,0,0,0,0,0,0,0,0,0,0,0,0,0,0,0,0,0,0,0,0,0,0,0,0,0,0,0,0,0,0,0,0,0,0,0,0,0,0,0,0,0,0,0,0,16,78.43,89.8,52,100,5831,35,14.1,24,38,78,56,13.9,25.5
95800,13.3,25.6,0.000,5.037,53.7,266,24.22,0.00,0,0,0,0,0.00,0,0,10.94,2000,1,0,0,0,0,0,0,0,0,0,0,0,0,0,0,0,0,0,0,0,0,0,0,0,0,0,0,0,0,0,0,0,0,0,0,0,0,0,0,0,0,0,0,0,0,0,0,0,0,0,0,0,0,0,0,0,0,0,0,0,0,0,0,0,0,0,0,0,0,0,0,0,0,0,18,88.24,90.7,48,100,5816,35,14.1,24,38,78,55,13.9,25.5
95900,13.3,25.6,0.000,5.051,53.7,266,24.22,0.00,0,0,0,0,0.00,0,0,10.94,2000,1,0,0,0,0,0,0,0,0,0,0,0,0,0,0,0,0,0,0,0,0,0,0,0,0,0,0,0,0,0,0,0,0,0,0,0,0,0,0,0,0,0,0,0,0,0,0,0,0,0,0,0,0,0,0,0,0,0,0,0,0,0,0,0,0,0,0,0,0,0,0,0,0,0,17,83.33,90.7,48,100,5812,35,14.1,24,38,78,55,13.9,25.5
96000,13.3,25.6,0.055,6.466,61.1,287,31.25,0.00,0,0,0,0,0.00,0,0,10.94,2000,1,0,0,0,0,0,0,0,0,0,0,0,0,0,0,0,0,0,0,0,0,0,0,0,0,0,0,0,0,0,0,0,0,0,0,0,0,0,0,0,0,0,0,0,0,0,0,0,0,0,0,0,0,0,0,0,0,0,0,0,0,0,0,0,0,0,0,0,0,0,0,0,0,0,17,83.33,90.7,48,100,5808,35,23.5,40,38,78,55,13.9,25.5
96100,13.3,25.6,0.047,6.967,64.6,294,34.38,0.00,0,0,0,0,0.00,0,0,10.94,2000,1,0,0,0,0,0,0,0,0,0,0,0,0,0,0,0,0,0,0,0,0,0,0,0,0,0,0,0,0,0,0,0,0,0,0,0,0,0,0,0,0,0,0,0,0,0,0,0,0,0,0,0,0,0,0,0,0,0,0,0,0,0,0,0,0,0,0,0,0,0,0,0,0,0,19,93.14,90.7,48,100,5945,35,29.8,51,38,78,55,13.9,25.5
96200,13.3,25.6,0.047,6.967,64.6,294,34.38,0.00,0,0,0,0,0.00,0,0,10.94,2000,1,0,0,0,0,0,0,0,0,0,0,0,0,0,0,0,0,0,0,0,0,0,0,0,0,0,0,0,0,0,0,0,0,0,0,0,0,0,0,0,0,0,0,0,0,0,0,0,0,0,0,0,0,0,0,0,0,0,0,0,0,0,0,0,0,0,0,0,0,0,0,0,0,0,19,93.14,90.7,48,100,5945,35,29.8,51,38,78,55,13.9,25.5
96300,13.3,25.6,0.094,9.960,85.7,304,52.34,0.00,0,0,0,0,0.00,0,0,10.94,2000,1,0,0,0,0,0,0,0,0,0,0,0,0,0,0,0,0,0,0,0,0,0,0,0,0,0,0,0,0,0,0,0,0,0,0,0,0,0,0,0,0,0,0,0,0,0,0,0,0,0,0,0,0,0,0,0,0,0,0,0,0,0,0,0,0,0,0,0,0,0,0,0,0,0,17,83.33,90.7,48,100,6409,35,73.3,125,38,77,56,13.8,25.5
96400,13.3,25.6,0.094,9.960,85.7,304,52.34,0.00,0,0,0,0,0.00,0,0,10.94,2000,1,0,0,0,0,0,0,0,0,0,0,0,0,0,0,0,0,0,0,0,0,0,0,0,0,0,0,0,0,0,0,0,0,0,0,0,0,0,0,0,0,0,0,0,0,0,0,0,0,0,0,0,0,0,0,0,0,0,0,0,0,0,0,0,0,0,0,0,0,0,0,0,0,0,17,83.33,90.7,48,100,6409,35,73.3,125,38,77,56,13.8,25.5
96500,13.3,25.6,0.094,9.960,85.7,304,52.34,0.00,0,0,0,0,0.00,0,0,10.94,2000,1,0,0,0,0,0,0,0,0,0,0,0,0,0,0,0,0,0,0,0,0,0,0,0,0,0,0,0,0,0,0,0,0,0,0,0,0,0,0,0,0,0,0,0,0,0,0,0,0,0,0,0,0,0,0,0,0,0,0,0,0,0,0,0,0,0,0,0,0,0,0,0,0,0,17,83.33,90.7,48,100,6409,35,73.3,125,38,77,56,13.8,25.5
96600,13.3,25.6,0.000,9.289,84.9,308,51.95,0.00,0,0,0,0,0.00,0,0,10.94,2000,1,0,0,0,0,0,0,0,0,0,0,0,0,0,0,0,0,0,0,0,0,0,0,0,0,0,0,0,0,0,0,0,0,0,0,0,0,0,0,0,0,0,0,0,0,0,0,0,0,0,0,0,0,0,0,0,0,0,0,0,0,0,0,0,0,0,0,0,0,0,0,0,0,0,18,88.24,90.7,48,100,6751,35,78.0,133,38,77,57,13.8,25.5
96700,13.3,25.6,0.000,9.289,84.9,308,51.95,0.00,0,0,0,0,0.00,0,0,10.94,2000,1,0,0,0,0,0,0,0,0,0,0,0,0,0,0,0,0,0,0,0,0,0,0,0,0,0,0,0,0,0,0,0,0,0,0,0,0,0,0,0,0,0,0,0,0,0,0,0,0,0,0,0,0,0,0,0,0,0,0,0,0,0,0,0,0,0,0,0,0,0,0,0,0,0,18,88.24,90.7,48,100,6751,35,78.0,133,38,77,57,13.8,25.5
96800,13.3,25.6,0.000,9.341,85.3,307,52.73,0.00,0,0,0,0,0.00,0,0,10.94,2016,1,0,0,0,0,0,0,0,0,0,0,0,0,0,0,0,0,0,0,0,0,0,0,0,0,0,0,0,0,0,0,0,0,0,0,0,0,0,0,0,0,0,0,0,0,0,0,0,0,0,0,0,0,0,0,0,0,0,0,0,0,0,0,0,0,0,0,0,0,0,0,0,0,0,20,98.04,91.1,49,100,6804,35,81.6,139,38,76,59,13.5,25.5
96900,13.3,25.6,0.000,9.313,85.7,306,53.12,0.00,0,0,0,0,0.00,0,0,10.94,2016,1,0,0,0,0,0,0,0,0,0,0,0,0,0,0,0,0,0,0,0,0,0,0,0,0,0,0,0,0,0,0,0,0,0,0,0,0,0,0,0,0,0,0,0,0,0,0,0,0,0,0,0,0,0,0,0,0,0,0,0,0,0,0,0,0,0,0,0,0,0,0,0,0,0,20,98.04,91.1,49,100,6890,35,82.4,140,38,76,60,13.5,25.5
97000,13.3,25.6,0.000,9.313,85.7,306,53.12,0.00,0,0,0,0,0.00,0,0,10.94,2016,1,0,0,0,0,0,0,0,0,0,0,0,0,0,0,0,0,0,0,0,0,0,0,0,0,0,0,0,0,0,0,0,0,0,0,0,0,0,0,0,0,0,0,0,0,0,0,0,0,0,0,0,0,0,0,0,0,0,0,0,0,0,0,0,0,0,0,0,0,0,0,0,0,0,18,88.24,91.1,49,100,6912,35,82.4,140,38,76,60,13.7,25.5
97100,13.3,25.6,0.070,9.271,85.7,306,53.52,0.00,0,0,0,0,0.00,0,0,10.94,2016,1,0,0,0,0,0,0,0,0,0,0,0,0,0,0,0,0,0,0,0,0,0,0,0,0,0,0,0,0,0,0,0,0,0,0,0,0,0,0,0,0,0,0,0,0,0,0,0,0,0,0,0,0,0,0,0,0,0,0,0,0,0,0,0,0,0,0,0,0,0,0,0,0,0,18,88.24,91.1,49,100,6956,35,85.1,145,38,76,60,13.8,25.5
97200,13.3,25.6,0.070,9.271,85.7,306,53.52,0.00,0,0,0,0,0.00,0,0,10.94,2016,1,0,0,0,0,0,0,0,0,0,0,0,0,0,0,0,0,0,0,0,0,0,0,0,0,0,0,0,0,0,0,0,0,0,0,0,0,0,0,0,0,0,0,0,0,0,0,0,0,0,0,0,0,0,0,0,0,0,0,0,0,0,0,0,0,0,0,0,0,0,0,0,0,0,18,88.24,91.1,49,100,6956,35,85.1,145,38,76,60,13.8,25.5
97300,12.7,25.6,0.078,10.247,86.9,295,58.98,0.00,0,1,0,0,0.00,0,0,10.94,2016,1,0,0,0,0,0,0,0,0,0,0,0,0,0,0,0,0,0,0,0,0,0,0,0,0,0,0,0,0,0,0,0,0,0,0,0,0,0,0,0,0,0,0,0,0,0,0,0,0,0,0,0,0,0,0,0,0,0,0,0,0,0,0,0,0,0,0,0,0,0,0,0,0,0,17,83.33,91.1,49,100,6976,35,100.0,170,38,76,60,13.8,25.5
97400,12.7,25.6,0.031,10.026,86.9,294,57.81,0.00,0,1,0,0,0.00,0,0,10.94,2016,1,0,0,0,0,0,0,0,0,0,0,0,0,0,0,0,0,0,0,0,0,0,0,0,0,0,0,0,0,0,0,0,0,0,0,0,0,0,0,0,0,0,0,0,0,0,0,0,0,0,0,0,0,0,0,0,0,0,0,0,0,0,0,0,0,0,0,0,0,0,0,0,0,0,20,98.04,91.1,49,100,6943,35,100.0,170,38,76,63,13.5,25.5
97500,12.7,25.6,0.008,9.825,86.9,294,56.64,0.00,0,1,0,0,0.00,0,0,10.94,2016,1,0,0,0,0,0,0,0,0,0,0,0,0,0,0,0,0,0,0,0,0,0,0,0,0,0,0,0,0,0,0,0,0,0,0,0,0,0,0,0,0,0,0,0,0,0,0,0,0,0,0,0,0,0,0,0,0,0,0,0,0,0,0,0,0,0,0,0,0,0,0,0,0,0,20,98.04,91.1,49,100,6979,35,100.0,170,38,76,63,13.5,25.5
97600,12.7,25.6,0.000,9.538,86.9,294,55.08,0.00,0,1,0,0,0.00,0,0,10.94,2016,1,0,0,0,0,0,0,0,0,0,0,0,0,0,0,0,0,0,0,0,0,0,0,0,0,0,0,0,0,0,0,0,0,0,0,0,0,0,0,0,0,0,0,0,0,0,0,0,0,0,0,0,0,0,0,0,0,0,0,0,0,0,0,0,0,0,0,0,0,0,0,0,0,0,20,98.04,91.1,49,100,6956,35,100.0,170,38,76,63,13.4,25.5
97700,12.7,25.6,0.000,9.434,86.9,292,54.69,0.00,0,1,0,0,0.00,0,0,10.94,2016,1,0,0,0,0,0,0,0,0,0,0,0,0,0,0,0,0,0,0,0,0,0,0,0,0,0,0,0,0,0,0,0,0,0,0,0,0,0,0,0,0,0,0,0,0,0,0,0,0,0,0,0,0,0,0,0,0,0,0,0,0,0,0,0,0,0,0,0,0,0,0,0,0,0,18,88.24,91.1,49,100,7013,35,100.0,170,38,76,64,13.8,25.5
97800,12.7,25.6,0.000,9.434,86.9,292,54.69,0.00,0,1,0,0,0.00,0,0,10.94,2016,1,0,0,0,0,0,0,0,0,0,0,0,0,0,0,0,0,0,0,0,0,0,0,0,0,0,0,0,0,0,0,0,0,0,0,0,0,0,0,0,0,0,0,0,0,0,0,0,0,0,0,0,0,0,0,0,0,0,0,0,0,0,0,0,0,0,0,0,0,0,0,0,0,0,18,88.24,91.3,50,100,7013,35,100.0,170,38,76,64,13.8,25.5
97900,12.7,25.6,0.000,9.403,86.9,291,55.08,0.00,0,1,0,0,0.00,0,0,10.94,2016,1,0,0,0,0,0,0,0,0,0,0,0,0,0,0,0,0,0,0,0,0,0,0,0,0,0,0,0,0,0,0,0,0,0,0,0,0,0,0,0,0,0,0,0,0,0,0,0,0,0,0,0,0,0,0,0,0,0,0,0,0,0,0,0,0,0,0,0,0,0,0,0,0,0,18,88.24,91.3,50,100,7053,35,100.0,170,38,76,63,13.8,25.5
98000,12.7,25.6,0.000,9.372,86.9,290,55.08,0.00,0,1,0,0,0.00,0,0,10.94,2016,1,0,0,0,0,0,0,0,0,0,0,0,0,0,0,0,0,0,0,0,0,0,0,0,0,0,0,0,0,0,0,0,0,0,0,0,0,0,0,0,0,0,0,0,0,0,0,0,0,0,0,0,0,0,0,0,0,0,0,0,0,0,0,0,0,0,0,0,0,0,0,0,0,0,20,98.04,91.3,50,100,7093,35,100.0,170,38,76,66,13.5,25.5
98100,12.7,25.6,0.000,9.382,86.9,289,55.08,0.00,0,1,0,0,0.00,0,0,10.94,2016,1,0,0,0,0,0,0,0,0,0,0,0,0,0,0,0,0,0,0,0,0,0,0,0,0,0,0,0,0,0,0,0,0,0,0,0,0,0,0,0,0,0,0,0,0,0,0,0,0,0,0,0,0,0,0,0,0,0,0,0,0,0,0,0,0,0,0,0,0,0,0,0,0,0,20,98.04,91.3,50,100,7093,35,100.0,170,38,76,66,13.5,25.5
98200,12.7,25.6,0.000,9.351,86.9,288,55.08,0.00,0,1,0,0,0.00,0,0,10.94,2016,1,0,0,0,0,0,0,0,0,0,0,0,0,0,0,0,0,0,0,0,0,0,0,0,0,0,0,0,0,0,0,0,0,0,0,0,0,0,0,0,0,0,0,0,0,0,0,0,0,0,0,0,0,0,0,0,0,0,0,0,0,0,0,0,0,0,0,0,0,0,0,0,0,0,21,102.94,91.3,50,100,7108,35,98.0,167,38,76,65,13.5,25.5
98300,12.7,25.6,0.000,9.351,86.9,288,55.08,0.00,0,1,0,0,0.00,0,0,10.94,2016,1,0,0,0,0,0,0,0,0,0,0,0,0,0,0,0,0,0,0,0,0,0,0,0,0,0,0,0,0,0,0,0,0,0,0,0,0,0,0,0,0,0,0,0,0,0,0,0,0,0,0,0,0,0,0,0,0,0,0,0,0,0,0,0,0,0,0,0,0,0,0,0,0,0,19,93.14,91.3,50,100,7108,35,97.6,166,38,76,65,13.8,25.5
98400,12.7,25.6,0.000,9.341,86.9,289,55.08,0.00,0,1,0,0,0.00,0,0,10.94,2016,1,0,0,0,0,0,0,0,0,0,0,0,0,0,0,0,0,0,0,0,0,0,0,0,0,0,0,0,0,0,0,0,0,0,0,0,0,0,0,0,0,0,0,0,0,0,0,0,0,0,0,0,0,0,0,0,0,0,0,0,0,0,0,0,0,0,0,0,0,0,0,0,0,0,18,88.24,91.3,50,100,7108,35,96.9,165,38,76,67,13.9,25.5
98500,12.7,25.6,0.000,9.309,86.9,288,55.08,0.00,0,1,0,0,0.00,0,0,10.94,2016,1,0,0,0,0,0,0,0,0,0,0,0,0,0,0,0,0,0,0,0,0,0,0,0,0,0,0,0,0,0,0,0,0,0,0,0,0,0,0,0,0,0,0,0,0,0,0,0,0,0,0,0,0,0,0,0,0,0,0,0,0,0,0,0,0,0,0,0,0,0,0,0,0,0,18,88.24,91.3,50,100,7108,35,96.9,165,38,76,67,13.9,25.5
98600,12.7,25.6,0.000,9.309,86.9,288,55.08,0.00,0,1,0,0,0.00,0,0,10.94,2016,1,0,0,0,0,0,0,0,0,0,0,0,0,0,0,0,0,0,0,0,0,0,0,0,0,0,0,0,0,0,0,0,0,0,0,0,0,0,0,0,0,0,0,0,0,0,0,0,0,0,0,0,0,0,0,0,0,0,0,0,0,0,0,0,0,0,0,0,0,0,0,0,0,0,19,93.14,91.3,50,100,7137,35,96.9,165,38,76,68,13.9,25.5
98700,12.7,25.6,0.000,9.247,86.9,286,54.69,0.00,0,1,0,0,0.00,0,0,10.94,2016,1,0,0,0,0,0,0,0,0,0,0,0,0,0,0,0,0,0,0,0,0,0,0,0,0,0,0,0,0,0,0,0,0,0,0,0,0,0,0,0,0,0,0,0,0,0,0,0,0,0,0,0,0,0,0,0,0,0,0,0,0,0,0,0,0,0,0,0,0,0,0,0,0,0,18,88.24,91.3,50,100,7140,35,96.9,165,38,76,67,13.9,25.5
98800,12.7,25.6,0.000,9.216,86.9,285,54.69,0.00,0,1,0,0,0.00,0,0,10.94,2016,1,0,0,0,0,0,0,0,0,0,0,0,0,0,0,0,0,0,0,0,0,0,0,0,0,0,0,0,0,0,0,0,0,0,0,0,0,0,0,0,0,0,0,0,0,0,0,0,0,0,0,0,0,0,0,0,0,0,0,0,0,0,0,0,0,0,0,0,0,0,0,0,0,0,19,93.14,91.7,55,100,7157,35,96.9,165,38,76,68,13.9,25.5
98900,12.7,25.6,0.000,9.216,86.9,285,54.69,0.00,0,1,0,0,0.00,0,0,10.94,2016,1,0,0,0,0,0,0,0,0,0,0,0,0,0,0,0,0,0,0,0,0,0,0,0,0,0,0,0,0,0,0,0,0,0,0,0,0,0,0,0,0,0,0,0,0,0,0,0,0,0,0,0,0,0,0,0,0,0,0,0,0,0,0,0,0,0,0,0,0,0,0,0,0,0,18,88.24,91.7,55,100,7166,35,96.5,164,38,76,69,13.8,25.5
99000,12.7,25.6,0.000,9.216,86.9,285,54.69,0.00,0,1,0,0,0.00,0,0,10.94,2016,1,0,0,0,0,0,0,0,0,0,0,0,0,0,0,0,0,0,0,0,0,0,0,0,0,0,0,0,0,0,0,0,0,0,0,0,0,0,0,0,0,0,0,0,0,0,0,0,0,0,0,0,0,0,0,0,0,0,0,0,0,0,0,0,0,0,0,0,0,0,0,0,0,0,18,88.24,91.7,55,100,7166,35,96.5,164,38,76,69,13.8,25.5
99100,12.7,25.6,0.000,9.185,86.9,284,54.69,0.00,0,1,0,0,0.00,0,0,10.94,2016,1,0,0,0,0,0,0,0,0,0,0,0,0,0,0,0,0,0,0,0,0,0,0,0,0,0,0,0,0,0,0,0,0,0,0,0,0,0,0,0,0,0,0,0,0,0,0,0,0,0,0,0,0,0,0,0,0,0,0,0,0,0,0,0,0,0,0,0,0,0,0,0,0,0,18,88.24,91.7,55,100,7214,35,96.5,164,38,76,70,13.9,25.5
99200,12.7,25.6,0.000,9.185,86.9,284,54.69,0.00,0,1,0,0,0.00,0,0,10.94,2016,1,0,0,0,0,0,0,0,0,0,0,0,0,0,0,0,0,0,0,0,0,0,0,0,0,0,0,0,0,0,0,0,0,0,0,0,0,0,0,0,0,0,0,0,0,0,0,0,0,0,0,0,0,0,0,0,0,0,0,0,0,0,0,0,0,0,0,0,0,0,0,0,0,0,18,88.24,91.7,55,100,7214,35,96.5,164,38,76,70,13.9,25.5
99300,12.7,25.6,0.000,9.216,86.9,285,55.08,0.00,0,1,0,0,0.00,0,0,10.94,2016,1,0,0,0,0,0,0,0,0,0,0,0,0,0,0,0,0,0,0,0,0,0,0,0,0,0,0,0,0,0,0,0,0,0,0,0,0,0,0,0,0,0,0,0,0,0,0,0,0,0,0,0,0,0,0,0,0,0,0,0,0,0,0,0,0,0,0,0,0,0,0,0,0,0,18,88.24,91.7,55,100,7229,35,95.3,162,38,76,70,13.9,25.5
99400,12.7,25.6,0.000,9.216,86.9,285,55.47,0.00,0,1,0,0,0.00,0,0,10.94,2016,1,0,0,0,0,0,0,0,0,0,0,0,0,0,0,0,0,0,0,0,0,0,0,0,0,0,0,0,0,0,0,0,0,0,0,0,0,0,0,0,0,0,0,0,0,0,0,0,0,0,0,0,0,0,0,0,0,0,0,0,0,0,0,0,0,0,0,0,0,0,0,0,0,0,18,88.24,91.7,55,100,7223,35,95.3,162,38,76,70,13.8,25.5
99500,12.7,25.6,0.000,9.216,86.9,285,55.47,0.00,0,1,0,0,0.00,0,0,10.94,2016,1,0,0,0,0,0,0,0,0,0,0,0,0,0,0,0,0,0,0,0,0,0,0,0,0,0,0,0,0,0,0,0,0,0,0,0,0,0,0,0,0,0,0,0,0,0,0,0,0,0,0,0,0,0,0,0,0,0,0,0,0,0,0,0,0,0,0,0,0,0,0,0,0,0,18,88.24,91.7,55,100,7256,35,94.5,161,38,76,71,13.8,25.5
99600,12.7,25.6,0.000,9.247,86.9,286,55.47,0.00,0,1,0,0,0.00,0,0,10.94,2016,1,0,0,0,0,0,0,0,0,0,0,0,0,0,0,0,0,0,0,0,0,0,0,0,0,0,0,0,0,0,0,0,0,0,0,0,0,0,0,0,0,0,0,0,0,0,0,0,0,0,0,0,0,0,0,0,0,0,0,0,0,0,0,0,0,0,0,0,0,0,0,0,0,0,17,83.33,91.7,55,100,7256,35,94.5,161,38,76,72,13.8,25.5
99700,12.7,25.6,0.000,9.247,86.9,286,55.47,0.00,0,1,0,0,0.00,0,0,10.94,2016,1,0,0,0,0,0,0,0,0,0,0,0,0,0,0,0,0,0,0,0,0,0,0,0,0,0,0,0,0,0,0,0,0,0,0,0,0,0,0,0,0,0,0,0,0,0,0,0,0,0,0,0,0,0,0,0,0,0,0,0,0,0,0,0,0,0,0,0,0,0,0,0,0,0,17,83.33,91.7,55,100,7256,35,94.5,161,38,76,72,13.8,25.5
99800,12.7,25.6,0.000,9.558,85.7,300,57.42,0.00,0,1,0,0,0.00,0,0,10.94,2016,1,0,0,0,0,0,0,0,0,0,0,0,0,0,0,0,0,0,0,0,0,0,0,0,0,0,0,0,0,0,0,0,0,0,0,0,0,0,0,0,0,0,0,0,0,0,0,0,0,0,0,0,0,0,0,0,0,0,0,0,0,0,0,0,0,0,0,0,0,0,0,0,0,0,17,83.33,92.4,59,100,7247,35,85.9,146,38,76,72,13.8,25.5
99900,12.8,25.6,0.000,9.676,80.2,324,58.20,0.00,0,0,0,0,0.00,0,0,10.94,2016,1,0,0,0,0,0,0,0,0,0,0,0,0,0,0,0,0,0,0,0,0,0,0,0,0,0,0,0,0,0,0,0,0,0,0,0,0,0,0,0,0,0,0,0,0,0,0,0,0,0,0,0,0,0,0,0,0,0,0,0,0,0,0,0,0,0,0,0,0,0,0,0,0,0,18,88.24,92.4,59,100,7247,35,70.6,120,38,76,74,13.8,25.5
100000,13.0,25.6,0.000,8.341,72.4,314,50.00,0.00,0,0,0,0,0.00,0,0,10.94,2016,1,0,0,0,0,0,0,0,0,0,0,0,0,0,0,0,0,0,0,0,0,0,0,0,0,0,0,0,0,0,0,0,0,0,0,0,0,0,0,0,0,0,0,0,0,0,0,0,0,0,0,0,0,0,0,0,0,0,0,0,0,0,0,0,0,0,0,0,0,0,0,0,0,0,18,88.24,92.4,59,100,7223,35,52.2,89,38,76,73,13.9,25.5
100100,13.2,25.6,0.000,7.690,67.0,314,45.31,0.00,0,0,0,0,0.00,0,0,10.94,2016,1,0,0,0,0,0,0,0,0,0,0,0,0,0,0,0,0,0,0,0,0,0,0,0,0,0,0,0,0,0,0,0,0,0,0,0,0,0,0,0,0,0,0,0,0,0,0,0,0,0,0,0,0,0,0,0,0,0,0,0,0,0,0,0,0,0,0,0,0,0,0,0,0,0,18,88.24,92.4,59,100,7134,35,41.2,70,38,76,74,13.9,25.5
100200,13.2,25.6,0.000,7.690,67.0,314,45.31,0.00,0,0,0,0,0.00,0,0,10.94,2016,1,0,0,0,0,0,0,0,0,0,0,0,0,0,0,0,0,0,0,0,0,0,0,0,0,0,0,0,0,0,0,0,0,0,0,0,0,0,0,0,0,0,0,0,0,0,0,0,0,0,0,0,0,0,0,0,0,0,0,0,0,0,0,0,0,0,0,0,0,0,0,0,0,0,18,88.24,92.4,59,100,7134,35,41.2,70,38,76,74,13.9,25.5
100300,13.3,25.6,0.000,6.365,59.1,293,36.72,0.00,0,0,0,0,0.00,0,0,10.94,2016,0,0,0,0,0,0,0,0,0,0,0,0,0,0,0,0,0,0,0,0,0,0,0,0,0,0,0,0,0,0,0,0,0,0,0,0,0,0,0,0,0,0,0,0,0,0,0,0,0,0,0,0,0,0,0,0,0,0,0,0,0,0,0,0,0,0,0,0,0,0,0,0,0,0,18,88.24,92.4,59,100,6657,25,9.4,16,38,76,74,13.9,25.5
100400,13.3,25.6,0.000,3.847,45.9,228,21.09,0.00,0,0,0,0,0.00,0,0,10.94,2016,1,0,0,0,0,0,0,0,0,0,0,0,0,0,0,0,0,0,0,0,0,0,0,0,0,0,0,0,0,0,0,0,0,0,0,0,0,0,0,0,0,0,0,0,0,0,0,0,0,0,0,0,0,0,0,0,0,0,0,0,0,0,0,0,0,0,0,0,0,0,0,0,0,0,18,88.24,92.4,59,100,6657,25,9.4,16,38,76,74,13.9,25.5
100500,13.3,25.6,0.000,3.504,41.2,233,18.36,0.00,0,0,0,0,0.00,0,0,10.94,2016,1,0,0,0,0,0,0,0,0,0,0,0,0,0,0,0,0,0,0,0,0,0,0,0,0,0,0,0,0,0,0,0,0,0,0,0,0,0,0,0,0,0,0,0,0,0,0,0,0,0,0,0,0,0,0,0,0,0,0,0,0,0,0,0,0,0,0,0,0,0,0,0,0,0,18,88.24,92.4,59,100,6241,25,3.9,7,38,76,74,14.0,25.5
100600,13.3,25.6,0.000,3.432,42.3,225,16.80,0.00,0,0,0,0,0.00,0,0,10.94,2016,1,0,0,0,0,0,0,0,0,0,0,0,0,0,0,0,0,0,0,0,0,0,0,0,0,0,0,0,0,0,0,0,0,0,0,0,0,0,0,0,0,0,0,0,0,0,0,0,0,0,0,0,0,0,0,0,0,0,0,0,0,0,0,0,0,0,0,0,0,0,0,0,0,0,18,88.24,92.4,59,100,5962,25,3.9,7,38,76,73,14.0,25.5
100700,13.3,25.6,0.000,3.435,42.7,223,16.41,0.00,0,0,0,0,0.00,0,0,10.94,2016,1,0,0,0,0,0,0,0,0,0,0,0,0,0,0,0,0,0,0,0,0,0,0,0,0,0,0,0,0,0,0,0,0,0,0,0,0,0,0,0,0,0,0,0,0,0,0,0,0,0,0,0,0,0,0,0,0,0,0,0,0,0,0,0,0,0,0,0,0,0,0,0,0,0,18,88.24,92.4,59,100,5769,25,3.9,7,38,76,75,14.0,25.5
100800,13.3,25.6,0.000,3.435,42.7,223,16.41,0.00,0,0,0,0,0.00,0,0,10.94,2016,1,0,0,0,0,0,0,0,0,0,0,0,0,0,0,0,0,0,0,0,0,0,0,0,0,0,0,0,0,0,0,0,0,0,0,0,0,0,0,0,0,0,0,0,0,0,0,0,0,0,0,0,0,0,0,0,0,0,0,0,0,0,0,0,0,0,0,0,0,0,0,0,0,0,19,93.14,93.0,63,100,5669,25,3.9,7,38,76,72,13.6,25.5
100900,13.3,25.6,0.000,3.546,43.9,222,16.41,0.00,0,0,0,0,0.00,0,0,10.94,2016,1,0,0,0,0,0,0,0,0,0,0,0,0,0,0,0,0,0,0,0,0,0,0,0,0,0,0,0,0,0,0,0,0,0,0,0,0,0,0,0,0,0,0,0,0,0,0,0,0,0,0,0,0,0,0,0,0,0,0,0,0,0,0,0,0,0,0,0,0,0,0,0,0,0,19,93.14,93.0,63,100,5574,25,3.9,7,38,76,72,13.6,25.5
101000,13.3,25.6,0.000,3.546,43.9,222,16.41,0.00,0,0,0,0,0.00,0,0,10.94,2016,1,0,0,0,0,0,0,0,0,0,0,0,0,0,0,0,0,0,0,0,0,0,0,0,0,0,0,0,0,0,0,0,0,0,0,0,0,0,0,0,0,0,0,0,0,0,0,0,0,0,0,0,0,0,0,0,0,0,0,0,0,0,0,0,0,0,0,0,0,0,0,0,0,0,19,93.14,93.0,63,100,5574,25,3.9,7,38,76,72,13.6,25.5
101100,13.3,25.6,0.000,3.532,43.9,221,16.02,0.00,0,0,0,0,0.00,0,0,10.94,2016,1,0,0,0,0,0,0,0,0,0,0,0,0,0,0,0,0,0,0,0,0,0,0,0,0,0,0,0,0,0,0,0,0,0,0,0,0,0,0,0,0,0,0,0,0,0,0,0,0,0,0,0,0,0,0,0,0,0,0,0,0,0,0,0,0,0,0,0,0,0,0,0,0,0,18,88.24,93.0,63,100,5544,25,3.9,7,38,76,72,13.6,25.5
101200,13.3,25.6,0.000,3.477,43.9,220,15.62,0.00,0,0,0,0,0.00,0,0,10.94,2016,1,0,0,0,0,0,0,0,0,0,0,0,0,0,0,0,0,0,0,0,0,0,0,0,0,0,0,0,0,0,0,0,0,0,0,0,0,0,0,0,0,0,0,0,0,0,0,0,0,0,0,0,0,0,0,0,0,0,0,0,0,0,0,0,0,0,0,0,0,0,0,0,0,0,19,93.14,93.0,63,100,5504,25,3.9,7,38,76,70,14.0,25.5
101300,13.3,25.6,0.000,3.522,44.3,221,16.02,0.00,0,0,0,0,0.00,0,0,10.94,2000,1,0,0,0,0,0,0,0,0,0,0,0,0,0,0,0,0,0,0,0,0,0,0,0,0,0,0,0,0,0,0,0,0,0,0,0,0,0,0,0,0,0,0,0,0,0,0,0,0,0,0,0,0,0,0,0,0,0,0,0,0,0,0,0,0,0,0,0,0,0,0,0,0,0,19,93.14,93.0,63,100,5478,25,3.9,7,38,77,71,14.0,25.5
101400,13.3,25.6,0.000,3.522,44.3,221,16.02,0.00,0,0,0,0,0.00,0,0,10.94,2000,1,0,0,0,0,0,0,0,0,0,0,0,0,0,0,0,0,0,0,0,0,0,0,0,0,0,0,0,0,0,0,0,0,0,0,0,0,0,0,0,0,0,0,0,0,0,0,0,0,0,0,0,0,0,0,0,0,0,0,0,0,0,0,0,0,0,0,0,0,0,0,0,0,0,18,88.24,93.0,63,100,5448,25,3.9,7,38,77,70,14.0,25.5
101500,13.3,25.6,0.000,3.522,44.3,221,16.02,0.00,0,0,0,0,0.00,0,0,10.94,2000,1,0,0,0,0,0,0,0,0,0,0,0,0,0,0,0,0,0,0,0,0,0,0,0,0,0,0,0,0,0,0,0,0,0,0,0,0,0,0,0,0,0,0,0,0,0,0,0,0,0,0,0,0,0,0,0,0,0,0,0,0,0,0,0,0,0,0,0,0,0,0,0,0,0,18,88.24,93.0,63,100,5448,25,3.9,7,38,77,70,14.0,25.5
101600,13.3,25.6,0.000,3.563,44.3,221,16.02,0.00,0,0,0,0,0.00,0,0,10.94,2000,1,0,0,0,0,0,0,0,0,0,0,0,0,0,0,0,0,0,0,0,0,0,0,0,0,0,0,0,0,0,0,0,0,0,0,0,0,0,0,0,0,0,0,0,0,0,0,0,0,0,0,0,0,0,0,0,0,0,0,0,0,0,0,0,0,0,0,0,0,0,0,0,0,0,19,93.14,93.0,63,100,5423,25,3.9,7,38,77,69,13.6,25.5
101700,13.3,25.6,0.000,3.563,44.3,221,16.02,0.00,0,0,0,0,0.00,0,0,10.94,2000,1,0,0,0,0,0,0,0,0,0,0,0,0,0,0,0,0,0,0,0,0,0,0,0,0,0,0,0,0,0,0,0,0,0,0,0,0,0,0,0,0,0,0,0,0,0,0,0,0,0,0,0,0,0,0,0,0,0,0,0,0,0,0,0,0,0,0,0,0,0,0,0,0,0,19,93.14,93.0,63,100,5423,25,3.9,7,38,77,69,13.6,25.5
101800,13.3,25.6,0.000,3.536,44.3,221,15.62,0.00,0,0,0,0,0.00,0,0,10.94,2000,1,0,0,0,0,0,0,0,0,0,0,0,0,0,0,0,0,0,0,0,0,0,0,0,0,0,0,0,0,0,0,0,0,0,0,0,0,0,0,0,0,0,0,0,0,0,0,0,0,0,0,0,0,0,0,0,0,0,0,0,0,0,0,0,0,0,0,0,0,0,0,0,0,0,18,88.24,93.7,65,100,5416,25,3.9,7,38,77,68,13.9,25.5
101900,13.3,25.6,0.000,3.522,44.3,221,15.62,0.00,0,0,0,0,0.00,0,0,10.94,2000,1,0,0,0,0,0,0,0,0,0,0,0,0,0,0,0,0,0,0,0,0,0,0,0,0,0,0,0,0,0,0,0,0,0,0,0,0,0,0,0,0,0,0,0,0,0,0,0,0,0,0,0,0,0,0,0,0,0,0,0,0,0,0,0,0,0,0,0,0,0,0,0,0,0,19,93.14,93.7,65,100,5408,25,3.9,7,38,77,67,14.0,25.5
102000,13.3,25.6,0.000,3.522,44.3,221,15.62,0.00,0,0,0,0,0.00,0,0,10.94,2000,1,0,0,0,0,0,0,0,0,0,0,0,0,0,0,0,0,0,0,0,0,0,0,0,0,0,0,0,0,0,0,0,0,0,0,0,0,0,0,0,0,0,0,0,0,0,0,0,0,0,0,0,0,0,0,0,0,0,0,0,0,0,0,0,0,0,0,0,0,0,0,0,0,0,19,93.14,93.7,65,100,5391,25,3.9,7,38,77,68,14.0,25.5
102100,13.3,25.6,0.000,3.508,44.3,221,15.62,0.00,0,0,0,0,0.00,0,0,10.94,2000,1,0,0,0,0,0,0,0,0,0,0,0,0,0,0,0,0,0,0,0,0,0,0,0,0,0,0,0,0,0,0,0,0,0,0,0,0,0,0,0,0,0,0,0,0,0,0,0,0,0,0,0,0,0,0,0,0,0,0,0,0,0,0,0,0,0,0,0,0,0,0,0,0,0,19,93.14,93.7,65,100,5408,25,3.9,7,38,78,66,13.9,25.5
102200,13.3,25.6,0.000,3.508,44.3,221,15.62,0.00,0,0,0,0,0.00,0,0,10.94,2000,1,0,0,0,0,0,0,0,0,0,0,0,0,0,0,0,0,0,0,0,0,0,0,0,0,0,0,0,0,0,0,0,0,0,0,0,0,0,0,0,0,0,0,0,0,0,0,0,0,0,0,0,0,0,0,0,0,0,0,0,0,0,0,0,0,0,0,0,0,0,0,0,0,0,19,93.14,93.7,65,100,5408,25,3.9,7,38,78,66,13.9,25.5
102300,13.3,25.6,0.000,3.536,44.7,221,15.62,0.00,0,0,0,0,0.00,0,0,10.94,2000,1,0,0,0,0,0,0,0,0,0,0,0,0,0,0,0,0,0,0,0,0,0,0,0,0,0,0,0,0,0,0,0,0,0,0,0,0,0,0,0,0,0,0,0,0,0,0,0,0,0,0,0,0,0,0,0,0,0,0,0,0,0,0,0,0,0,0,0,0,0,0,0,0,0,19,93.14,93.7,65,100,5331,25,3.9,7,38,78,65,13.9,25.5
102400,13.3,25.6,0.000,3.549,44.7,221,15.62,0.00,0,0,0,0,0.00,0,0,10.94,2000,1,0,0,0,0,0,0,0,0,0,0,0,0,0,0,0,0,0,0,0,0,0,0,0,0,0,0,0,0,0,0,0,0,0,0,0,0,0,0,0,0,0,0,0,0,0,0,0,0,0,0,0,0,0,0,0,0,0,0,0,0,0,0,0,0,0,0,0,0,0,0,0,0,0,19,93.14,93.7,65,100,5331,25,3.9,7,38,78,65,13.9,25.5
102500,13.3,25.6,0.000,3.536,44.7,221,15.62,0.00,0,0,0,0,0.00,0,0,10.94,2000,1,0,0,0,0,0,0,0,0,0,0,0,0,0,0,0,0,0,0,0,0,0,0,0,0,0,0,0,0,0,0,0,0,0,0,0,0,0,0,0,0,0,0,0,0,0,0,0,0,0,0,0,0,0,0,0,0,0,0,0,0,0,0,0,0,0,0,0,0,0,0,0,0,0,18,88.24,93.7,65,100,5308,25,3.9,7,38,78,65,14.0,25.5
102600,13.3,25.6,0.000,3.567,44.7,221,15.62,0.00,0,0,0,0,0.00,0,0,10.94,2000,1,0,0,0,0,0,0,0,0,0,0,0,0,0,0,0,0,0,0,0,0,0,0,0,0,0,0,0,0,0,0,0,0,0,0,0,0,0,0,0,0,0,0,0,0,0,0,0,0,0,0,0,0,0,0,0,0,0,0,0,0,0,0,0,0,0,0,0,0,0,0,0,0,0,19,93.14,93.7,65,100,5303,25,3.9,7,38,78,64,14.0,25.5
102700,13.3,25.6,0.000,3.567,44.7,221,15.62,0.00,0,0,0,0,0.00,0,0,10.94,2000,1,0,0,0,0,0,0,0,0,0,0,0,0,0,0,0,0,0,0,0,0,0,0,0,0,0,0,0,0,0,0,0,0,0,0,0,0,0,0,0,0,0,0,0,0,0,0,0,0,0,0,0,0,0,0,0,0,0,0,0,0,0,0,0,0,0,0,0,0,0,0,0,0,0,19,93.14,93.7,65,100,5303,25,3.9,7,38,78,64,14.0,25.5
102800,13.3,25.6,0.000,3.480,44.3,218,14.84,0.00,0,0,0,0,0.00,0,0,10.94,2000,1,0,0,0,0,0,0,0,0,0,0,0,0,0,0,0,0,0,0,0,0,0,0,0,0,0,0,0,0,0,0,0,0,0,0,0,0,0,0,0,0,0,0,0,0,0,0,0,0,0,0,0,0,0,0,0,0,0,0,0,0,0,0,0,0,0,0,0,0,0,0,0,0,0,18,88.24,94.2,61,100,5164,24,2.7,5,38,78,63,13.9,25.5
102900,13.3,25.6,0.000,3.480,44.3,218,14.84,0.00,0,0,0,0,0.00,0,0,10.94,2000,1,0,0,0,0,0,0,0,0,0,0,0,0,0,0,0,0,0,0,0,0,0,0,0,0,0,0,0,0,0,0,0,0,0,0,0,0,0,0,0,0,0,0,0,0,0,0,0,0,0,0,0,0,0,0,0,0,0,0,0,0,0,0,0,0,0,0,0,0,0,0,0,0,0,18,88.24,94.2,61,100,5164,24,2.7,5,38,78,63,13.9,25.5
103000,13.3,25.6,0.000,3.466,44.3,217,14.45,0.00,0,0,0,0,0.00,0,0,10.94,2000,1,0,0,0,0,0,0,0,0,0,0,0,0,0,0,0,0,0,0,0,0,0,0,0,0,0,0,0,0,0,0,0,0,0,0,0,0,0,0,0,0,0,0,0,0,0,0,0,0,0,0,0,0,0,0,0,0,0,0,0,0,0,0,0,0,0,0,0,0,0,0,0,0,0,18,88.24,94.2,61,100,5107,24,2.7,5,38,78,62,13.9,25.5
103100,13.3,25.6,0.000,3.466,44.7,217,14.45,0.00,0,0,0,0,0.00,0,0,10.94,2000,1,0,0,0,0,0,0,0,0,0,0,0,0,0,0,0,0,0,0,0,0,0,0,0,0,0,0,0,0,0,0,0,0,0,0,0,0,0,0,0,0,0,0,0,0,0,0,0,0,0,0,0,0,0,0,0,0,0,0,0,0,0,0,0,0,0,0,0,0,0,0,0,0,0,19,93.14,94.2,61,100,5044,24,2.7,5,38,78,61,13.9,25.5
103200,13.3,25.6,0.000,3.466,44.7,217,14.45,0.00,0,0,0,0,0.00,0,0,10.94,2000,1,0,0,0,0,0,0,0,0,0,0,0,0,0,0,0,0,0,0,0,0,0,0,0,0,0,0,0,0,0,0,0,0,0,0,0,0,0,0,0,0,0,0,0,0,0,0,0,0,0,0,0,0,0,0,0,0,0,0,0,0,0,0,0,0,0,0,0,0,0,0,0,0,0,19,93.14,94.2,61,100,5044,24,2.7,5,38,78,61,13.9,25.5
103300,13.3,25.6,0.000,3.491,44.7,217,14.45,0.00,0,0,0,0,0.00,0,0,10.94,2000,1,0,0,0,0,0,0,0,0,0,0,0,0,0,0,0,0,0,0,0,0,0,0,0,0,0,0,0,0,0,0,0,0,0,0,0,0,0,0,0,0,0,0,0,0,0,0,0,0,0,0,0,0,0,0,0,0,0,0,0,0,0,0,0,0,0,0,0,0,0,0,0,0,0,18,88.24,94.2,61,100,5008,24,2.7,5,38,78,61,13.9,25.5
103400,13.3,25.6,0.000,3.491,44.7,217,14.45,0.00,0,0,0,0,0.00,0,0,10.94,2000,1,0,0,0,0,0,0,0,0,0,0,0,0,0,0,0,0,0,0,0,0,0,0,0,0,0,0,0,0,0,0,0,0,0,0,0,0,0,0,0,0,0,0,0,0,0,0,0,0,0,0,0,0,0,0,0,0,0,0,0,0,0,0,0,0,0,0,0,0,0,0,0,0,0,18,88.24,94.2,61,100,4956,24,2.7,5,38,78,61,13.9,25.5
103500,13.3,25.6,0.000,3.484,45.1,217,14.06,0.00,0,0,0,0,0.00,0,0,10.94,2000,1,0,0,0,0,0,0,0,0,0,0,0,0,0,0,0,0,0,0,0,0,0,0,0,0,0,0,0,0,0,0,0,0,0,0,0,0,0,0,0,0,0,0,0,0,0,0,0,0,0,0,0,0,0,0,0,0,0,0,0,0,0,0,0,0,0,0,0,0,0,0,0,0,0,19,93.14,94.2,61,100,4928,24,2.7,5,38,79,59,13.9,25.5
103600,13.3,25.6,0.000,3.484,45.1,217,14.06,0.00,0,0,0,0,0.00,0,0,10.94,2000,1,0,0,0,0,0,0,0,0,0,0,0,0,0,0,0,0,0,0,0,0,0,0,0,0,0,0,0,0,0,0,0,0,0,0,0,0,0,0,0,0,0,0,0,0,0,0,0,0,0,0,0,0,0,0,0,0,0,0,0,0,0,0,0,0,0,0,0,0,0,0,0,0,0,18,88.24,94.2,61,100,4930,24,2.4,4,38,79,59,13.9,25.5
103700,13.3,25.6,0.000,3.484,45.1,217,14.06,0.00,0,0,0,0,0.00,0,0,10.94,2000,1,0,0,0,0,0,0,0,0,0,0,0,0,0,0,0,0,0,0,0,0,0,0,0,0,0,0,0,0,0,0,0,0,0,0,0,0,0,0,0,0,0,0,0,0,0,0,0,0,0,0,0,0,0,0,0,0,0,0,0,0,0,0,0,0,0,0,0,0,0,0,0,0,0,19,93.14,94.2,61,100,4895,24,2.4,4,38,79,58,13.9,25.5
103800,13.3,25.6,0.000,3.494,45.1,217,14.06,0.00,0,0,0,0,0.00,0,0,10.94,2000,1,0,0,0,0,0,0,0,0,0,0,0,0,0,0,0,0,0,0,0,0,0,0,0,0,0,0,0,0,0,0,0,0,0,0,0,0,0,0,0,0,0,0,0,0,0,0,0,0,0,0,0,0,0,0,0,0,0,0,0,0,0,0,0,0,0,0,0,0,0,0,0,0,0,19,93.14,94.5,57,100,4895,24,2.4,4,38,79,58,13.9,25.5
103900,13.3,25.6,0.000,3.501,45.5,216,14.06,0.00,0,0,0,0,0.00,0,0,10.94,2000,1,0,0,0,0,0,0,0,0,0,0,0,0,0,0,0,0,0,0,0,0,0,0,0,0,0,0,0,0,0,0,0,0,0,0,0,0,0,0,0,0,0,0,0,0,0,0,0,0,0,0,0,0,0,0,0,0,0,0,0,0,0,0,0,0,0,0,0,0,0,0,0,0,0,18,88.24,94.5,57,100,4848,24,2.4,4,38,79,56,13.9,25.5
104000,13.3,25.6,0.000,3.501,45.5,216,14.06,0.00,0,0,0,0,0.00,0,0,10.94,2000,1,0,0,0,0,0,0,0,0,0,0,0,0,0,0,0,0,0,0,0,0,0,0,0,0,0,0,0,0,0,0,0,0,0,0,0,0,0,0,0,0,0,0,0,0,0,0,0,0,0,0,0,0,0,0,0,0,0,0,0,0,0,0,0,0,0,0,0,0,0,0,0,0,0,18,88.24,94.5,57,100,4848,24,2.4,4,38,79,56,13.9,25.5
104100,13.3,25.6,0.000,3.501,45.5,216,14.06,0.00,0,0,0,0,0.00,0,0,10.94,2000,1,0,0,0,0,0,0,0,0,0,0,0,0,0,0,0,0,0,0,0,0,0,0,0,0,0,0,0,0,0,0,0,0,0,0,0,0,0,0,0,0,0,0,0,0,0,0,0,0,0,0,0,0,0,0,0,0,0,0,0,0,0,0,0,0,0,0,0,0,0,0,0,0,0,18,88.24,94.5,57,100,4824,24,2.4,4,37,79,54,13.9,25.5
104200,13.3,25.6,0.000,3.508,45.5,216,13.67,0.00,0,0,0,0,0.00,0,0,10.94,2000,1,0,0,0,0,0,0,0,0,0,0,0,0,0,0,0,0,0,0,0,0,0,0,0,0,0,0,0,0,0,0,0,0,0,0,0,0,0,0,0,0,0,0,0,0,0,0,0,0,0,0,0,0,0,0,0,0,0,0,0,0,0,0,0,0,0,0,0,0,0,0,0,0,0,18,88.24,94.5,57,100,4796,24,2.4,4,37,79,54,13.9,25.5
104300,13.3,25.6,0.000,3.508,45.5,216,13.67,0.00,0,0,0,0,0.00,0,0,10.94,2000,1,0,0,0,0,0,0,0,0,0,0,0,0,0,0,0,0,0,0,0,0,0,0,0,0,0,0,0,0,0,0,0,0,0,0,0,0,0,0,0,0,0,0,0,0,0,0,0,0,0,0,0,0,0,0,0,0,0,0,0,0,0,0,0,0,0,0,0,0,0,0,0,0,0,19,93.14,94.5,57,100,4776,24,2.4,4,37,79,53,13.9,25.5
104400,13.3,25.6,0.000,3.494,45.5,215,13.67,0.00,0,0,0,0,0.00,0,0,10.94,2000,1,0,0,0,0,0,0,0,0,0,0,0,0,0,0,0,0,0,0,0,0,0,0,0,0,0,0,0,0,0,0,0,0,0,0,0,0,0,0,0,0,0,0,0,0,0,0,0,0,0,0,0,0,0,0,0,0,0,0,0,0,0,0,0,0,0,0,0,0,0,0,0,0,0,18,88.24,94.5,57,100,4743,24,2.4,4,37,79,52,13.9,25.5
104500,13.3,25.6,0.000,3.494,45.5,215,13.67,0.00,0,0,0,0,0.00,0,0,10.94,2000,1,0,0,0,0,0,0,0,0,0,0,0,0,0,0,0,0,0,0,0,0,0,0,0,0,0,0,0,0,0,0,0,0,0,0,0,0,0,0,0,0,0,0,0,0,0,0,0,0,0,0,0,0,0,0,0,0,0,0,0,0,0,0,0,0,0,0,0,0,0,0,0,0,0,18,88.24,94.5,57,100,4743,24,2.4,4,37,79,52,13.9,25.5
104600,13.3,25.6,0.000,3.494,45.5,215,13.67,0.00,0,0,0,0,0.00,0,0,10.94,2000,1,0,0,0,0,0,0,0,0,0,0,0,0,0,0,0,0,0,0,0,0,0,0,0,0,0,0,0,0,0,0,0,0,0,0,0,0,0,0,0,0,0,0,0,0,0,0,0,0,0,0,0,0,0,0,0,0,0,0,0,0,0,0,0,0,0,0,0,0,0,0,0,0,0,19,93.14,94.5,57,100,4743,24,2.4,4,37,79,51,14.0,25.5
104700,13.3,25.6,0.000,3.480,45.5,215,13.67,0.00,0,0,0,0,0.00,0,0,10.94,2000,1,0,0,0,0,0,0,0,0,0,0,0,0,0,0,0,0,0,0,0,0,0,0,0,0,0,0,0,0,0,0,0,0,0,0,0,0,0,0,0,0,0,0,0,0,0,0,0,0,0,0,0,0,0,0,0,0,0,0,0,0,0,0,0,0,0,0,0,0,0,0,0,0,0,19,93.14,94.5,57,100,4758,24,2.4,4,37,79,51,13.9,25.5
104800,13.3,25.6,0.000,3.480,45.5,215,13.67,0.00,0,0,0,0,0.00,0,0,10.94,2000,1,0,0,0,0,0,0,0,0,0,0,0,0,0,0,0,0,0,0,0,0,0,0,0,0,0,0,0,0,0,0,0,0,0,0,0,0,0,0,0,0,0,0,0,0,0,0,0,0,0,0,0,0,0,0,0,0,0,0,0,0,0,0,0,0,0,0,0,0,0,0,0,0,0,18,88.24,94.8,52,100,4707,24,2.4,4,37,80,50,13.9,25.5
104900,13.3,25.6,0.000,3.470,45.5,215,13.28,0.00,0,0,0,0,0.00,0,0,10.94,2000,1,0,0,0,0,0,0,0,0,0,0,0,0,0,0,0,0,0,0,0,0,0,0,0,0,0,0,0,0,0,0,0,0,0,0,0,0,0,0,0,0,0,0,0,0,0,0,0,0,0,0,0,0,0,0,0,0,0,0,0,0,0,0,0,0,0,0,0,0,0,0,0,0,0,18,88.24,94.8,52,100,4706,24,2.4,4,37,80,49,14.0,25.5
105000,13.3,25.6,0.000,3.470,45.5,215,13.28,0.00,0,0,0,0,0.00,0,0,10.94,2000,1,0,0,0,0,0,0,0,0,0,0,0,0,0,0,0,0,0,0,0,0,0,0,0,0,0,0,0,0,0,0,0,0,0,0,0,0,0,0,0,0,0,0,0,0,0,0,0,0,0,0,0,0,0,0,0,0,0,0,0,0,0,0,0,0,0,0,0,0,0,0,0,0,0,18,88.24,94.8,52,100,4706,24,2.4,4,37,80,49,14.0,25.5
105100,13.3,25.6,0.000,3.484,45.5,215,13.28,0.00,0,0,0,0,0.00,0,0,10.94,2000,1,0,0,0,0,0,0,0,0,0,0,0,0,0,0,0,0,0,0,0,0,0,0,0,0,0,0,0,0,0,0,0,0,0,0,0,0,0,0,0,0,0,0,0,0,0,0,0,0,0,0,0,0,0,0,0,0,0,0,0,0,0,0,0,0,0,0,0,0,0,0,0,0,0,19,93.14,94.8,52,100,4706,24,2.4,4,37,80,48,13.9,25.5
105200,13.3,25.6,0.000,3.484,45.5,215,13.28,0.00,0,0,0,0,0.00,0,0,10.94,2000,1,0,0,0,0,0,0,0,0,0,0,0,0,0,0,0,0,0,0,0,0,0,0,0,0,0,0,0,0,0,0,0,0,0,0,0,0,0,0,0,0,0,0,0,0,0,0,0,0,0,0,0,0,0,0,0,0,0,0,0,0,0,0,0,0,0,0,0,0,0,0,0,0,0,19,93.14,94.8,52,100,4657,24,2.4,4,37,80,47,13.9,25.5
105300,13.3,25.6,0.000,3.484,45.5,215,13.28,0.00,0,0,0,0,0.00,0,0,10.94,2000,1,0,0,0,0,0,0,0,0,0,0,0,0,0,0,0,0,0,0,0,0,0,0,0,0,0,0,0,0,0,0,0,0,0,0,0,0,0,0,0,0,0,0,0,0,0,0,0,0,0,0,0,0,0,0,0,0,0,0,0,0,0,0,0,0,0,0,0,0,0,0,0,0,0,18,88.24,94.8,52,100,4657,24,2.4,4,37,80,47,13.9,25.5
105400,13.3,25.6,0.000,3.484,45.5,215,13.28,0.00,0,0,0,0,0.00,0,0,10.94,2000,1,0,0,0,0,0,0,0,0,0,0,0,0,0,0,0,0,0,0,0,0,0,0,0,0,0,0,0,0,0,0,0,0,0,0,0,0,0,0,0,0,0,0,0,0,0,0,0,0,0,0,0,0,0,0,0,0,0,0,0,0,0,0,0,0,0,0,0,0,0,0,0,0,0,19,93.14,94.8,52,100,4599,23,2.4,4,37,80,46,13.9,25.5
105500,13.3,25.6,0.000,3.484,45.5,215,13.28,0.00,0,0,0,0,0.00,0,0,10.94,2000,1,0,0,0,0,0,0,0,0,0,0,0,0,0,0,0,0,0,0,0,0,0,0,0,0,0,0,0,0,0,0,0,0,0,0,0,0,0,0,0,0,0,0,0,0,0,0,0,0,0,0,0,0,0,0,0,0,0,0,0,0,0,0,0,0,0,0,0,0,0,0,0,0,0,19,93.14,94.8,52,100,4599,23,2.4,4,37,80,46,13.9,25.5
105600,13.3,25.6,0.000,3.470,45.5,214,12.89,0.00,0,0,0,0,0.00,0,0,10.94,2000,1,0,0,0,0,0,0,0,0,0,0,0,0,0,0,0,0,0,0,0,0,0,0,0,0,0,0,0,0,0,0,0,0,0,0,0,0,0,0,0,0,0,0,0,0,0,0,0,0,0,0,0,0,0,0,0,0,0,0,0,0,0,0,0,0,0,0,0,0,0,0,0,0,0,19,93.14,94.8,52,100,4571,23,2.4,4,37,81,44,13.9,25.5
105700,13.3,25.6,0.000,3.456,45.5,214,12.89,0.00,0,0,0,0,0.00,0,0,10.94,2000,1,0,0,0,0,0,0,0,0,0,0,0,0,0,0,0,0,0,0,0,0,0,0,0,0,0,0,0,0,0,0,0,0,0,0,0,0,0,0,0,0,0,0,0,0,0,0,0,0,0,0,0,0,0,0,0,0,0,0,0,0,0,0,0,0,0,0,0,0,0,0,0,0,0,19,93.14,95.7,46,100,4593,23,2.4,4,37,81,44,14.0,25.5
105800,13.3,25.6,0.000,3.470,45.5,214,12.89,0.00,0,0,0,0,0.00,0,0,10.94,2000,1,0,0,0,0,0,0,0,0,0,0,0,0,0,0,0,0,0,0,0,0,0,0,0,0,0,0,0,0,0,0,0,0,0,0,0,0,0,0,0,0,0,0,0,0,0,0,0,0,0,0,0,0,0,0,0,0,0,0,0,0,0,0,0,0,0,0,0,0,0,0,0,0,0,19,93.14,95.7,46,100,4561,23,2.4,4,37,81,43,14.0,25.5
105900,13.3,25.6,0.000,3.456,45.5,214,12.89,0.00,0,0,0,0,0.00,0,0,10.94,2000,1,0,0,0,0,0,0,0,0,0,0,0,0,0,0,0,0,0,0,0,0,0,0,0,0,0,0,0,0,0,0,0,0,0,0,0,0,0,0,0,0,0,0,0,0,0,0,0,0,0,0,0,0,0,0,0,0,0,0,0,0,0,0,0,0,0,0,0,0,0,0,0,0,0,19,93.14,95.7,46,100,4526,23,2.4,4,37,81,43,14.0,25.5
106000,13.3,25.6,0.000,3.456,45.5,214,12.89,0.00,0,0,0,0,0.00,0,0,10.94,2000,1,0,0,0,0,0,0,0,0,0,0,0,0,0,0,0,0,0,0,0,0,0,0,0,0,0,0,0,0,0,0,0,0,0,0,0,0,0,0,0,0,0,0,0,0,0,0,0,0,0,0,0,0,0,0,0,0,0,0,0,0,0,0,0,0,0,0,0,0,0,0,0,0,0,19,93.14,95.7,46,100,4526,23,2.4,4,37,81,43,14.0,25.5
106100,13.3,25.6,0.000,3.456,45.5,214,12.89,0.00,0,0,0,0,0.00,0,0,10.94,2000,1,0,0,0,0,0,0,0,0,0,0,0,0,0,0,0,0,0,0,0,0,0,0,0,0,0,0,0,0,0,0,0,0,0,0,0,0,0,0,0,0,0,0,0,0,0,0,0,0,0,0,0,0,0,0,0,0,0,0,0,0,0,0,0,0,0,0,0,0,0,0,0,0,0,19,93.14,95.7,46,100,4533,23,2.4,4,37,81,41,14.0,25.5
106200,13.3,25.6,0.000,3.456,45.5,214,12.89,0.00,0,0,0,0,0.00,0,0,10.94,2000,1,0,0,0,0,0,0,0,0,0,0,0,0,0,0,0,0,0,0,0,0,0,0,0,0,0,0,0,0,0,0,0,0,0,0,0,0,0,0,0,0,0,0,0,0,0,0,0,0,0,0,0,0,0,0,0,0,0,0,0,0,0,0,0,0,0,0,0,0,0,0,0,0,0,19,93.14,95.7,46,100,4533,23,2.4,4,37,81,41,14.0,25.5
106300,13.3,25.6,0.055,5.196,58.4,255,19.53,0.00,0,0,0,0,0.00,0,0,10.94,2000,0,0,0,0,0,0,0,0,0,0,0,0,0,0,0,0,0,0,0,0,0,0,0,0,0,0,0,0,0,0,0,0,0,0,0,0,0,0,0,0,0,0,0,0,0,0,0,0,0,0,0,0,0,0,0,0,0,0,0,0,0,0,0,0,0,0,0,0,0,0,0,0,0,0,19,93.14,95.7,46,100,4585,30,15.7,27,37,81,41,13.9,25.5
106400,13.3,25.6,0.055,6.698,65.0,284,26.95,0.00,0,0,0,0,0.00,0,0,10.94,2000,1,0,0,0,0,0,0,0,0,0,0,0,0,0,0,0,0,0,0,0,0,0,0,0,0,0,0,0,0,0,0,0,0,0,0,0,0,0,0,0,0,0,0,0,0,0,0,0,0,0,0,0,0,0,0,0,0,0,0,0,0,0,0,0,0,0,0,0,0,0,0,0,0,0,19,93.14,95.7,46,100,4893,30,23.9,41,37,81,41,13.9,25.5
106500,13.3,25.6,0.055,6.698,65.0,284,26.95,0.00,0,0,0,0,0.00,0,0,10.94,2000,1,0,0,0,0,0,0,0,0,0,0,0,0,0,0,0,0,0,0,0,0,0,0,0,0,0,0,0,0,0,0,0,0,0,0,0,0,0,0,0,0,0,0,0,0,0,0,0,0,0,0,0,0,0,0,0,0,0,0,0,0,0,0,0,0,0,0,0,0,0,0,0,0,0,19,93.14,95.7,46,100,5250,32,20.4,35,37,81,42,13.9,25.5
106600,13.3,25.6,0.000,5.750,59.5,273,25.39,0.00,0,0,0,0,0.00,0,0,10.94,2000,1,0,0,0,0,0,0,0,0,0,0,0,0,0,0,0,0,0,0,0,0,0,0,0,0,0,0,0,0,0,0,0,0,0,0,0,0,0,0,0,0,0,0,0,0,0,0,0,0,0,0,0,0,0,0,0,0,0,0,0,0,0,0,0,0,0,0,0,0,0,0,0,0,0,18,88.24,95.7,46,100,5374,33,18.8,32,37,82,41,13.9,25.5
106700,13.3,25.6,0.000,5.750,59.5,273,25.39,0.00,0,0,0,0,0.00,0,0,10.94,2000,1,0,0,0,0,0,0,0,0,0,0,0,0,0,0,0,0,0,0,0,0,0,0,0,0,0,0,0,0,0,0,0,0,0,0,0,0,0,0,0,0,0,0,0,0,0,0,0,0,0,0,0,0,0,0,0,0,0,0,0,0,0,0,0,0,0,0,0,0,0,0,0,0,0,18,88.24,95.9,40,100,5374,33,18.8,32,37,82,41,13.9,25.5
106800,13.3,25.6,0.000,4.217,49.4,240,18.75,0.00,0,0,0,0,0.00,0,0,10.94,2000,1,0,0,0,0,0,0,0,0,0,0,0,0,0,0,0,0,0,0,0,0,0,0,0,0,0,0,0,0,0,0,0,0,0,0,0,0,0,0,0,0,0,0,0,0,0,0,0,0,0,0,0,0,0,0,0,0,0,0,0,0,0,0,0,0,0,0,0,0,0,0,0,0,0,18,88.24,95.9,40,100,5391,32,9.4,16,37,82,41,13.9,25.5
106900,13.3,25.6,0.000,3.798,46.6,227,16.80,0.00,0,0,0,0,0.00,0,0,10.94,2000,1,0,0,0,0,0,0,0,0,0,0,0,0,0,0,0,0,0,0,0,0,0,0,0,0,0,0,0,0,0,0,0,0,0,0,0,0,0,0,0,0,0,0,0,0,0,0,0,0,0,0,0,0,0,0,0,0,0,0,0,0,0,0,0,0,0,0,0,0,0,0,0,0,0,19,93.14,95.9,40,100,5316,27,5.9,10,37,82,41,14.0,25.5
107000,13.3,25.6,0.000,3.802,47.4,227,16.41,0.00,0,0,0,0,0.00,0,0,10.94,2000,1,0,0,0,0,0,0,0,0,0,0,0,0,0,0,0,0,0,0,0,0,0,0,0,0,0,0,0,0,0,0,0,0,0,0,0,0,0,0,0,0,0,0,0,0,0,0,0,0,0,0,0,0,0,0,0,0,0,0,0,0,0,0,0,0,0,0,0,0,0,0,0,0,0,18,88.24,95.9,40,100,5180,27,5.9,10,37,82,41,14.0,25.5
107100,13.3,25.6,0.000,3.830,47.8,227,16.02,0.00,0,0,0,0,0.00,0,0,10.94,2000,1,0,0,0,0,0,0,0,0,0,0,0,0,0,0,0,0,0,0,0,0,0,0,0,0,0,0,0,0,0,0,0,0,0,0,0,0,0,0,0,0,0,0,0,0,0,0,0,0,0,0,0,0,0,0,0,0,0,0,0,0,0,0,0,0,0,0,0,0,0,0,0,0,0,18,88.24,95.9,40,100,5116,28,5.9,10,37,82,41,14.0,25.5
107200,13.3,25.6,0.000,3.830,47.8,227,16.02,0.00,0,0,0,0,0.00,0,0,10.94,2000,1,0,0,0,0,0,0,0,0,0,0,0,0,0,0,0,0,0,0,0,0,0,0,0,0,0,0,0,0,0,0,0,0,0,0,0,0,0,0,0,0,0,0,0,0,0,0,0,0,0,0,0,0,0,0,0,0,0,0,0,0,0,0,0,0,0,0,0,0,0,0,0,0,0,18,88.24,95.9,40,100,5175,31,28.2,48,37,82,40,13.9,25.5
107300,13.3,25.6,0.094,9.002,85.7,278,41.41,0.00,0,0,0,0,0.00,0,0,10.94,2000,1,0,0,0,0,0,0,0,0,0,0,0,0,0,0,0,0,0,0,0,0,0,0,0,0,0,0,0,0,0,0,0,0,0,0,0,0,0,0,0,0,0,0,0,0,0,0,0,0,0,0,0,0,0,0,0,0,0,0,0,0,0,0,0,0,0,0,0,0,0,0,0,0,0,19,93.14,95.9,40,100,5631,34,65.9,112,37,83,40,13.9,25.5
107400,13.3,25.6,0.094,9.002,85.7,278,41.41,0.00,0,0,0,0,0.00,0,0,10.94,2000,1,0,0,0,0,0,0,0,0,0,0,0,0,0,0,0,0,0,0,0,0,0,0,0,0,0,0,0,0,0,0,0,0,0,0,0,0,0,0,0,0,0,0,0,0,0,0,0,0,0,0,0,0,0,0,0,0,0,0,0,0,0,0,0,0,0,0,0,0,0,0,0,0,0,19,93.14,95.9,40,100,5631,34,65.9,112,37,83,40,13.9,25.5
107500,13.3,25.6,0.070,9.337,86.1,290,46.48,0.00,0,0,0,0,0.00,0,0,10.94,2000,1,0,0,0,0,0,0,0,0,0,0,0,0,0,0,0,0,0,0,0,0,0,0,0,0,0,0,0,0,0,0,0,0,0,0,0,0,0,0,0,0,0,0,0,0,0,0,0,0,0,0,0,0,0,0,0,0,0,0,0,0,0,0,0,0,0,0,0,0,0,0,0,0,0,19,93.14,95.9,40,100,6036,35,72.9,124,37,83,42,13.9,25.5
107600,13.3,25.6,0.047,9.455,85.7,300,48.83,0.00,0,0,0,0,0.00,0,0,10.94,2000,1,0,0,0,0,0,0,0,0,0,0,0,0,0,0,0,0,0,0,0,0,0,0,0,0,0,0,0,0,0,0,0,0,0,0,0,0,0,0,0,0,0,0,0,0,0,0,0,0,0,0,0,0,0,0,0,0,0,0,0,0,0,0,0,0,0,0,0,0,0,0,0,0,0,18,88.24,95.9,40,100,6288,35,72.9,124,37,83,42,13.8,25.5
107700,13.3,25.6,0.000,9.157,85.7,303,48.83,0.00,0,0,0,0,0.00,0,0,10.94,2000,1,0,0,0,0,0,0,0,0,0,0,0,0,0,0,0,0,0,0,0,0,0,0,0,0,0,0,0,0,0,0,0,0,0,0,0,0,0,0,0,0,0,0,0,0,0,0,0,0,0,0,0,0,0,0,0,0,0,0,0,0,0,0,0,0,0,0,0,0,0,0,0,0,0,19,93.14,96.2,37,100,6437,35,72.9,124,37,83,44,13.9,25.5
107800,13.3,25.6,0.000,9.195,85.3,306,49.61,0.00,0,0,0,0,0.00,0,0,10.94,2000,1,0,0,0,0,0,0,0,0,0,0,0,0,0,0,0,0,0,0,0,0,0,0,0,0,0,0,0,0,0,0,0,0,0,0,0,0,0,0,0,0,0,0,0,0,0,0,0,0,0,0,0,0,0,0,0,0,0,0,0,0,0,0,0,0,0,0,0,0,0,0,0,0,0,19,93.14,96.2,37,100,6547,35,73.3,125,37,83,44,13.8,25.5
107900,13.3,25.6,0.000,9.195,85.3,306,49.61,0.00,0,0,0,0,0.00,0,0,10.94,2000,1,0,0,0,0,0,0,0,0,0,0,0,0,0,0,0,0,0,0,0,0,0,0,0,0,0,0,0,0,0,0,0,0,0,0,0,0,0,0,0,0,0,0,0,0,0,0,0,0,0,0,0,0,0,0,0,0,0,0,0,0,0,0,0,0,0,0,0,0,0,0,0,0,0,19,93.14,96.2,37,100,6547,35,73.3,125,37,83,44,13.8,25.5
108000,13.3,25.6,0.000,9.237,84.9,305,50.39,0.00,0,0,0,0,0.00,0,0,10.94,2000,1,0,0,0,0,0,0,0,0,0,0,0,0,0,0,0,0,0,0,0,0,0,0,0,0,0,0,0,0,0,0,0,0,0,0,0,0,0,0,0,0,0,0,0,0,0,0,0,0,0,0,0,0,0,0,0,0,0,0,0,0,0,0,0,0,0,0,0,0,0,0,0,0,0,21,102.94,96.2,37,100,6660,35,74.5,127,37,83,46,13.5,25.5
108100,13.3,25.6,0.000,9.268,84.9,307,51.17,0.00,0,0,0,0,0.00,0,0,10.94,2000,1,0,0,0,0,0,0,0,0,0,0,0,0,0,0,0,0,0,0,0,0,0,0,0,0,0,0,0,0,0,0,0,0,0,0,0,0,0,0,0,0,0,0,0,0,0,0,0,0,0,0,0,0,0,0,0,0,0,0,0,0,0,0,0,0,0,0,0,0,0,0,0,0,0,22,107.84,96.2,37,100,6652,35,74.5,127,37,83,46,13.5,25.5
108200,13.3,25.6,0.000,9.226,84.9,307,51.17,0.00,0,0,0,0,0.00,0,0,10.94,2000,1,0,0,0,0,0,0,0,0,0,0,0,0,0,0,0,0,0,0,0,0,0,0,0,0,0,0,0,0,0,0,0,0,0,0,0,0,0,0,0,0,0,0,0,0,0,0,0,0,0,0,0,0,0,0,0,0,0,0,0,0,0,0,0,0,0,0,0,0,0,0,0,0,0,20,98.04,96.2,37,100,6686,35,74.5,127,37,83,47,13.8,25.5
108300,13.3,25.6,0.000,9.271,84.5,310,51.56,0.00,0,0,0,0,0.00,0,0,10.94,2000,1,0,0,0,0,0,0,0,0,0,0,0,0,0,0,0,0,0,0,0,0,0,0,0,0,0,0,0,0,0,0,0,0,0,0,0,0,0,0,0,0,0,0,0,0,0,0,0,0,0,0,0,0,0,0,0,0,0,0,0,0,0,0,0,0,0,0,0,0,0,0,0,0,0,19,93.14,96.2,37,100,6725,35,74.5,127,37,83,48,13.9,25.5
108400,13.3,25.6,0.000,9.271,84.5,310,51.56,0.00,0,0,0,0,0.00,0,0,10.94,2000,1,0,0,0,0,0,0,0,0,0,0,0,0,0,0,0,0,0,0,0,0,0,0,0,0,0,0,0,0,0,0,0,0,0,0,0,0,0,0,0,0,0,0,0,0,0,0,0,0,0,0,0,0,0,0,0,0,0,0,0,0,0,0,0,0,0,0,0,0,0,0,0,0,0,19,93.14,96.2,37,100,6725,35,74.5,127,37,83,48,13.9,25.5
108500,13.3,25.6,0.000,9.302,84.1,314,52.34,0.00,0,0,0,0,0.00,0,0,10.94,2000,1,0,0,0,0,0,0,0,0,0,0,0,0,0,0,0,0,0,0,0,0,0,0,0,0,0,0,0,0,0,0,0,0,0,0,0,0,0,0,0,0,0,0,0,0,0,0,0,0,0,0,0,0,0,0,0,0,0,0,0,0,0,0,0,0,0,0,0,0,0,0,0,0,0,19,93.14,96.2,37,100,6780,35,74.5,127,37,84,50,13.8,25.5
108600,13.3,25.6,0.000,9.302,84.1,314,52.34,0.00,0,0,0,0,0.00,0,0,10.94,2000,1,0,0,0,0,0,0,0,0,0,0,0,0,0,0,0,0,0,0,0,0,0,0,0,0,0,0,0,0,0,0,0,0,0,0,0,0,0,0,0,0,0,0,0,0,0,0,0,0,0,0,0,0,0,0,0,0,0,0,0,0,0,0,0,0,0,0,0,0,0,0,0,0,0,19,93.14,96.2,37,100,6780,35,74.5,127,37,84,50,13.8,25.5
108700,13.3,25.6,0.000,9.302,83.8,314,52.73,0.00,0,0,0,0,0.00,0,0,10.94,2000,1,0,0,0,0,0,0,0,0,0,0,0,0,0,0,0,0,0,0,0,0,0,0,0,0,0,0,0,0,0,0,0,0,0,0,0,0,0,0,0,0,0,0,0,0,0,0,0,0,0,0,0,0,0,0,0,0,0,0,0,0,0,0,0,0,0,0,0,0,0,0,0,0,0,19,93.14,96.5,37,100,6804,35,74.5,127,37,84,50,13.8,25.5
108800,13.3,25.6,0.000,9.302,83.8,314,52.73,0.00,0,0,0,0,0.00,0,0,10.94,2000,1,0,0,0,0,0,0,0,0,0,0,0,0,0,0,0,0,0,0,0,0,0,0,0,0,0,0,0,0,0,0,0,0,0,0,0,0,0,0,0,0,0,0,0,0,0,0,0,0,0,0,0,0,0,0,0,0,0,0,0,0,0,0,0,0,0,0,0,0,0,0,0,0,0,18,88.24,96.5,37,100,6828,35,74.5,127,37,84,51,13.8,25.5
108900,13.3,25.6,0.000,9.302,83.8,314,52.73,0.00,0,0,0,0,0.00,0,0,10.94,2000,1,0,0,0,0,0,0,0,0,0,0,0,0,0,0,0,0,0,0,0,0,0,0,0,0,0,0,0,0,0,0,0,0,0,0,0,0,0,0,0,0,0,0,0,0,0,0,0,0,0,0,0,0,0,0,0,0,0,0,0,0,0,0,0,0,0,0,0,0,0,0,0,0,0,18,88.24,96.5,37,100,6841,35,74.5,127,37,84,52,13.9,25.5
109000,13.3,25.6,0.000,9.330,83.8,315,52.73,0.00,0,0,0,0,0.00,0,0,10.94,2000,1,0,0,0,0,0,0,0,0,0,0,0,0,0,0,0,0,0,0,0,0,0,0,0,0,0,0,0,0,0,0,0,0,0,0,0,0,0,0,0,0,0,0,0,0,0,0,0,0,0,0,0,0,0,0,0,0,0,0,0,0,0,0,0,0,0,0,0,0,0,0,0,0,0,19,93.14,96.5,37,100,6847,35,74.5,127,37,84,53,13.8,25.5
109100,13.3,25.6,0.000,9.330,83.8,315,52.73,0.00,0,0,0,0,0.00,0,0,10.94,2000,1,0,0,0,0,0,0,0,0,0,0,0,0,0,0,0,0,0,0,0,0,0,0,0,0,0,0,0,0,0,0,0,0,0,0,0,0,0,0,0,0,0,0,0,0,0,0,0,0,0,0,0,0,0,0,0,0,0,0,0,0,0,0,0,0,0,0,0,0,0,0,0,0,0,19,93.14,96.5,37,100,6847,35,74.5,127,37,84,53,13.8,25.5
109200,13.3,25.6,0.000,9.330,83.8,315,53.12,0.00,0,0,0,0,0.00,0,0,10.94,2000,1,0,0,0,0,0,0,0,0,0,0,0,0,0,0,0,0,0,0,0,0,0,0,0,0,0,0,0,0,0,0,0,0,0,0,0,0,0,0,0,0,0,0,0,0,0,0,0,0,0,0,0,0,0,0,0,0,0,0,0,0,0,0,0,0,0,0,0,0,0,0,0,0,0,19,93.14,96.5,37,100,6866,35,74.5,127,37,84,54,13.8,25.5
109300,13.3,25.6,0.000,9.358,83.8,316,53.52,0.00,0,0,0,0,0.00,0,0,10.94,2000,1,0,0,0,0,0,0,0,0,0,0,0,0,0,0,0,0,0,0,0,0,0,0,0,0,0,0,0,0,0,0,0,0,0,0,0,0,0,0,0,0,0,0,0,0,0,0,0,0,0,0,0,0,0,0,0,0,0,0,0,0,0,0,0,0,0,0,0,0,0,0,0,0,0,19,93.14,96.5,37,100,6866,35,74.5,127,37,84,54,13.8,25.5
109400,13.3,25.6,0.000,9.344,83.8,317,53.52,0.00,0,0,0,0,0.00,0,0,10.94,2000,1,0,0,0,0,0,0,0,0,0,0,0,0,0,0,0,0,0,0,0,0,0,0,0,0,0,0,0,0,0,0,0,0,0,0,0,0,0,0,0,0,0,0,0,0,0,0,0,0,0,0,0,0,0,0,0,0,0,0,0,0,0,0,0,0,0,0,0,0,0,0,0,0,0,18,88.24,96.5,37,100,6890,35,74.5,127,37,84,55,13.9,25.5
109500,13.3,25.6,0.000,9.344,83.4,317,53.52,0.00,0,0,0,0,0.00,0,0,10.94,2000,1,0,0,0,0,0,0,0,0,0,0,0,0,0,0,0,0,0,0,0,0,0,0,0,0,0,0,0,0,0,0,0,0,0,0,0,0,0,0,0,0,0,0,0,0,0,0,0,0,0,0,0,0,0,0,0,0,0,0,0,0,0,0,0,0,0,0,0,0,0,0,0,0,0,18,88.24,96.5,37,100,6915,35,74.5,127,37,84,57,13.8,25.5
109600,13.3,25.6,0.000,9.344,83.4,317,53.52,0.00,0,0,0,0,0.00,0,0,10.94,2000,1,0,0,0,0,0,0,0,0,0,0,0,0,0,0,0,0,0,0,0,0,0,0,0,0,0,0,0,0,0,0,0,0,0,0,0,0,0,0,0,0,0,0,0,0,0,0,0,0,0,0,0,0,0,0,0,0,0,0,0,0,0,0,0,0,0,0,0,0,0,0,0,0,0,18,88.24,96.5,37,100,6915,35,74.5,127,37,84,57,13.8,25.5
109700,12.7,25.6,0.078,10.133,86.9,295,58.59,0.00,0,1,0,0,0.00,0,0,10.94,2000,0,0,0,0,0,0,0,0,0,0,0,0,0,0,0,0,0,0,0,0,0,0,0,0,0,0,0,0,0,0,0,0,0,0,0,0,0,0,0,0,0,0,0,0,0,0,0,0,0,0,0,0,0,0,0,0,0,0,0,0,0,0,0,0,0,0,0,0,0,0,0,0,0,0,19,93.14,96.6,43,100,7007,35,100.0,170,37,84,58,13.8,25.5
109800,12.7,25.6,0.055,9.918,86.9,293,57.42,0.00,0,1,0,0,0.00,0,0,10.94,2000,1,0,0,0,0,0,0,0,0,0,0,0,0,0,0,0,0,0,0,0,0,0,0,0,0,0,0,0,0,0,0,0,0,0,0,0,0,0,0,0,0,0,0,0,0,0,0,0,0,0,0,0,0,0,0,0,0,0,0,0,0,0,0,0,0,0,0,0,0,0,0,0,0,0,19,93.14,96.6,43,100,7007,35,100.0,170,37,84,58,13.8,25.5
109900,12.7,25.6,0.031,9.673,86.9,292,56.25,0.00,0,1,0,0,0.00,0,0,10.94,2000,1,0,0,0,0,0,0,0,0,0,0,0,0,0,0,0,0,0,0,0,0,0,0,0,0,0,0,0,0,0,0,0,0,0,0,0,0,0,0,0,0,0,0,0,0,0,0,0,0,0,0,0,0,0,0,0,0,0,0,0,0,0,0,0,0,0,0,0,0,0,0,0,0,0,19,93.14,96.6,43,100,6993,35,100.0,170,37,84,59,13.8,25.5
110000,12.7,25.6,0.000,9.389,86.9,292,54.69,0.00,0,1,0,0,0.00,0,0,10.94,2000,1,0,0,0,0,0,0,0,0,0,0,0,0,0,0,0,0,0,0,0,0,0,0,0,0,0,0,0,0,0,0,0,0,0,0,0,0,0,0,0,0,0,0,0,0,0,0,0,0,0,0,0,0,0,0,0,0,0,0,0,0,0,0,0,0,0,0,0,0,0,0,0,0,0,19,93.14,96.6,43,100,7010,35,100.0,170,37,84,59,13.8,25.5
110100,12.7,25.6,0.000,9.358,86.9,291,54.69,0.00,0,1,0,0,0.00,0,0,10.94,2000,1,0,0,0,0,0,0,0,0,0,0,0,0,0,0,0,0,0,0,0,0,0,0,0,0,0,0,0,0,0,0,0,0,0,0,0,0,0,0,0,0,0,0,0,0,0,0,0,0,0,0,0,0,0,0,0,0,0,0,0,0,0,0,0,0,0,0,0,0,0,0,0,0,0,19,93.14,96.6,43,100,7041,35,100.0,170,37,84,60,13.9,25.5
110200,12.7,25.6,0.000,9.327,86.9,290,54.69,0.00,0,1,0,0,0.00,0,0,10.94,2000,1,0,0,0,0,0,0,0,0,0,0,0,0,0,0,0,0,0,0,0,0,0,0,0,0,0,0,0,0,0,0,0,0,0,0,0,0,0,0,0,0,0,0,0,0,0,0,0,0,0,0,0,0,0,0,0,0,0,0,0,0,0,0,0,0,0,0,0,0,0,0,0,0,0,18,88.24,96.6,43,100,7044,35,100.0,170,37,84,61,13.8,25.5
110300,12.7,25.6,0.000,9.327,86.9,290,54.69,0.00,0,1,0,0,0.00,0,0,10.94,2000,1,0,0,0,0,0,0,0,0,0,0,0,0,0,0,0,0,0,0,0,0,0,0,0,0,0,0,0,0,0,0,0,0,0,0,0,0,0,0,0,0,0,0,0,0,0,0,0,0,0,0,0,0,0,0,0,0,0,0,0,0,0,0,0,0,0,0,0,0,0,0,0,0,0,18,88.24,96.6,43,100,7044,35,100.0,170,37,84,61,13.8,25.5
110400,12.7,25.6,0.000,9.327,86.9,290,54.69,0.00,0,1,0,0,0.00,0,0,10.94,2000,1,0,0,0,0,0,0,0,0,0,0,0,0,0,0,0,0,0,0,0,0,0,0,0,0,0,0,0,0,0,0,0,0,0,0,0,0,0,0,0,0,0,0,0,0,0,0,0,0,0,0,0,0,0,0,0,0,0,0,0,0,0,0,0,0,0,0,0,0,0,0,0,0,0,19,93.14,96.6,43,100,7061,35,100.0,170,37,83,64,13.8,25.5
110500,12.7,25.6,0.000,9.327,86.9,290,54.69,0.00,0,1,0,0,0.00,0,0,10.94,2000,1,0,0,0,0,0,0,0,0,0,0,0,0,0,0,0,0,0,0,0,0,0,0,0,0,0,0,0,0,0,0,0,0,0,0,0,0,0,0,0,0,0,0,0,0,0,0,0,0,0,0,0,0,0,0,0,0,0,0,0,0,0,0,0,0,0,0,0,0,0,0,0,0,0,19,93.14,96.6,43,100,7061,35,100.0,170,37,83,64,13.8,25.5
110600,12.7,25.6,0.000,9.296,86.9,289,54.69,0.00,0,1,0,0,0.00,0,0,10.94,2000,1,0,0,0,0,0,0,0,0,0,0,0,0,0,0,0,0,0,0,0,0,0,0,0,0,0,0,0,0,0,0,0,0,0,0,0,0,0,0,0,0,0,0,0,0,0,0,0,0,0,0,0,0,0,0,0,0,0,0,0,0,0,0,0,0,0,0,0,0,0,0,0,0,0,19,93.14,96.6,43,100,7090,35,100.0,170,37,83,63,13.8,25.5
110700,12.7,25.6,0.000,9.233,86.9,287,54.30,0.00,0,1,0,0,0.00,0,0,10.94,2000,1,0,0,0,0,0,0,0,0,0,0,0,0,0,0,0,0,0,0,0,0,0,0,0,0,0,0,0,0,0,0,0,0,0,0,0,0,0,0,0,0,0,0,0,0,0,0,0,0,0,0,0,0,0,0,0,0,0,0,0,0,0,0,0,0,0,0,0,0,0,0,0,0,0,19,93.14,97.0,50,100,7105,35,100.0,170,37,83,64,13.8,25.5
110800,12.7,25.6,0.000,9.233,86.9,287,54.30,0.00,0,1,0,0,0.00,0,0,10.94,2000,1,0,0,0,0,0,0,0,0,0,0,0,0,0,0,0,0,0,0,0,0,0,0,0,0,0,0,0,0,0,0,0,0,0,0,0,0,0,0,0,0,0,0,0,0,0,0,0,0,0,0,0,0,0,0,0,0,0,0,0,0,0,0,0,0,0,0,0,0,0,0,0,0,0,19,93.14,97.0,50,100,7137,35,100.0,170,37,83,64,13.8,25.5
110900,12.7,25.6,0.000,9.233,86.9,287,54.69,0.00,0,1,0,0,0.00,0,0,10.94,2000,1,0,0,0,0,0,0,0,0,0,0,0,0,0,0,0,0,0,0,0,0,0,0,0,0,0,0,0,0,0,0,0,0,0,0,0,0,0,0,0,0,0,0,0,0,0,0,0,0,0,0,0,0,0,0,0,0,0,0,0,0,0,0,0,0,0,0,0,0,0,0,0,0,0,20,98.04,97.0,50,100,7172,35,100.0,170,37,83,66,13.8,25.5
111000,12.7,25.6,0.000,9.202,86.9,286,54.69,0.00,0,1,0,0,0.00,0,0,10.94,2000,1,0,0,0,0,0,0,0,0,0,0,0,0,0,0,0,0,0,0,0,0,0,0,0,0,0,0,0,0,0,0,0,0,0,0,0,0,0,0,0,0,0,0,0,0,0,0,0,0,0,0,0,0,0,0,0,0,0,0,0,0,0,0,0,0,0,0,0,0,0,0,0,0,0,20,98.04,97.0,50,100,7172,35,100.0,170,37,83,66,13.8,25.5
111100,12.7,25.6,0.000,9.171,86.9,285,54.69,0.00,0,1,0,0,0.00,0,0,10.94,2000,1,0,0,0,0,0,0,0,0,0,0,0,0,0,0,0,0,0,0,0,0,0,0,0,0,0,0,0,0,0,0,0,0,0,0,0,0,0,0,0,0,0,0,0,0,0,0,0,0,0,0,0,0,0,0,0,0,0,0,0,0,0,0,0,0,0,0,0,0,0,0,0,0,0,19,93.14,97.0,50,100,7175,35,99.2,169,37,82,65,13.8,25.5
111200,12.7,25.6,0.000,9.171,86.9,285,54.30,0.00,0,1,0,0,0.00,0,0,10.94,2000,1,0,0,0,0,0,0,0,0,0,0,0,0,0,0,0,0,0,0,0,0,0,0,0,0,0,0,0,0,0,0,0,0,0,0,0,0,0,0,0,0,0,0,0,0,0,0,0,0,0,0,0,0,0,0,0,0,0,0,0,0,0,0,0,0,0,0,0,0,0,0,0,0,0,19,93.14,97.0,50,100,7155,35,99.2,169,37,82,65,13.8,25.5
111300,12.7,25.6,0.000,9.140,86.9,284,54.30,0.00,0,1,0,0,0.00,0,0,10.94,2000,1,0,0,0,0,0,0,0,0,0,0,0,0,0,0,0,0,0,0,0,0,0,0,0,0,0,0,0,0,0,0,0,0,0,0,0,0,0,0,0,0,0,0,0,0,0,0,0,0,0,0,0,0,0,0,0,0,0,0,0,0,0,0,0,0,0,0,0,0,0,0,0,0,0,19,93.14,97.0,50,100,7178,35,99.2,169,37,82,67,13.8,25.5
111400,12.7,25.6,0.000,9.140,86.9,284,54.69,0.00,0,1,0,0,0.00,0,0,10.94,2000,1,0,0,0,0,0,0,0,0,0,0,0,0,0,0,0,0,0,0,0,0,0,0,0,0,0,0,0,0,0,0,0,0,0,0,0,0,0,0,0,0,0,0,0,0,0,0,0,0,0,0,0,0,0,0,0,0,0,0,0,0,0,0,0,0,0,0,0,0,0,0,0,0,0,19,93.14,97.0,50,100,7202,35,99.2,169,37,82,69,13.8,25.5
111500,12.7,25.6,0.000,9.140,86.9,284,54.69,0.00,0,1,0,0,0.00,0,0,10.94,2000,1,0,0,0,0,0,0,0,0,0,0,0,0,0,0,0,0,0,0,0,0,0,0,0,0,0,0,0,0,0,0,0,0,0,0,0,0,0,0,0,0,0,0,0,0,0,0,0,0,0,0,0,0,0,0,0,0,0,0,0,0,0,0,0,0,0,0,0,0,0,0,0,0,0,19,93.14,97.0,50,100,7202,35,99.2,169,37,82,69,13.8,25.5
111600,12.7,25.6,0.000,9.171,86.9,285,54.69,0.00,0,1,0,0,0.00,0,0,10.94,2000,1,0,0,0,0,0,0,0,0,0,0,0,0,0,0,0,0,0,0,0,0,0,0,0,0,0,0,0,0,0,0,0,0,0,0,0,0,0,0,0,0,0,0,0,0,0,0,0,0,0,0,0,0,0,0,0,0,0,0,0,0,0,0,0,0,0,0,0,0,0,0,0,0,0,19,93.14,97.0,50,100,7220,35,99.2,169,37,81,69,13.8,25.5
111700,12.7,25.6,0.000,9.171,86.9,285,55.08,0.00,0,1,0,0,0.00,0,0,10.94,2000,1,0,0,0,0,0,0,0,0,0,0,0,0,0,0,0,0,0,0,0,0,0,0,0,0,0,0,0,0,0,0,0,0,0,0,0,0,0,0,0,0,0,0,0,0,0,0,0,0,0,0,0,0,0,0,0,0,0,0,0,0,0,0,0,0,0,0,0,0,0,0,0,0,0,19,93.14,97.0,54,100,7244,35,99.2,169,37,81,69,13.8,25.5
111800,12.7,25.6,0.000,9.171,86.9,285,55.08,0.00,0,1,0,0,0.00,0,0,10.94,2000,1,0,0,0,0,0,0,0,0,0,0,0,0,0,0,0,0,0,0,0,0,0,0,0,0,0,0,0,0,0,0,0,0,0,0,0,0,0,0,0,0,0,0,0,0,0,0,0,0,0,0,0,0,0,0,0,0,0,0,0,0,0,0,0,0,0,0,0,0,0,0,0,0,0,19,93.14,97.0,54,100,7244,35,99.2,169,37,81,69,13.8,25.5
111900,12.7,25.6,0.000,9.202,86.9,286,55.47,0.00,0,1,0,0,0.00,0,0,10.94,2000,1,0,0,0,0,0,0,0,0,0,0,0,0,0,0,0,0,0,0,0,0,0,0,0,0,0,0,0,0,0,0,0,0,0,0,0,0,0,0,0,0,0,0,0,0,0,0,0,0,0,0,0,0,0,0,0,0,0,0,0,0,0,0,0,0,0,0,0,0,0,0,0,0,0,18,88.24,97.0,54,100,7278,35,99.2,169,37,80,70,13.8,25.5
112000,12.7,25.6,0.000,9.202,86.9,286,55.47,0.00,0,1,0,0,0.00,0,0,10.94,2000,1,0,0,0,0,0,0,0,0,0,0,0,0,0,0,0,0,0,0,0,0,0,0,0,0,0,0,0,0,0,0,0,0,0,0,0,0,0,0,0,0,0,0,0,0,0,0,0,0,0,0,0,0,0,0,0,0,0,0,0,0,0,0,0,0,0,0,0,0,0,0,0,0,0,19,93.14,97.0,54,100,7278,35,99.2,169,37,80,70,13.8,25.5
112100,12.7,25.6,0.000,9.233,86.9,287,55.86,0.00,0,1,0,0,0.00,0,0,10.94,2000,1,0,0,0,0,0,0,0,0,0,0,0,0,0,0,0,0,0,0,0,0,0,0,0,0,0,0,0,0,0,0,0,0,0,0,0,0,0,0,0,0,0,0,0,0,0,0,0,0,0,0,0,0,0,0,0,0,0,0,0,0,0,0,0,0,0,0,0,0,0,0,0,0,0,19,93.14,97.0,54,100,7290,35,98.0,167,37,80,70,13.8,25.5
112200,12.7,25.6,0.000,9.264,86.9,288,56.25,0.00,0,1,0,0,0.00,0,0,10.94,2000,1,0,0,0,0,0,0,0,0,0,0,0,0,0,0,0,0,0,0,0,0,0,0,0,0,0,0,0,0,0,0,0,0,0,0,0,0,0,0,0,0,0,0,0,0,0,0,0,0,0,0,0,0,0,0,0,0,0,0,0,0,0,0,0,0,0,0,0,0,0,0,0,0,0,20,98.04,97.0,54,100,7305,35,98.0,167,37,80,71,13.8,25.5
112300,12.7,25.6,0.000,9.264,86.9,288,56.25,0.00,0,1,0,0,0.00,0,0,10.94,2000,1,0,0,0,0,0,0,0,0,0,0,0,0,0,0,0,0,0,0,0,0,0,0,0,0,0,0,0,0,0,0,0,0,0,0,0,0,0,0,0,0,0,0,0,0,0,0,0,0,0,0,0,0,0,0,0,0,0,0,0,0,0,0,0,0,0,0,0,0,0,0,0,0,0,20,98.04,97.0,54,100,7305,35,98.0,167,37,80,71,13.8,25.5
112400,12.7,25.6,0.000,9.264,86.9,288,56.64,0.00,0,1,0,0,0.00,0,0,10.94,2000,1,0,0,0,0,0,0,0,0,0,0,0,0,0,0,0,0,0,0,0,0,0,0,0,0,0,0,0,0,0,0,0,0,0,0,0,0,0,0,0,0,0,0,0,0,0,0,0,0,0,0,0,0,0,0,0,0,0,0,0,0,0,0,0,0,0,0,0,0,0,0,0,0,0,20,98.04,97.0,54,100,7364,35,98.8,168,37,80,73,13.8,25.5
112500,12.7,25.6,0.000,9.327,86.9,290,57.03,0.00,0,1,0,0,0.00,0,0,10.94,2000,1,0,0,0,0,0,0,0,0,0,0,0,0,0,0,0,0,0,0,0,0,0,0,0,0,0,0,0,0,0,0,0,0,0,0,0,0,0,0,0,0,0,0,0,0,0,0,0,0,0,0,0,0,0,0,0,0,0,0,0,0,0,0,0,0,0,0,0,0,0,0,0,0,0,20,98.04,97.0,54,100,7364,35,98.8,168,37,80,73,13.8,25.5
112600,12.7,25.6,0.000,9.368,86.9,290,57.42,0.00,0,1,0,0,0.00,0,0,10.94,2000,1,0,0,0,0,0,0,0,0,0,0,0,0,0,0,0,0,0,0,0,0,0,0,0,0,0,0,0,0,0,0,0,0,0,0,0,0,0,0,0,0,0,0,0,0,0,0,0,0,0,0,0,0,0,0,0,0,0,0,0,0,0,0,0,0,0,0,0,0,0,0,0,0,0,19,93.14,97.0,54,100,7374,35,98.0,167,37,79,74,13.4,25.5
112700,12.7,25.6,0.000,9.368,86.9,290,57.42,0.00,0,1,0,0,0.00,0,0,10.94,2000,1,0,0,0,0,0,0,0,0,0,0,0,0,0,0,0,0,0,0,0,0,0,0,0,0,0,0,0,0,0,0,0,0,0,0,0,0,0,0,0,0,0,0,0,0,0,0,0,0,0,0,0,0,0,0,0,0,0,0,0,0,0,0,0,0,0,0,0,0,0,0,0,0,0,19,93.14,97.2,59,100,7374,35,98.0,167,37,79,74,13.4,25.5
112800,12.7,25.6,0.000,9.358,86.9,291,57.42,0.00,0,1,0,0,0.00,0,0,10.94,2000,1,0,0,0,0,0,0,0,0,0,0,0,0,0,0,0,0,0,0,0,0,0,0,0,0,0,0,0,0,0,0,0,0,0,0,0,0,0,0,0,0,0,0,0,0,0,0,0,0,0,0,0,0,0,0,0,0,0,0,0,0,0,0,0,0,0,0,0,0,0,0,0,0,0,19,93.14,97.2,59,100,7386,35,98.8,168,37,79,73,13.8,25.5
112900,12.7,25.6,0.000,9.358,86.9,291,57.42,0.00,0,1,0,0,0.00,0,0,10.94,2000,1,0,0,0,0,0,0,0,0,0,0,0,0,0,0,0,0,0,0,0,0,0,0,0,0,0,0,0,0,0,0,0,0,0,0,0,0,0,0,0,0,0,0,0,0,0,0,0,0,0,0,0,0,0,0,0,0,0,0,0,0,0,0,0,0,0,0,0,0,0,0,0,0,0,19,93.14,97.2,59,100,7386,35,98.8,168,37,79,73,13.8,25.5
113000,12.7,25.6,0.000,9.358,86.9,291,57.42,0.00,0,1,0,0,0.00,0,0,10.94,2000,1,0,0,0,0,0,0,0,0,0,0,0,0,0,0,0,0,0,0,0,0,0,0,0,0,0,0,0,0,0,0,0,0,0,0,0,0,0,0,0,0,0,0,0,0,0,0,0,0,0,0,0,0,0,0,0,0,0,0,0,0,0,0,0,0,0,0,0,0,0,0,0,0,0,20,98.04,97.2,59,100,7396,35,98.8,168,37,79,74,13.8,25.5
113100,12.7,25.6,0.000,9.358,86.9,291,57.42,0.00,0,1,0,0,0.00,0,0,10.94,2000,1,0,0,0,0,0,0,0,0,0,0,0,0,0,0,0,0,0,0,0,0,0,0,0,0,0,0,0,0,0,0,0,0,0,0,0,0,0,0,0,0,0,0,0,0,0,0,0,0,0,0,0,0,0,0,0,0,0,0,0,0,0,0,0,0,0,0,0,0,0,0,0,0,0,19,93.14,97.2,59,100,7437,35,98.8,168,37,79,75,13.8,25.5
113200,12.7,25.6,0.000,9.358,86.9,291,57.42,0.00,0,1,0,0,0.00,0,0,10.94,2000,1,0,0,0,0,0,0,0,0,0,0,0,0,0,0,0,0,0,0,0,0,0,0,0,0,0,0,0,0,0,0,0,0,0,0,0,0,0,0,0,0,0,0,0,0,0,0,0,0,0,0,0,0,0,0,0,0,0,0,0,0,0,0,0,0,0,0,0,0,0,0,0,0,0,19,93.14,97.2,59,100,7427,35,98.8,168,37,78,75,13.5,25.5
113300,12.7,25.6,0.000,9.469,86.9,291,58.59,0.00,0,1,0,0,0.00,0,0,10.94,2000,1,0,0,0,0,0,0,0,0,0,0,0,0,0,0,0,0,0,0,0,0,0,0,0,0,0,0,0,0,0,0,0,0,0,0,0,0,0,0,0,0,0,0,0,0,0,0,0,0,0,0,0,0,0,0,0,0,0,0,0,0,0,0,0,0,0,0,0,0,0,0,0,0,0,19,93.14,97.2,59,100,7446,35,99.2,169,37,78,76,13.4,25.5
113400,12.7,25.6,0.000,9.469,86.9,291,58.59,0.00,0,1,0,0,0.00,0,0,10.94,2000,1,0,0,0,0,0,0,0,0,0,0,0,0,0,0,0,0,0,0,0,0,0,0,0,0,0,0,0,0,0,0,0,0,0,0,0,0,0,0,0,0,0,0,0,0,0,0,0,0,0,0,0,0,0,0,0,0,0,0,0,0,0,0,0,0,0,0,0,0,0,0,0,0,0,19,93.14,97.2,59,100,7446,35,99.2,169,37,78,76,13.4,25.5
113500,12.7,25.6,0.000,9.500,86.9,292,58.59,0.00,0,1,0,0,0.00,0,0,10.94,2000,1,0,0,0,0,0,0,0,0,0,0,0,0,0,0,0,0,0,0,0,0,0,0,0,0,0,0,0,0,0,0,0,0,0,0,0,0,0,0,0,0,0,0,0,0,0,0,0,0,0,0,0,0,0,0,0,0,0,0,0,0,0,0,0,0,0,0,0,0,0,0,0,0,0,19,93.14,97.2,59,100,7450,35,99.2,169,37,78,77,13.8,25.5
113600,12.7,25.6,0.000,9.458,86.9,292,58.59,0.00,0,1,0,0,0.00,0,0,10.94,2000,1,0,0,0,0,0,0,0,0,0,0,0,0,0,0,0,0,0,0,0,0,0,0,0,0,0,0,0,0,0,0,0,0,0,0,0,0,0,0,0,0,0,0,0,0,0,0,0,0,0,0,0,0,0,0,0,0,0,0,0,0,0,0,0,0,0,0,0,0,0,0,0,0,0,19,93.14,97.2,59,100,7450,35,99.2,169,37,78,77,13.8,25.5
113700,12.7,25.6,0.000,9.458,86.9,292,58.59,0.00,0,1,0,0,0.00,0,0,10.94,2000,1,0,0,0,0,0,0,0,0,0,0,0,0,0,0,0,0,0,0,0,0,0,0,0,0,0,0,0,0,0,0,0,0,0,0,0,0,0,0,0,0,0,0,0,0,0,0,0,0,0,0,0,0,0,0,0,0,0,0,0,0,0,0,0,0,0,0,0,0,0,0,0,0,0,19,93.14,98.1,65,100,7446,35,99.2,169,37,78,77,13.9,25.5
113800,12.7,25.6,0.000,9.458,86.9,292,58.59,0.00,0,1,0,0,0.00,0,0,10.94,2000,1,0,0,0,0,0,0,0,0,0,0,0,0,0,0,0,0,0,0,0,0,0,0,0,0,0,0,0,0,0,0,0,0,0,0,0,0,0,0,0,0,0,0,0,0,0,0,0,0,0,0,0,0,0,0,0,0,0,0,0,0,0,0,0,0,0,0,0,0,0,0,0,0,0,19,93.14,98.1,65,100,7446,35,99.2,169,37,78,77,13.9,25.5
113900,12.7,25.6,0.000,9.500,86.9,292,58.59,0.00,0,1,0,0,0.00,0,0,10.94,2000,1,0,0,0,0,0,0,0,0,0,0,0,0,0,0,0,0,0,0,0,0,0,0,0,0,0,0,0,0,0,0,0,0,0,0,0,0,0,0,0,0,0,0,0,0,0,0,0,0,0,0,0,0,0,0,0,0,0,0,0,0,0,0,0,0,0,0,0,0,0,0,0,0,0,20,98.04,98.1,65,100,7453,35,99.2,169,37,78,79,13.7,25.5
114000,12.7,25.6,0.000,9.500,86.9,292,58.59,0.00,0,1,0,0,0.00,0,0,10.94,2000,1,0,0,0,0,0,0,0,0,0,0,0,0,0,0,0,0,0,0,0,0,0,0,0,0,0,0,0,0,0,0,0,0,0,0,0,0,0,0,0,0,0,0,0,0,0,0,0,0,0,0,0,0,0,0,0,0,0,0,0,0,0,0,0,0,0,0,0,0,0,0,0,0,0,20,98.04,98.1,65,100,7453,35,99.2,169,37,78,79,13.7,25.5
114100,12.7,25.6,0.000,9.458,86.9,292,58.59,0.00,0,1,0,0,0.00,0,0,10.94,2000,1,0,0,0,0,0,0,0,0,0,0,0,0,0,0,0,0,0,0,0,0,0,0,0,0,0,0,0,0,0,0,0,0,0,0,0,0,0,0,0,0,0,0,0,0,0,0,0,0,0,0,0,0,0,0,0,0,0,0,0,0,0,0,0,0,0,0,0,0,0,0,0,0,0,20,98.04,98.1,65,100,7450,35,99.2,169,37,78,78,13.8,25.5
114200,12.7,25.6,0.000,9.489,86.9,293,58.59,0.00,0,1,0,0,0.00,0,0,10.94,2000,1,0,0,0,0,0,0,0,0,0,0,0,0,0,0,0,0,0,0,0,0,0,0,0,0,0,0,0,0,0,0,0,0,0,0,0,0,0,0,0,0,0,0,0,0,0,0,0,0,0,0,0,0,0,0,0,0,0,0,0,0,0,0,0,0,0,0,0,0,0,0,0,0,0,19,93.14,98.1,65,100,7450,35,98.8,168,37,78,78,13.8,25.5
114300,12.7,25.6,0.000,9.489,86.9,293,58.98,0.00,0,1,0,0,0.00,0,0,10.94,2000,0,0,0,0,0,0,0,0,0,0,0,0,0,0,0,0,0,0,0,0,0,0,0,0,0,0,0,0,0,0,0,0,0,0,0,0,0,0,0,0,0,0,0,0,0,0,0,0,0,0,0,0,0,0,0,0,0,0,0,0,0,0,0,0,0,0,0,0,0,0,0,0,0,0,19,93.14,98.1,65,100,7462,35,89.4,152,37,78,80,13.8,25.5
114400,12.7,25.6,0.000,9.489,86.9,293,58.98,0.00,0,1,0,0,0.00,0,0,10.94,2000,0,0,0,0,0,0,0,0,0,0,0,0,0,0,0,0,0,0,0,0,0,0,0,0,0,0,0,0,0,0,0,0,0,0,0,0,0,0,0,0,0,0,0,0,0,0,0,0,0,0,0,0,0,0,0,0,0,0,0,0,0,0,0,0,0,0,0,0,0,0,0,0,0,0,19,93.14,98.1,65,100,7462,35,89.4,152,37,78,80,13.8,25.5
114500,12.7,25.6,0.062,10.064,86.9,293,62.50,0.00,0,1,0,0,0.00,0,0,10.94,2000,1,0,0,0,0,0,0,0,0,0,0,0,0,0,0,0,0,0,0,0,0,0,0,0,0,0,0,0,0,0,0,0,0,0,0,0,0,0,0,0,0,0,0,0,0,0,0,0,0,0,0,0,0,0,0,0,0,0,0,0,0,0,0,0,0,0,0,0,0,0,0,0,0,0,20,98.04,98.1,65,100,7459,35,95.3,162,37,78,80,13.8,25.5
114600,12.7,25.6,0.062,10.064,86.9,293,62.50,0.00,0,1,0,0,0.00,0,0,10.94,2000,1,0,0,0,0,0,0,0,0,0,0,0,0,0,0,0,0,0,0,0,0,0,0,0,0,0,0,0,0,0,0,0,0,0,0,0,0,0,0,0,0,0,0,0,0,0,0,0,0,0,0,0,0,0,0,0,0,0,0,0,0,0,0,0,0,0,0,0,0,0,0,0,0,0,20,98.04,98.1,65,100,7459,35,95.3,162,37,78,80,13.8,25.5
114700,12.7,25.6,0.000,9.849,86.9,293,60.94,0.00,0,1,0,0,0.00,0,0,10.94,2000,1,0,0,0,0,0,0,0,0,0,0,0,0,0,0,0,0,0,0,0,0,0,0,0,0,0,0,0,0,0,0,0,0,0,0,0,0,0,0,0,0,0,0,0,0,0,0,0,0,0,0,0,0,0,0,0,0,0,0,0,0,0,0,0,0,0,0,0,0,0,0,0,0,0,20,98.04,98.8,69,100,7498,35,95.3,162,37,78,81,13.8,25.5
114800,12.7,25.6,0.000,9.520,86.9,294,59.38,0.00,0,1,0,0,0.00,0,0,10.94,2000,1,0,0,0,0,0,0,0,0,0,0,0,0,0,0,0,0,0,0,0,0,0,0,0,0,0,0,0,0,0,0,0,0,0,0,0,0,0,0,0,0,0,0,0,0,0,0,0,0,0,0,0,0,0,0,0,0,0,0,0,0,0,0,0,0,0,0,0,0,0,0,0,0,0,19,93.14,98.8,69,100,7511,35,95.3,162,37,78,82,13.9,25.5
114900,12.7,25.6,0.000,9.520,86.9,294,59.38,0.00,0,1,0,0,0.00,0,0,10.94,2000,1,0,0,0,0,0,0,0,0,0,0,0,0,0,0,0,0,0,0,0,0,0,0,0,0,0,0,0,0,0,0,0,0,0,0,0,0,0,0,0,0,0,0,0,0,0,0,0,0,0,0,0,0,0,0,0,0,0,0,0,0,0,0,0,0,0,0,0,0,0,0,0,0,0,19,93.14,98.8,69,100,7521,35,95.3,162,37,78,82,13.8,25.5
115000,12.7,25.6,0.000,9.520,86.9,294,59.38,0.00,0,1,0,0,0.00,0,0,10.94,2000,1,0,0,0,0,0,0,0,0,0,0,0,0,0,0,0,0,0,0,0,0,0,0,0,0,0,0,0,0,0,0,0,0,0,0,0,0,0,0,0,0,0,0,0,0,0,0,0,0,0,0,0,0,0,0,0,0,0,0,0,0,0,0,0,0,0,0,0,0,0,0,0,0,0,20,98.04,98.8,69,100,7511,35,95.3,162,37,78,83,13.8,25.5
115100,12.7,25.6,0.000,9.520,86.9,294,59.38,0.00,0,1,0,0,0.00,0,0,10.94,2000,1,0,0,0,0,0,0,0,0,0,0,0,0,0,0,0,0,0,0,0,0,0,0,0,0,0,0,0,0,0,0,0,0,0,0,0,0,0,0,0,0,0,0,0,0,0,0,0,0,0,0,0,0,0,0,0,0,0,0,0,0,0,0,0,0,0,0,0,0,0,0,0,0,0,20,98.04,98.8,69,100,7511,35,95.3,162,37,78,83,13.8,25.5
115200,12.7,25.6,0.000,9.552,86.9,295,59.77,0.00,0,1,0,0,0.00,0,0,10.94,2000,1,0,0,0,0,0,0,0,0,0,0,0,0,0,0,0,0,0,0,0,0,0,0,0,0,0,0,0,0,0,0,0,0,0,0,0,0,0,0,0,0,0,0,0,0,0,0,0,0,0,0,0,0,0,0,0,0,0,0,0,0,0,0,0,0,0,0,0,0,0,0,0,0,0,20,98.04,98.8,69,100,7521,35,95.7,163,37,78,83,13.8,25.5
115300,12.7,25.6,0.000,9.552,86.9,295,59.77,0.00,0,1,0,0,0.00,0,0,10.94,2000,1,0,0,0,0,0,0,0,0,0,0,0,0,0,0,0,0,0,0,0,0,0,0,0,0,0,0,0,0,0,0,0,0,0,0,0,0,0,0,0,0,0,0,0,0,0,0,0,0,0,0,0,0,0,0,0,0,0,0,0,0,0,0,0,0,0,0,0,0,0,0,0,0,0,20,98.04,98.8,69,100,7521,35,95.7,163,37,78,83,13.8,25.5
115400,12.7,25.6,0.000,9.552,86.9,295,59.77,0.00,0,1,0,0,0.00,0,0,10.94,2000,1,0,0,0,0,0,0,0,0,0,0,0,0,0,0,0,0,0,0,0,0,0,0,0,0,0,0,0,0,0,0,0,0,0,0,0,0,0,0,0,0,0,0,0,0,0,0,0,0,0,0,0,0,0,0,0,0,0,0,0,0,0,0,0,0,0,0,0,0,0,0,0,0,0,19,93.14,98.8,69,100,7544,35,95.7,163,37,78,84,13.8,25.5
115500,12.7,25.6,0.000,9.552,86.9,295,59.77,0.00,0,1,0,0,0.00,0,0,10.94,2000,1,0,0,0,0,0,0,0,0,0,0,0,0,0,0,0,0,0,0,0,0,0,0,0,0,0,0,0,0,0,0,0,0,0,0,0,0,0,0,0,0,0,0,0,0,0,0,0,0,0,0,0,0,0,0,0,0,0,0,0,0,0,0,0,0,0,0,0,0,0,0,0,0,0,20,98.04,98.8,69,100,7530,35,96.5,164,37,78,84,13.8,25.5
115600,12.7,25.6,0.000,9.552,86.9,295,59.77,0.00,0,1,0,0,0.00,0,0,10.94,2000,1,0,0,0,0,0,0,0,0,0,0,0,0,0,0,0,0,0,0,0,0,0,0,0,0,0,0,0,0,0,0,0,0,0,0,0,0,0,0,0,0,0,0,0,0,0,0,0,0,0,0,0,0,0,0,0,0,0,0,0,0,0,0,0,0,0,0,0,0,0,0,0,0,0,20,98.04,98.8,69,100,7530,35,96.5,164,37,78,85,13.8,25.5
115700,12.7,25.6,0.000,9.552,86.9,295,59.77,0.00,0,1,0,0,0.00,0,0,10.94,2000,1,0,0,0,0,0,0,0,0,0,0,0,0,0,0,0,0,0,0,0,0,0,0,0,0,0,0,0,0,0,0,0,0,0,0,0,0,0,0,0,0,0,0,0,0,0,0,0,0,0,0,0,0,0,0,0,0,0,0,0,0,0,0,0,0,0,0,0,0,0,0,0,0,0,20,98.04,98.6,72,100,7527,35,96.5,164,37,78,85,13.8,25.5
115800,12.7,25.6,0.000,9.552,86.9,295,59.77,0.00,0,1,0,0,0.00,0,0,10.94,2000,1,0,0,0,0,0,0,0,0,0,0,0,0,0,0,0,0,0,0,0,0,0,0,0,0,0,0,0,0,0,0,0,0,0,0,0,0,0,0,0,0,0,0,0,0,0,0,0,0,0,0,0,0,0,0,0,0,0,0,0,0,0,0,0,0,0,0,0,0,0,0,0,0,0,20,98.04,98.6,72,100,7527,35,96.5,164,37,78,85,13.8,25.5
115900,12.7,25.6,0.000,9.552,86.9,295,59.77,0.00,0,1,0,0,0.00,0,0,10.94,2000,1,0,0,0,0,0,0,0,0,0,0,0,0,0,0,0,0,0,0,0,0,0,0,0,0,0,0,0,0,0,0,0,0,0,0,0,0,0,0,0,0,0,0,0,0,0,0,0,0,0,0,0,0,0,0,0,0,0,0,0,0,0,0,0,0,0,0,0,0,0,0,0,0,0,19,93.14,98.6,72,100,7540,35,96.5,164,37,78,86,13.8,25.5
116000,12.7,25.6,0.000,9.552,86.9,295,59.77,0.00,0,1,0,0,0.00,0,0,10.94,2000,1,0,0,0,0,0,0,0,0,0,0,0,0,0,0,0,0,0,0,0,0,0,0,0,0,0,0,0,0,0,0,0,0,0,0,0,0,0,0,0,0,0,0,0,0,0,0,0,0,0,0,0,0,0,0,0,0,0,0,0,0,0,0,0,0,0,0,0,0,0,0,0,0,0,19,93.14,98.6,72,100,7540,35,96.5,164,37,78,86,13.8,25.5
116100,12.7,25.6,0.000,9.552,86.9,295,59.77,0.00,0,1,0,0,0.00,0,0,10.94,2000,1,0,0,0,0,0,0,0,0,0,0,0,0,0,0,0,0,0,0,0,0,0,0,0,0,0,0,0,0,0,0,0,0,0,0,0,0,0,0,0,0,0,0,0,0,0,0,0,0,0,0,0,0,0,0,0,0,0,0,0,0,0,0,0,0,0,0,0,0,0,0,0,0,0,19,93.14,98.6,72,100,7577,35,96.5,164,37,78,86,13.9,25.5
116200,12.7,25.6,0.000,9.552,86.9,295,59.77,0.00,0,1,0,0,0.00,0,0,10.94,2000,1,0,0,0,0,0,0,0,0,0,0,0,0,0,0,0,0,0,0,0,0,0,0,0,0,0,0,0,0,0,0,0,0,0,0,0,0,0,0,0,0,0,0,0,0,0,0,0,0,0,0,0,0,0,0,0,0,0,0,0,0,0,0,0,0,0,0,0,0,0,0,0,0,0,20,98.04,98.6,72,100,7573,35,96.5,164,37,78,86,13.8,25.5
116300,12.7,25.6,0.000,9.552,86.9,295,59.77,0.00,0,1,0,0,0.00,0,0,10.94,2000,1,0,0,0,0,0,0,0,0,0,0,0,0,0,0,0,0,0,0,0,0,0,0,0,0,0,0,0,0,0,0,0,0,0,0,0,0,0,0,0,0,0,0,0,0,0,0,0,0,0,0,0,0,0,0,0,0,0,0,0,0,0,0,0,0,0,0,0,0,0,0,0,0,0,20,98.04,98.6,72,100,7573,35,96.5,164,37,78,86,13.8,25.5
116400,12.7,25.6,0.000,9.552,86.9,295,60.16,0.00,0,1,0,0,0.00,0,0,10.94,2000,1,0,0,0,0,0,0,0,0,0,0,0,0,0,0,0,0,0,0,0,0,0,0,0,0,0,0,0,0,0,0,0,0,0,0,0,0,0,0,0,0,0,0,0,0,0,0,0,0,0,0,0,0,0,0,0,0,0,0,0,0,0,0,0,0,0,0,0,0,0,0,0,0,0,20,98.04,98.6,72,100,7560,35,96.5,164,37,78,88,13.9,25.5
116500,12.7,25.6,0.000,9.583,86.9,296,60.16,0.00,0,1,0,0,0.00,0,0,10.94,2000,1,0,0,0,0,0,0,0,0,0,0,0,0,0,0,0,0,0,0,0,0,0,0,0,0,0,0,0,0,0,0,0,0,0,0,0,0,0,0,0,0,0,0,0,0,0,0,0,0,0,0,0,0,0,0,0,0,0,0,0,0,0,0,0,0,0,0,0,0,0,0,0,0,0,20,98.04,98.6,72,100,7560,35,96.5,164,37,78,87,13.8,25.5
116600,12.7,25.6,0.000,9.614,86.9,297,60.55,0.00,0,1,0,0,0.00,0,0,10.94,2000,1,0,0,0,0,0,0,0,0,0,0,0,0,0,0,0,0,0,0,0,0,0,0,0,0,0,0,0,0,0,0,0,0,0,0,0,0,0,0,0,0,0,0,0,0,0,0,0,0,0,0,0,0,0,0,0,0,0,0,0,0,0,0,0,0,0,0,0,0,0,0,0,0,0,19,93.14,98.6,72,100,7590,35,96.5,164,37,78,87,13.8,25.5
116700,12.7,25.6,0.000,9.514,86.9,296,59.77,0.00,0,1,0,0,0.00,0,0,10.94,2000,1,0,0,0,0,0,0,0,0,0,0,0,0,0,0,0,0,0,0,0,0,0,0,0,0,0,0,0,0,0,0,0,0,0,0,0,0,0,0,0,0,0,0,0,0,0,0,0,0,0,0,0,0,0,0,0,0,0,0,0,0,0,0,0,0,0,0,0,0,0,0,0,0,0,20,98.04,99.3,74,100,7596,35,96.9,165,37,79,88,13.8,25.5
116800,12.7,25.6,0.000,9.514,86.9,296,59.77,0.00,0,1,0,0,0.00,0,0,10.94,2000,1,0,0,0,0,0,0,0,0,0,0,0,0,0,0,0,0,0,0,0,0,0,0,0,0,0,0,0,0,0,0,0,0,0,0,0,0,0,0,0,0,0,0,0,0,0,0,0,0,0,0,0,0,0,0,0,0,0,0,0,0,0,0,0,0,0,0,0,0,0,0,0,0,0,19,93.14,99.3,74,100,7613,35,96.9,165,37,79,88,13.8,25.5
116900,12.7,25.6,0.000,9.545,86.9,297,60.16,0.00,0,1,0,0,0.00,0,0,10.94,2000,1,0,0,0,0,0,0,0,0,0,0,0,0,0,0,0,0,0,0,0,0,0,0,0,0,0,0,0,0,0,0,0,0,0,0,0,0,0,0,0,0,0,0,0,0,0,0,0,0,0,0,0,0,0,0,0,0,0,0,0,0,0,0,0,0,0,0,0,0,0,0,0,0,0,19,93.14,99.3,74,100,7613,35,96.9,165,37,79,88,13.8,25.5
117000,12.7,25.6,0.000,9.576,86.9,297,60.55,0.00,0,1,0,0,0.00,0,0,10.94,2000,1,0,0,0,0,0,0,0,0,0,0,0,0,0,0,0,0,0,0,0,0,0,0,0,0,0,0,0,0,0,0,0,0,0,0,0,0,0,0,0,0,0,0,0,0,0,0,0,0,0,0,0,0,0,0,0,0,0,0,0,0,0,0,0,0,0,0,0,0,0,0,0,0,0,20,98.04,99.3,74,100,7626,35,96.9,165,37,79,89,13.8,25.5
117100,12.7,25.6,0.000,9.576,86.9,297,60.55,0.00,0,1,0,0,0.00,0,0,10.94,2000,1,0,0,0,0,0,0,0,0,0,0,0,0,0,0,0,0,0,0,0,0,0,0,0,0,0,0,0,0,0,0,0,0,0,0,0,0,0,0,0,0,0,0,0,0,0,0,0,0,0,0,0,0,0,0,0,0,0,0,0,0,0,0,0,0,0,0,0,0,0,0,0,0,0,20,98.04,99.3,74,100,7626,35,96.9,165,37,79,89,13.8,25.5
117200,12.7,25.6,0.000,9.545,86.9,297,60.16,0.00,0,1,0,0,0.00,0,0,10.94,2000,1,0,0,0,0,0,0,0,0,0,0,0,0,0,0,0,0,0,0,0,0,0,0,0,0,0,0,0,0,0,0,0,0,0,0,0,0,0,0,0,0,0,0,0,0,0,0,0,0,0,0,0,0,0,0,0,0,0,0,0,0,0,0,0,0,0,0,0,0,0,0,0,0,0,19,93.14,99.3,74,100,7620,35,96.5,164,37,79,90,13.8,25.5
117300,12.7,25.6,0.000,9.576,86.9,298,60.55,0.00,0,1,0,0,0.00,0,0,10.94,2000,1,0,0,0,0,0,0,0,0,0,0,0,0,0,0,0,0,0,0,0,0,0,0,0,0,0,0,0,0,0,0,0,0,0,0,0,0,0,0,0,0,0,0,0,0,0,0,0,0,0,0,0,0,0,0,0,0,0,0,0,0,0,0,0,0,0,0,0,0,0,0,0,0,0,20,98.04,99.3,74,100,7630,35,96.9,165,37,79,89,13.9,25.5
117400,12.7,25.6,0.000,9.576,86.9,298,60.55,0.00,0,1,0,0,0.00,0,0,10.94,2000,1,0,0,0,0,0,0,0,0,0,0,0,0,0,0,0,0,0,0,0,0,0,0,0,0,0,0,0,0,0,0,0,0,0,0,0,0,0,0,0,0,0,0,0,0,0,0,0,0,0,0,0,0,0,0,0,0,0,0,0,0,0,0,0,0,0,0,0,0,0,0,0,0,0,20,98.04,99.3,74,100,7623,35,96.9,165,37,79,90,13.8,25.5
117500,12.7,25.6,0.000,9.576,86.9,298,60.94,0.00,0,1,0,0,0.00,0,0,10.94,2000,1,0,0,0,0,0,0,0,0,0,0,0,0,0,0,0,0,0,0,0,0,0,0,0,0,0,0,0,0,0,0,0,0,0,0,0,0,0,0,0,0,0,0,0,0,0,0,0,0,0,0,0,0,0,0,0,0,0,0,0,0,0,0,0,0,0,0,0,0,0,0,0,0,0,20,98.04,99.3,74,100,7637,35,96.9,165,37,79,91,13.8,25.5
117600,12.7,25.6,0.000,9.576,86.9,298,60.94,0.00,0,1,0,0,0.00,0,0,10.94,2000,1,0,0,0,0,0,0,0,0,0,0,0,0,0,0,0,0,0,0,0,0,0,0,0,0,0,0,0,0,0,0,0,0,0,0,0,0,0,0,0,0,0,0,0,0,0,0,0,0,0,0,0,0,0,0,0,0,0,0,0,0,0,0,0,0,0,0,0,0,0,0,0,0,0,20,98.04,99.3,74,100,7637,35,96.9,165,37,79,91,13.8,25.5
117700,12.7,25.6,0.000,9.576,86.9,298,60.94,0.00,0,1,0,0,0.00,0,0,10.94,2000,1,0,0,0,0,0,0,0,0,0,0,0,0,0,0,0,0,0,0,0,0,0,0,0,0,0,0,0,0,0,0,0,0,0,0,0,0,0,0,0,0,0,0,0,0,0,0,0,0,0,0,0,0,0,0,0,0,0,0,0,0,0,0,0,0,0,0,0,0,0,0,0,0,0,20,98.04,100.2,78,100,7677,35,96.9,165,37,79,91,13.8,25.5
117800,12.7,25.6,0.000,9.607,86.9,299,61.33,0.00,0,1,0,0,0.00,0,0,10.94,2000,1,0,0,0,0,0,0,0,0,0,0,0,0,0,0,0,0,0,0,0,0,0,0,0,0,0,0,0,0,0,0,0,0,0,0,0,0,0,0,0,0,0,0,0,0,0,0,0,0,0,0,0,0,0,0,0,0,0,0,0,0,0,0,0,0,0,0,0,0,0,0,0,0,0,20,98.04,100.2,78,100,7664,35,96.9,165,37,79,90,13.8,25.5
117900,12.7,25.6,0.000,9.607,86.9,299,61.33,0.00,0,1,0,0,0.00,0,0,10.94,2000,1,0,0,0,0,0,0,0,0,0,0,0,0,0,0,0,0,0,0,0,0,0,0,0,0,0,0,0,0,0,0,0,0,0,0,0,0,0,0,0,0,0,0,0,0,0,0,0,0,0,0,0,0,0,0,0,0,0,0,0,0,0,0,0,0,0,0,0,0,0,0,0,0,0,20,98.04,100.2,78,100,7670,35,96.9,165,37,80,91,13.8,25.5
118000,12.7,25.6,0.000,9.607,86.9,299,61.33,0.00,0,1,0,0,0.00,0,0,10.94,2000,1,0,0,0,0,0,0,0,0,0,0,0,0,0,0,0,0,0,0,0,0,0,0,0,0,0,0,0,0,0,0,0,0,0,0,0,0,0,0,0,0,0,0,0,0,0,0,0,0,0,0,0,0,0,0,0,0,0,0,0,0,0,0,0,0,0,0,0,0,0,0,0,0,0,20,98.04,100.2,78,100,7684,35,96.9,165,37,80,91,13.8,25.5
118100,12.7,25.6,0.000,9.607,86.9,299,61.33,0.00,0,1,0,0,0.00,0,0,10.94,2000,1,0,0,0,0,0,0,0,0,0,0,0,0,0,0,0,0,0,0,0,0,0,0,0,0,0,0,0,0,0,0,0,0,0,0,0,0,0,0,0,0,0,0,0,0,0,0,0,0,0,0,0,0,0,0,0,0,0,0,0,0,0,0,0,0,0,0,0,0,0,0,0,0,0,20,98.04,100.2,78,100,7684,35,96.9,165,37,80,91,13.8,25.5
118200,12.7,25.6,0.000,9.607,86.9,299,61.33,0.00,0,1,0,0,0.00,0,0,10.94,2000,1,0,0,0,0,0,0,0,0,0,0,0,0,0,0,0,0,0,0,0,0,0,0,0,0,0,0,0,0,0,0,0,0,0,0,0,0,0,0,0,0,0,0,0,0,0,0,0,0,0,0,0,0,0,0,0,0,0,0,0,0,0,0,0,0,0,0,0,0,0,0,0,0,0,20,98.04,100.2,78,100,7670,35,96.9,165,37,80,91,13.8,25.5
118300,12.7,25.6,0.000,9.607,86.9,299,61.33,0.00,0,1,0,0,0.00,0,0,10.94,2000,1,0,0,0,0,0,0,0,0,0,0,0,0,0,0,0,0,0,0,0,0,0,0,0,0,0,0,0,0,0,0,0,0,0,0,0,0,0,0,0,0,0,0,0,0,0,0,0,0,0,0,0,0,0,0,0,0,0,0,0,0,0,0,0,0,0,0,0,0,0,0,0,0,0,20,98.04,100.2,78,100,7670,35,96.9,165,37,80,91,13.8,25.5
118400,12.7,25.6,0.000,9.607,86.9,299,60.94,0.00,0,1,0,0,0.00,0,0,10.94,2000,1,0,0,0,0,0,0,0,0,0,0,0,0,0,0,0,0,0,0,0,0,0,0,0,0,0,0,0,0,0,0,0,0,0,0,0,0,0,0,0,0,0,0,0,0,0,0,0,0,0,0,0,0,0,0,0,0,0,0,0,0,0,0,0,0,0,0,0,0,0,0,0,0,0,19,93.14,100.2,78,100,7674,35,96.9,165,37,80,92,13.8,25.5
118500,12.7,25.6,0.000,9.576,86.9,298,60.94,0.00,0,1,0,0,0.00,0,0,10.94,2000,1,0,0,0,0,0,0,0,0,0,0,0,0,0,0,0,0,0,0,0,0,0,0,0,0,0,0,0,0,0,0,0,0,0,0,0,0,0,0,0,0,0,0,0,0,0,0,0,0,0,0,0,0,0,0,0,0,0,0,0,0,0,0,0,0,0,0,0,0,0,0,0,0,0,20,98.04,100.2,78,100,7664,35,96.9,165,37,81,93,13.8,25.5
118600,12.7,25.6,0.000,9.576,86.9,298,60.94,0.00,0,1,0,0,0.00,0,0,10.94,2000,1,0,0,0,0,0,0,0,0,0,0,0,0,0,0,0,0,0,0,0,0,0,0,0,0,0,0,0,0,0,0,0,0,0,0,0,0,0,0,0,0,0,0,0,0,0,0,0,0,0,0,0,0,0,0,0,0,0,0,0,0,0,0,0,0,0,0,0,0,0,0,0,0,0,20,98.04,100.2,78,100,7660,35,96.9,165,37,81,94,13.8,25.5
118700,12.7,25.6,0.000,9.607,86.9,299,61.33,0.00,0,1,0,0,0.00,0,0,10.94,2000,1,0,0,0,0,0,0,0,0,0,0,0,0,0,0,0,0,0,0,0,0,0,0,0,0,0,0,0,0,0,0,0,0,0,0,0,0,0,0,0,0,0,0,0,0,0,0,0,0,0,0,0,0,0,0,0,0,0,0,0,0,0,0,0,0,0,0,0,0,0,0,0,0,0,20,98.04,100.8,80,100,7660,35,96.9,165,37,81,94,13.8,25.5
118800,12.7,25.6,0.000,9.607,86.9,299,61.33,0.00,0,1,0,0,0.00,0,0,10.94,2000,1,0,0,0,0,0,0,0,0,0,0,0,0,0,0,0,0,0,0,0,0,0,0,0,0,0,0,0,0,0,0,0,0,0,0,0,0,0,0,0,0,0,0,0,0,0,0,0,0,0,0,0,0,0,0,0,0,0,0,0,0,0,0,0,0,0,0,0,0,0,0,0,0,0,20,98.04,100.8,80,100,7701,35,97.6,166,37,81,93,13.8,25.5
118900,12.7,25.6,0.000,9.576,86.9,298,60.94,0.00,0,1,0,0,0.00,0,0,10.94,2000,1,0,0,0,0,0,0,0,0,0,0,0,0,0,0,0,0,0,0,0,0,0,0,0,0,0,0,0,0,0,0,0,0,0,0,0,0,0,0,0,0,0,0,0,0,0,0,0,0,0,0,0,0,0,0,0,0,0,0,0,0,0,0,0,0,0,0,0,0,0,0,0,0,0,20,98.04,100.8,80,100,7653,35,97.6,166,37,82,93,13.8,25.5
119000,12.7,25.6,0.000,9.576,86.9,298,60.94,0.00,0,1,0,0,0.00,0,0,10.94,2000,1,0,0,0,0,0,0,0,0,0,0,0,0,0,0,0,0,0,0,0,0,0,0,0,0,0,0,0,0,0,0,0,0,0,0,0,0,0,0,0,0,0,0,0,0,0,0,0,0,0,0,0,0,0,0,0,0,0,0,0,0,0,0,0,0,0,0,0,0,0,0,0,0,0,20,98.04,100.8,80,100,7677,35,97.6,166,37,82,93,13.8,25.5
119100,12.7,25.6,0.000,9.607,86.9,299,61.33,0.00,0,1,0,0,0.00,0,0,10.94,2000,1,0,0,0,0,0,0,0,0,0,0,0,0,0,0,0,0,0,0,0,0,0,0,0,0,0,0,0,0,0,0,0,0,0,0,0,0,0,0,0,0,0,0,0,0,0,0,0,0,0,0,0,0,0,0,0,0,0,0,0,0,0,0,0,0,0,0,0,0,0,0,0,0,0,20,98.04,100.8,80,100,7694,35,97.6,166,37,82,94,13.8,25.5
119200,12.7,25.6,0.000,9.607,86.9,299,61.33,0.00,0,1,0,0,0.00,0,0,10.94,2000,1,0,0,0,0,0,0,0,0,0,0,0,0,0,0,0,0,0,0,0,0,0,0,0,0,0,0,0,0,0,0,0,0,0,0,0,0,0,0,0,0,0,0,0,0,0,0,0,0,0,0,0,0,0,0,0,0,0,0,0,0,0,0,0,0,0,0,0,0,0,0,0,0,0,20,98.04,100.8,80,100,7694,35,97.6,166,37,82,94,13.8,25.5
119300,12.7,25.6,0.000,9.607,86.9,299,61.33,0.00,0,1,0,0,0.00,0,0,10.94,2000,1,0,0,0,0,0,0,0,0,0,0,0,0,0,0,0,0,0,0,0,0,0,0,0,0,0,0,0,0,0,0,0,0,0,0,0,0,0,0,0,0,0,0,0,0,0,0,0,0,0,0,0,0,0,0,0,0,0,0,0,0,0,0,0,0,0,0,0,0,0,0,0,0,0,20,98.04,100.8,80,100,7681,35,97.6,166,37,82,93,13.8,25.5
119400,12.7,25.6,0.000,9.607,86.9,299,61.33,0.00,0,1,0,0,0.00,0,0,10.94,2000,1,0,0,0,0,0,0,0,0,0,0,0,0,0,0,0,0,0,0,0,0,0,0,0,0,0,0,0,0,0,0,0,0,0,0,0,0,0,0,0,0,0,0,0,0,0,0,0,0,0,0,0,0,0,0,0,0,0,0,0,0,0,0,0,0,0,0,0,0,0,0,0,0,0,20,98.04,100.8,80,100,7681,35,97.6,166,37,82,93,13.8,25.5
119500,12.7,25.6,0.000,9.607,86.9,299,61.33,0.00,0,1,0,0,0.00,0,0,10.94,2000,1,0,0,0,0,0,0,0,0,0,0,0,0,0,0,0,0,0,0,0,0,0,0,0,0,0,0,0,0,0,0,0,0,0,0,0,0,0,0,0,0,0,0,0,0,0,0,0,0,0,0,0,0,0,0,0,0,0,0,0,0,0,0,0,0,0,0,0,0,0,0,0,0,0,20,98.04,100.8,80,100,7694,35,96.9,165,37,83,94,13.8,25.5
119600,12.7,25.6,0.000,9.607,86.9,299,61.33,0.00,0,1,0,0,0.00,0,0,10.94,2000,1,0,0,0,0,0,0,0,0,0,0,0,0,0,0,0,0,0,0,0,0,0,0,0,0,0,0,0,0,0,0,0,0,0,0,0,0,0,0,0,0,0,0,0,0,0,0,0,0,0,0,0,0,0,0,0,0,0,0,0,0,0,0,0,0,0,0,0,0,0,0,0,0,0,20,98.04,100.8,80,100,7687,35,96.5,164,37,83,94,13.8,25.5
119700,12.7,25.6,0.000,9.607,86.9,299,61.33,0.00,0,1,0,0,0.00,0,0,10.94,2000,1,0,0,0,0,0,0,0,0,0,0,0,0,0,0,0,0,0,0,0,0,0,0,0,0,0,0,0,0,0,0,0,0,0,0,0,0,0,0,0,0,0,0,0,0,0,0,0,0,0,0,0,0,0,0,0,0,0,0,0,0,0,0,0,0,0,0,0,0,0,0,0,0,0,20,98.04,101.7,82,100,7687,35,96.5,164,37,83,95,13.8,25.5
119800,12.7,25.6,0.000,9.607,86.9,299,61.33,0.00,0,1,0,0,0.00,0,0,10.94,2000,1,0,0,0,0,0,0,0,0,0,0,0,0,0,0,0,0,0,0,0,0,0,0,0,0,0,0,0,0,0,0,0,0,0,0,0,0,0,0,0,0,0,0,0,0,0,0,0,0,0,0,0,0,0,0,0,0,0,0,0,0,0,0,0,0,0,0,0,0,0,0,0,0,0,20,98.04,101.7,82,100,7687,35,96.5,164,37,83,95,13.8,25.5
119900,12.7,25.6,0.000,9.607,86.9,299,61.33,0.00,0,1,0,0,0.00,0,0,10.94,2000,1,0,0,0,0,0,0,0,0,0,0,0,0,0,0,0,0,0,0,0,0,0,0,0,0,0,0,0,0,0,0,0,0,0,0,0,0,0,0,0,0,0,0,0,0,0,0,0,0,0,0,0,0,0,0,0,0,0,0,0,0,0,0,0,0,0,0,0,0,0,0,0,0,0,19,93.14,101.7,82,100,7698,35,96.5,164,37,83,95,13.8,25.5
120000,12.7,25.6,0.000,9.607,86.9,299,61.33,0.00,0,1,0,0,0.00,0,0,10.94,2000,1,0,0,0,0,0,0,0,0,0,0,0,0,0,0,0,0,0,0,0,0,0,0,0,0,0,0,0,0,0,0,0,0,0,0,0,0,0,0,0,0,0,0,0,0,0,0,0,0,0,0,0,0,0,0,0,0,0,0,0,0,0,0,0,0,0,0,0,0,0,0,0,0,0,19,93.14,101.7,82,100,7698,35,96.5,164,37,83,95,13.8,25.5
120100,12.7,25.6,0.000,9.607,86.9,299,61.33,0.00,0,1,0,0,0.00,0,0,10.94,2000,1,0,0,0,0,0,0,0,0,0,0,0,0,0,0,0,0,0,0,0,0,0,0,0,0,0,0,0,0,0,0,0,0,0,0,0,0,0,0,0,0,0,0,0,0,0,0,0,0,0,0,0,0,0,0,0,0,0,0,0,0,0,0,0,0,0,0,0,0,0,0,0,0,0,20,98.04,101.7,82,100,7684,35,96.5,164,37,84,95,13.8,25.5
120200,12.7,25.6,0.000,9.607,86.9,299,61.33,0.00,0,1,0,0,0.00,0,0,10.94,2000,1,0,0,0,0,0,0,0,0,0,0,0,0,0,0,0,0,0,0,0,0,0,0,0,0,0,0,0,0,0,0,0,0,0,0,0,0,0,0,0,0,0,0,0,0,0,0,0,0,0,0,0,0,0,0,0,0,0,0,0,0,0,0,0,0,0,0,0,0,0,0,0,0,0,20,98.04,101.7,82,100,7684,35,96.5,164,37,84,95,13.8,25.5
120300,12.7,25.6,0.000,9.607,86.9,299,61.33,0.00,0,1,0,0,0.00,0,0,10.94,2000,1,0,0,0,0,0,0,0,0,0,0,0,0,0,0,0,0,0,0,0,0,0,0,0,0,0,0,0,0,0,0,0,0,0,0,0,0,0,0,0,0,0,0,0,0,0,0,0,0,0,0,0,0,0,0,0,0,0,0,0,0,0,0,0,0,0,0,0,0,0,0,0,0,0,20,98.04,101.7,82,100,7694,35,96.5,164,37,84,96,13.8,25.5
120400,12.7,25.6,0.000,9.607,86.9,299,61.33,0.00,0,1,0,0,0.00,0,0,10.94,2000,1,0,0,0,0,0,0,0,0,0,0,0,0,0,0,0,0,0,0,0,0,0,0,0,0,0,0,0,0,0,0,0,0,0,0,0,0,0,0,0,0,0,0,0,0,0,0,0,0,0,0,0,0,0,0,0,0,0,0,0,0,0,0,0,0,0,0,0,0,0,0,0,0,0,20,98.04,101.7,82,100,7684,35,96.5,164,37,84,96,13.8,25.5
120500,12.7,25.6,0.000,9.607,86.9,299,61.33,0.00,0,1,0,0,0.00,0,0,10.94,2000,1,0,0,0,0,0,0,0,0,0,0,0,0,0,0,0,0,0,0,0,0,0,0,0,0,0,0,0,0,0,0,0,0,0,0,0,0,0,0,0,0,0,0,0,0,0,0,0,0,0,0,0,0,0,0,0,0,0,0,0,0,0,0,0,0,0,0,0,0,0,0,0,0,0,20,98.04,101.7,82,100,7681,35,96.5,164,37,84,95,13.8,25.5
120600,12.7,25.6,0.000,9.607,86.9,299,61.33,0.00,0,1,0,0,0.00,0,0,10.94,2000,1,0,0,0,0,0,0,0,0,0,0,0,0,0,0,0,0,0,0,0,0,0,0,0,0,0,0,0,0,0,0,0,0,0,0,0,0,0,0,0,0,0,0,0,0,0,0,0,0,0,0,0,0,0,0,0,0,0,0,0,0,0,0,0,0,0,0,0,0,0,0,0,0,0,20,98.04,101.7,82,100,7681,35,96.5,164,37,84,95,13.8,25.5
120700,12.7,25.6,0.000,9.607,86.9,299,61.33,0.00,0,1,0,0,0.00,0,0,10.94,2000,1,0,0,0,0,0,0,0,0,0,0,0,0,0,0,0,0,0,0,0,0,0,0,0,0,0,0,0,0,0,0,0,0,0,0,0,0,0,0,0,0,0,0,0,0,0,0,0,0,0,0,0,0,0,0,0,0,0,0,0,0,0,0,0,0,0,0,0,0,0,0,0,0,0,20,98.04,102.5,84,100,7694,35,96.5,164,37,84,97,13.8,25.5
120800,12.7,25.6,0.000,9.607,86.9,299,61.33,0.00,0,1,0,0,0.00,0,0,10.94,2000,1,0,0,0,0,0,0,0,0,0,0,0,0,0,0,0,0,0,0,0,0,0,0,0,0,0,0,0,0,0,0,0,0,0,0,0,0,0,0,0,0,0,0,0,0,0,0,0,0,0,0,0,0,0,0,0,0,0,0,0,0,0,0,0,0,0,0,0,0,0,0,0,0,0,20,98.04,102.5,84,100,7694,35,96.5,164,37,84,97,13.8,25.5
120900,12.7,25.6,0.000,9.607,86.9,299,61.33,0.00,0,1,0,0,0.00,0,0,10.94,2000,1,0,0,0,0,0,0,0,0,0,0,0,0,0,0,0,0,0,0,0,0,0,0,0,0,0,0,0,0,0,0,0,0,0,0,0,0,0,0,0,0,0,0,0,0,0,0,0,0,0,0,0,0,0,0,0,0,0,0,0,0,0,0,0,0,0,0,0,0,0,0,0,0,0,20,98.04,102.5,84,100,7694,35,96.5,164,37,84,97,13.8,25.5
121000,12.7,25.6,0.000,9.607,86.9,299,61.33,0.00,0,1,0,0,0.00,0,0,10.94,2000,1,0,0,0,0,0,0,0,0,0,0,0,0,0,0,0,0,0,0,0,0,0,0,0,0,0,0,0,0,0,0,0,0,0,0,0,0,0,0,0,0,0,0,0,0,0,0,0,0,0,0,0,0,0,0,0,0,0,0,0,0,0,0,0,0,0,0,0,0,0,0,0,0,0,19,93.14,102.5,84,100,7715,35,96.5,164,37,84,98,13.9,25.5
121100,12.7,25.6,0.000,9.607,86.9,299,61.33,0.00,0,1,0,0,0.00,0,0,10.94,2000,1,0,0,0,0,0,0,0,0,0,0,0,0,0,0,0,0,0,0,0,0,0,0,0,0,0,0,0,0,0,0,0,0,0,0,0,0,0,0,0,0,0,0,0,0,0,0,0,0,0,0,0,0,0,0,0,0,0,0,0,0,0,0,0,0,0,0,0,0,0,0,0,0,0,19,93.14,102.5,84,100,7715,35,96.5,164,37,84,98,13.9,25.5
121200,12.7,25.6,0.000,9.638,86.9,300,61.72,0.00,0,1,0,0,0.00,0,0,10.94,2000,1,0,0,0,0,0,0,0,0,0,0,0,0,0,0,0,0,0,0,0,0,0,0,0,0,0,0,0,0,0,0,0,0,0,0,0,0,0,0,0,0,0,0,0,0,0,0,0,0,0,0,0,0,0,0,0,0,0,0,0,0,0,0,0,0,0,0,0,0,0,0,0,0,0,20,98.04,102.5,84,100,7718,35,96.5,164,37,84,97,13.8,25.5
121300,12.7,25.6,0.000,9.638,86.9,300,61.72,0.00,0,1,0,0,0.00,0,0,10.94,2000,1,0,0,0,0,0,0,0,0,0,0,0,0,0,0,0,0,0,0,0,0,0,0,0,0,0,0,0,0,0,0,0,0,0,0,0,0,0,0,0,0,0,0,0,0,0,0,0,0,0,0,0,0,0,0,0,0,0,0,0,0,0,0,0,0,0,0,0,0,0,0,0,0,0,20,98.04,102.5,84,100,7718,35,96.5,164,37,84,97,13.8,25.5
121400,12.7,25.6,0.000,9.607,86.9,299,61.33,0.00,0,1,0,0,0.00,0,0,10.94,2000,1,0,0,0,0,0,0,0,0,0,0,0,0,0,0,0,0,0,0,0,0,0,0,0,0,0,0,0,0,0,0,0,0,0,0,0,0,0,0,0,0,0,0,0,0,0,0,0,0,0,0,0,0,0,0,0,0,0,0,0,0,0,0,0,0,0,0,0,0,0,0,0,0,0,20,98.04,102.5,84,100,7704,35,96.9,165,37,84,97,13.9,25.5
121500,12.7,25.6,0.000,9.607,86.9,299,61.33,0.00,0,1,0,0,0.00,0,0,10.94,2000,1,0,0,0,0,0,0,0,0,0,0,0,0,0,0,0,0,0,0,0,0,0,0,0,0,0,0,0,0,0,0,0,0,0,0,0,0,0,0,0,0,0,0,0,0,0,0,0,0,0,0,0,0,0,0,0,0,0,0,0,0,0,0,0,0,0,0,0,0,0,0,0,0,0,20,98.04,102.5,84,100,7704,35,95.7,163,37,84,98,13.9,25.5
121600,12.7,25.6,0.000,9.607,86.9,299,61.33,0.00,0,1,0,0,0.00,0,0,10.94,2000,1,0,0,0,0,0,0,0,0,0,0,0,0,0,0,0,0,0,0,0,0,0,0,0,0,0,0,0,0,0,0,0,0,0,0,0,0,0,0,0,0,0,0,0,0,0,0,0,0,0,0,0,0,0,0,0,0,0,0,0,0,0,0,0,0,0,0,0,0,0,0,0,0,0,20,98.04,103.7,85,100,7704,35,95.7,163,37,84,98,13.9,25.5
121700,12.7,25.6,0.000,9.638,86.9,300,61.72,0.00,0,1,0,0,0.00,0,0,10.94,2000,1,0,0,0,0,0,0,0,0,0,0,0,0,0,0,0,0,0,0,0,0,0,0,0,0,0,0,0,0,0,0,0,0,0,0,0,0,0,0,0,0,0,0,0,0,0,0,0,0,0,0,0,0,0,0,0,0,0,0,0,0,0,0,0,0,0,0,0,0,0,0,0,0,0,20,98.04,103.7,85,100,7735,35,96.5,164,37,83,99,13.8,25.5
121800,12.7,25.6,0.000,9.638,86.9,300,61.72,0.00,0,1,0,0,0.00,0,0,10.94,2000,1,0,0,0,0,0,0,0,0,0,0,0,0,0,0,0,0,0,0,0,0,0,0,0,0,0,0,0,0,0,0,0,0,0,0,0,0,0,0,0,0,0,0,0,0,0,0,0,0,0,0,0,0,0,0,0,0,0,0,0,0,0,0,0,0,0,0,0,0,0,0,0,0,0,20,98.04,103.7,85,100,7725,35,96.9,165,37,83,97,13.8,25.5
121900,12.7,25.6,0.000,9.638,86.9,300,61.72,0.00,0,1,0,0,0.00,0,0,10.94,2000,1,0,0,0,0,0,0,0,0,0,0,0,0,0,0,0,0,0,0,0,0,0,0,0,0,0,0,0,0,0,0,0,0,0,0,0,0,0,0,0,0,0,0,0,0,0,0,0,0,0,0,0,0,0,0,0,0,0,0,0,0,0,0,0,0,0,0,0,0,0,0,0,0,0,20,98.04,103.7,85,100,7725,35,96.9,165,37,83,97,13.8,25.5
122000,12.7,25.6,0.000,9.638,86.9,300,61.72,0.00,0,1,0,0,0.00,0,0,10.94,2000,1,0,0,0,0,0,0,0,0,0,0,0,0,0,0,0,0,0,0,0,0,0,0,0,0,0,0,0,0,0,0,0,0,0,0,0,0,0,0,0,0,0,0,0,0,0,0,0,0,0,0,0,0,0,0,0,0,0,0,0,0,0,0,0,0,0,0,0,0,0,0,0,0,0,20,98.04,103.7,85,100,7742,35,97.6,166,37,83,98,13.8,25.5
122100,12.7,25.6,0.000,9.638,86.9,300,61.72,0.00,0,1,0,0,0.00,0,0,10.94,2000,1,0,0,0,0,0,0,0,0,0,0,0,0,0,0,0,0,0,0,0,0,0,0,0,0,0,0,0,0,0,0,0,0,0,0,0,0,0,0,0,0,0,0,0,0,0,0,0,0,0,0,0,0,0,0,0,0,0,0,0,0,0,0,0,0,0,0,0,0,0,0,0,0,0,20,98.04,103.7,85,100,7725,35,96.9,165,37,82,100,13.8,25.5
122200,12.7,25.6,0.000,9.638,86.9,300,61.72,0.00,0,1,0,0,0.00,0,0,10.94,2000,1,0,0,0,0,0,0,0,0,0,0,0,0,0,0,0,0,0,0,0,0,0,0,0,0,0,0,0,0,0,0,0,0,0,0,0,0,0,0,0,0,0,0,0,0,0,0,0,0,0,0,0,0,0,0,0,0,0,0,0,0,0,0,0,0,0,0,0,0,0,0,0,0,0,20,98.04,103.7,85,100,7728,35,97.6,166,37,82,100,13.8,25.5
122300,12.7,25.6,0.000,9.638,86.9,300,61.72,0.00,0,1,0,0,0.00,0,0,10.94,2000,1,0,0,0,0,0,0,0,0,0,0,0,0,0,0,0,0,0,0,0,0,0,0,0,0,0,0,0,0,0,0,0,0,0,0,0,0,0,0,0,0,0,0,0,0,0,0,0,0,0,0,0,0,0,0,0,0,0,0,0,0,0,0,0,0,0,0,0,0,0,0,0,0,0,19,93.14,103.7,85,100,7753,35,97.6,166,37,82,98,13.9,25.5
122400,12.7,25.6,0.000,9.638,86.9,300,61.72,0.00,0,1,0,0,0.00,0,0,10.94,2000,1,0,0,0,0,0,0,0,0,0,0,0,0,0,0,0,0,0,0,0,0,0,0,0,0,0,0,0,0,0,0,0,0,0,0,0,0,0,0,0,0,0,0,0,0,0,0,0,0,0,0,0,0,0,0,0,0,0,0,0,0,0,0,0,0,0,0,0,0,0,0,0,0,0,19,93.14,103.7,85,100,7753,35,97.6,166,37,82,98,13.9,25.5
122500,12.7,25.6,0.000,9.638,86.9,300,61.72,0.00,0,1,0,0,0.00,0,0,10.94,2000,1,0,0,0,0,0,0,0,0,0,0,0,0,0,0,0,0,0,0,0,0,0,0,0,0,0,0,0,0,0,0,0,0,0,0,0,0,0,0,0,0,0,0,0,0,0,0,0,0,0,0,0,0,0,0,0,0,0,0,0,0,0,0,0,0,0,0,0,0,0,0,0,0,0,20,98.04,103.7,85,100,7718,35,97.6,166,37,81,99,13.8,25.5
122600,12.7,25.6,0.000,9.607,86.9,299,61.33,0.00,0,1,0,0,0.00,0,0,10.94,2000,1,0,0,0,0,0,0,0,0,0,0,0,0,0,0,0,0,0,0,0,0,0,0,0,0,0,0,0,0,0,0,0,0,0,0,0,0,0,0,0,0,0,0,0,0,0,0,0,0,0,0,0,0,0,0,0,0,0,0,0,0,0,0,0,0,0,0,0,0,0,0,0,0,0,19,93.14,104.9,88,100,7735,35,97.6,166,37,81,100,13.8,25.5
122700,12.7,25.6,0.000,9.607,86.9,299,61.33,0.00,0,1,0,0,0.00,0,0,10.94,2000,1,0,0,0,0,0,0,0,0,0,0,0,0,0,0,0,0,0,0,0,0,0,0,0,0,0,0,0,0,0,0,0,0,0,0,0,0,0,0,0,0,0,0,0,0,0,0,0,0,0,0,0,0,0,0,0,0,0,0,0,0,0,0,0,0,0,0,0,0,0,0,0,0,0,20,98.04,104.9,88,100,7722,35,97.6,166,37,81,100,13.8,25.5
122800,12.7,25.6,0.000,9.638,86.9,300,61.72,0.00,0,1,0,0,0.00,0,0,10.94,2000,1,0,0,0,0,0,0,0,0,0,0,0,0,0,0,0,0,0,0,0,0,0,0,0,0,0,0,0,0,0,0,0,0,0,0,0,0,0,0,0,0,0,0,0,0,0,0,0,0,0,0,0,0,0,0,0,0,0,0,0,0,0,0,0,0,0,0,0,0,0,0,0,0,0,19,93.14,104.9,88,100,7739,35,97.6,166,37,81,99,13.8,25.5
122900,12.7,25.6,0.000,9.638,86.9,300,61.72,0.00,0,1,0,0,0.00,0,0,10.94,2000,1,0,0,0,0,0,0,0,0,0,0,0,0,0,0,0,0,0,0,0,0,0,0,0,0,0,0,0,0,0,0,0,0,0,0,0,0,0,0,0,0,0,0,0,0,0,0,0,0,0,0,0,0,0,0,0,0,0,0,0,0,0,0,0,0,0,0,0,0,0,0,0,0,0,19,93.14,104.9,88,100,7739,35,97.6,166,37,81,99,13.8,25.5
123000,12.7,25.6,0.000,9.638,86.9,300,61.72,0.00,0,1,0,0,0.00,0,0,10.94,2000,1,0,0,0,0,0,0,0,0,0,0,0,0,0,0,0,0,0,0,0,0,0,0,0,0,0,0,0,0,0,0,0,0,0,0,0,0,0,0,0,0,0,0,0,0,0,0,0,0,0,0,0,0,0,0,0,0,0,0,0,0,0,0,0,0,0,0,0,0,0,0,0,0,0,19,93.14,104.9,88,100,7742,35,97.6,166,37,80,100,13.8,25.5
123100,12.7,25.6,0.000,9.638,86.9,300,61.72,0.00,0,1,0,0,0.00,0,0,10.94,2000,1,0,0,0,0,0,0,0,0,0,0,0,0,0,0,0,0,0,0,0,0,0,0,0,0,0,0,0,0,0,0,0,0,0,0,0,0,0,0,0,0,0,0,0,0,0,0,0,0,0,0,0,0,0,0,0,0,0,0,0,0,0,0,0,0,0,0,0,0,0,0,0,0,0,20,98.04,104.9,88,100,7722,35,98.0,167,37,80,99,13.8,25.5
123200,12.7,25.6,0.000,9.638,86.9,300,61.72,0.00,0,1,0,0,0.00,0,0,10.94,2000,1,0,0,0,0,0,0,0,0,0,0,0,0,0,0,0,0,0,0,0,0,0,0,0,0,0,0,0,0,0,0,0,0,0,0,0,0,0,0,0,0,0,0,0,0,0,0,0,0,0,0,0,0,0,0,0,0,0,0,0,0,0,0,0,0,0,0,0,0,0,0,0,0,0,21,102.94,104.9,88,100,7742,35,98.8,168,37,80,99,13.8,25.5
123300,12.7,25.6,0.000,9.638,86.9,300,61.72,0.00,0,1,0,0,0.00,0,0,10.94,2000,1,0,0,0,0,0,0,0,0,0,0,0,0,0,0,0,0,0,0,0,0,0,0,0,0,0,0,0,0,0,0,0,0,0,0,0,0,0,0,0,0,0,0,0,0,0,0,0,0,0,0,0,0,0,0,0,0,0,0,0,0,0,0,0,0,0,0,0,0,0,0,0,0,0,21,102.94,104.9,88,100,7746,35,100.0,170,37,80,99,13.8,25.5
123400,12.7,25.6,0.000,9.638,86.9,300,61.72,0.00,0,1,0,0,0.00,0,0,10.94,2000,1,0,0,0,0,0,0,0,0,0,0,0,0,0,0,0,0,0,0,0,0,0,0,0,0,0,0,0,0,0,0,0,0,0,0,0,0,0,0,0,0,0,0,0,0,0,0,0,0,0,0,0,0,0,0,0,0,0,0,0,0,0,0,0,0,0,0,0,0,0,0,0,0,0,21,102.94,104.9,88,100,7746,35,100.0,170,37,80,99,13.8,25.5
123500,12.7,25.6,0.000,9.638,86.9,300,61.72,0.00,0,1,0,0,0.00,0,0,10.94,2000,1,0,0,0,0,0,0,0,0,0,0,0,0,0,0,0,0,0,0,0,0,0,0,0,0,0,0,0,0,0,0,0,0,0,0,0,0,0,0,0,0,0,0,0,0,0,0,0,0,0,0,0,0,0,0,0,0,0,0,0,0,0,0,0,0,0,0,0,0,0,0,0,0,0,20,98.04,104.9,88,100,7728,35,100.0,170,37,80,101,13.8,25.5
123600,12.7,25.6,0.000,9.638,86.9,300,61.72,0.00,0,1,0,0,0.00,0,0,10.94,2000,1,0,0,0,0,0,0,0,0,0,0,0,0,0,0,0,0,0,0,0,0,0,0,0,0,0,0,0,0,0,0,0,0,0,0,0,0,0,0,0,0,0,0,0,0,0,0,0,0,0,0,0,0,0,0,0,0,0,0,0,0,0,0,0,0,0,0,0,0,0,0,0,0,0,20,98.04,105.9,88,100,7728,35,100.0,170,37,80,101,13.8,25.5
123700,12.7,25.6,0.000,9.638,86.9,300,62.11,0.00,0,1,0,0,0.00,0,0,10.94,2000,1,0,0,0,0,0,0,0,0,0,0,0,0,0,0,0,0,0,0,0,0,0,0,0,0,0,0,0,0,0,0,0,0,0,0,0,0,0,0,0,0,0,0,0,0,0,0,0,0,0,0,0,0,0,0,0,0,0,0,0,0,0,0,0,0,0,0,0,0,0,0,0,0,0,20,98.04,105.9,88,100,7739,35,100.0,170,37,79,100,13.9,25.5
123800,12.7,25.6,0.000,9.638,86.9,300,61.72,0.00,0,1,0,0,0.00,0,0,10.94,2000,1,0,0,0,0,0,0,0,0,0,0,0,0,0,0,0,0,0,0,0,0,0,0,0,0,0,0,0,0,0,0,0,0,0,0,0,0,0,0,0,0,0,0,0,0,0,0,0,0,0,0,0,0,0,0,0,0,0,0,0,0,0,0,0,0,0,0,0,0,0,0,0,0,0,21,102.94,105.9,88,100,7739,35,100.0,170,37,79,101,13.8,25.5
123900,12.7,25.6,0.000,9.638,86.9,300,61.72,0.00,0,1,0,0,0.00,0,0,10.94,2000,1,0,0,0,0,0,0,0,0,0,0,0,0,0,0,0,0,0,0,0,0,0,0,0,0,0,0,0,0,0,0,0,0,0,0,0,0,0,0,0,0,0,0,0,0,0,0,0,0,0,0,0,0,0,0,0,0,0,0,0,0,0,0,0,0,0,0,0,0,0,0,0,0,0,20,98.04,105.9,88,100,7753,35,100.0,170,37,79,101,13.8,25.5
124000,12.7,25.6,0.000,9.638,86.9,300,61.72,0.00,0,1,0,0,0.00,0,0,10.94,2000,1,0,0,0,0,0,0,0,0,0,0,0,0,0,0,0,0,0,0,0,0,0,0,0,0,0,0,0,0,0,0,0,0,0,0,0,0,0,0,0,0,0,0,0,0,0,0,0,0,0,0,0,0,0,0,0,0,0,0,0,0,0,0,0,0,0,0,0,0,0,0,0,0,0,20,98.04,105.9,88,100,7725,35,100.0,170,37,79,101,13.8,25.5
124100,12.7,25.6,0.000,9.638,86.9,300,61.72,0.00,0,1,0,0,0.00,0,0,10.94,2000,1,0,0,0,0,0,0,0,0,0,0,0,0,0,0,0,0,0,0,0,0,0,0,0,0,0,0,0,0,0,0,0,0,0,0,0,0,0,0,0,0,0,0,0,0,0,0,0,0,0,0,0,0,0,0,0,0,0,0,0,0,0,0,0,0,0,0,0,0,0,0,0,0,0,20,98.04,105.9,88,100,7725,35,100.0,170,37,79,101,13.8,25.5
124200,12.7,25.6,0.000,9.638,86.9,300,61.72,0.00,0,1,0,0,0.00,0,0,10.94,2000,1,0,0,0,0,0,0,0,0,0,0,0,0,0,0,0,0,0,0,0,0,0,0,0,0,0,0,0,0,0,0,0,0,0,0,0,0,0,0,0,0,0,0,0,0,0,0,0,0,0,0,0,0,0,0,0,0,0,0,0,0,0,0,0,0,0,0,0,0,0,0,0,0,0,19,93.14,105.9,88,100,7753,35,100.0,170,37,79,101,13.8,25.5
124300,12.7,25.6,0.000,9.638,86.9,300,61.72,0.00,0,1,0,0,0.00,0,0,10.94,2000,1,0,0,0,0,0,0,0,0,0,0,0,0,0,0,0,0,0,0,0,0,0,0,0,0,0,0,0,0,0,0,0,0,0,0,0,0,0,0,0,0,0,0,0,0,0,0,0,0,0,0,0,0,0,0,0,0,0,0,0,0,0,0,0,0,0,0,0,0,0,0,0,0,0,20,98.04,105.9,88,100,7749,35,100.0,170,37,79,101,13.8,25.5
124400,12.7,25.6,0.000,9.638,86.9,300,61.72,0.00,0,1,0,0,0.00,0,0,10.94,2000,1,0,0,0,0,0,0,0,0,0,0,0,0,0,0,0,0,0,0,0,0,0,0,0,0,0,0,0,0,0,0,0,0,0,0,0,0,0,0,0,0,0,0,0,0,0,0,0,0,0,0,0,0,0,0,0,0,0,0,0,0,0,0,0,0,0,0,0,0,0,0,0,0,0,19,93.14,105.9,88,100,7732,35,100.0,170,37,79,102,13.8,25.5
124500,12.7,25.6,0.000,9.683,86.9,300,62.11,0.00,0,1,0,0,0.00,0,0,10.94,2000,1,0,0,0,0,0,0,0,0,0,0,0,0,0,0,0,0,0,0,0,0,0,0,0,0,0,0,0,0,0,0,0,0,0,0,0,0,0,0,0,0,0,0,0,0,0,0,0,0,0,0,0,0,0,0,0,0,0,0,0,0,0,0,0,0,0,0,0,0,0,0,0,0,0,20,98.04,105.9,88,100,7749,35,100.0,170,37,78,100,13.9,25.5
124600,12.7,25.6,0.000,9.683,86.9,300,62.11,0.00,0,1,0,0,0.00,0,0,10.94,2000,1,0,0,0,0,0,0,0,0,0,0,0,0,0,0,0,0,0,0,0,0,0,0,0,0,0,0,0,0,0,0,0,0,0,0,0,0,0,0,0,0,0,0,0,0,0,0,0,0,0,0,0,0,0,0,0,0,0,0,0,0,0,0,0,0,0,0,0,0,0,0,0,0,0,20,98.04,107.0,88,100,7735,35,100.0,170,37,78,100,13.9,25.5
124700,12.7,25.6,0.000,9.683,86.9,300,62.11,0.00,0,1,0,0,0.00,0,0,10.94,2000,1,0,0,0,0,0,0,0,0,0,0,0,0,0,0,0,0,0,0,0,0,0,0,0,0,0,0,0,0,0,0,0,0,0,0,0,0,0,0,0,0,0,0,0,0,0,0,0,0,0,0,0,0,0,0,0,0,0,0,0,0,0,0,0,0,0,0,0,0,0,0,0,0,0,20,98.04,107.0,88,100,7735,35,100.0,170,37,78,100,13.9,25.5
124800,12.7,25.6,0.000,9.707,86.9,300,62.11,0.00,0,1,0,0,0.00,0,0,10.94,2000,1,0,0,0,0,0,0,0,0,0,0,0,0,0,0,0,0,0,0,0,0,0,0,0,0,0,0,0,0,0,0,0,0,0,0,0,0,0,0,0,0,0,0,0,0,0,0,0,0,0,0,0,0,0,0,0,0,0,0,0,0,0,0,0,0,0,0,0,0,0,0,0,0,0,20,98.04,107.0,88,100,7728,35,100.0,170,37,78,100,13.8,25.5
124900,12.7,25.6,0.000,9.707,86.9,300,62.50,0.00,0,1,0,0,0.00,0,0,10.94,2000,1,0,0,0,0,0,0,0,0,0,0,0,0,0,0,0,0,0,0,0,0,0,0,0,0,0,0,0,0,0,0,0,0,0,0,0,0,0,0,0,0,0,0,0,0,0,0,0,0,0,0,0,0,0,0,0,0,0,0,0,0,0,0,0,0,0,0,0,0,0,0,0,0,0,20,98.04,107.0,88,100,7760,35,100.0,170,37,78,101,13.8,25.5
125000,12.7,25.6,0.000,9.707,86.9,300,62.50,0.00,0,1,0,0,0.00,0,0,10.94,2000,1,0,0,0,0,0,0,0,0,0,0,0,0,0,0,0,0,0,0,0,0,0,0,0,0,0,0,0,0,0,0,0,0,0,0,0,0,0,0,0,0,0,0,0,0,0,0,0,0,0,0,0,0,0,0,0,0,0,0,0,0,0,0,0,0,0,0,0,0,0,0,0,0,0,20,98.04,107.0,88,100,7732,35,100.0,170,37,78,100,13.8,25.5
125100,12.7,25.6,0.000,9.707,86.9,300,62.50,0.00,0,1,0,0,0.00,0,0,10.94,2000,1,0,0,0,0,0,0,0,0,0,0,0,0,0,0,0,0,0,0,0,0,0,0,0,0,0,0,0,0,0,0,0,0,0,0,0,0,0,0,0,0,0,0,0,0,0,0,0,0,0,0,0,0,0,0,0,0,0,0,0,0,0,0,0,0,0,0,0,0,0,0,0,0,0,21,102.94,107.0,88,100,7753,35,100.0,170,37,78,101,13.8,25.5
125200,12.7,25.6,0.000,9.707,86.9,300,62.50,0.00,0,1,0,0,0.00,0,0,10.94,2000,1,0,0,0,0,0,0,0,0,0,0,0,0,0,0,0,0,0,0,0,0,0,0,0,0,0,0,0,0,0,0,0,0,0,0,0,0,0,0,0,0,0,0,0,0,0,0,0,0,0,0,0,0,0,0,0,0,0,0,0,0,0,0,0,0,0,0,0,0,0,0,0,0,0,21,102.94,107.0,88,100,7749,35,100.0,170,37,78,100,13.8,25.5
125300,12.7,25.6,0.000,9.707,86.9,300,62.50,0.00,0,1,0,0,0.00,0,0,10.94,2000,1,0,0,0,0,0,0,0,0,0,0,0,0,0,0,0,0,0,0,0,0,0,0,0,0,0,0,0,0,0,0,0,0,0,0,0,0,0,0,0,0,0,0,0,0,0,0,0,0,0,0,0,0,0,0,0,0,0,0,0,0,0,0,0,0,0,0,0,0,0,0,0,0,0,21,102.94,107.0,88,100,7749,35,100.0,170,37,78,100,13.8,25.5
125400,12.7,25.6,0.000,9.707,86.9,300,62.50,0.00,0,1,0,0,0.00,0,0,10.94,2000,1,0,0,0,0,0,0,0,0,0,0,0,0,0,0,0,0,0,0,0,0,0,0,0,0,0,0,0,0,0,0,0,0,0,0,0,0,0,0,0,0,0,0,0,0,0,0,0,0,0,0,0,0,0,0,0,0,0,0,0,0,0,0,0,0,0,0,0,0,0,0,0,0,0,21,102.94,107.0,88,100,7760,35,100.0,170,38,78,101,13.8,25.5
125500,12.7,25.6,0.000,9.707,86.9,300,62.50,0.00,0,1,0,0,0.00,0,0,10.94,2000,1,0,0,0,0,0,0,0,0,0,0,0,0,0,0,0,0,0,0,0,0,0,0,0,0,0,0,0,0,0,0,0,0,0,0,0,0,0,0,0,0,0,0,0,0,0,0,0,0,0,0,0,0,0,0,0,0,0,0,0,0,0,0,0,0,0,0,0,0,0,0,0,0,0,21,102.94,107.0,88,100,7760,35,100.0,170,38,78,101,13.8,25.5
125600,12.7,25.6,0.000,9.683,86.9,300,62.11,0.00,0,1,0,0,0.00,0,0,10.94,2000,1,0,0,0,0,0,0,0,0,0,0,0,0,0,0,0,0,0,0,0,0,0,0,0,0,0,0,0,0,0,0,0,0,0,0,0,0,0,0,0,0,0,0,0,0,0,0,0,0,0,0,0,0,0,0,0,0,0,0,0,0,0,0,0,0,0,0,0,0,0,0,0,0,0,21,102.94,108.2,91,100,7742,35,100.0,170,38,78,101,13.9,25.5
125700,12.7,25.6,0.000,9.617,86.9,300,61.72,0.00,0,1,0,0,0.00,0,0,10.94,2000,1,0,0,0,0,0,0,0,0,0,0,0,0,0,0,0,0,0,0,0,0,0,0,0,0,0,0,0,0,0,0,0,0,0,0,0,0,0,0,0,0,0,0,0,0,0,0,0,0,0,0,0,0,0,0,0,0,0,0,0,0,0,0,0,0,0,0,0,0,0,0,0,0,0,21,102.94,108.2,91,100,7760,35,100.0,170,38,79,102,13.8,25.5
125800,12.7,25.6,0.000,9.617,86.9,300,61.72,0.00,0,1,0,0,0.00,0,0,10.94,2000,1,0,0,0,0,0,0,0,0,0,0,0,0,0,0,0,0,0,0,0,0,0,0,0,0,0,0,0,0,0,0,0,0,0,0,0,0,0,0,0,0,0,0,0,0,0,0,0,0,0,0,0,0,0,0,0,0,0,0,0,0,0,0,0,0,0,0,0,0,0,0,0,0,0,20,98.04,108.2,91,100,7735,35,100.0,170,38,79,101,13.9,25.5
125900,12.7,25.6,0.000,9.617,86.9,300,61.72,0.00,0,1,0,0,0.00,0,0,10.94,2000,1,0,0,0,0,0,0,0,0,0,0,0,0,0,0,0,0,0,0,0,0,0,0,0,0,0,0,0,0,0,0,0,0,0,0,0,0,0,0,0,0,0,0,0,0,0,0,0,0,0,0,0,0,0,0,0,0,0,0,0,0,0,0,0,0,0,0,0,0,0,0,0,0,0,20,98.04,108.2,91,100,7735,35,100.0,170,38,79,102,13.8,25.5
126000,12.7,25.6,0.000,9.617,86.9,300,61.72,0.00,0,1,0,0,0.00,0,0,10.94,2000,1,0,0,0,0,0,0,0,0,0,0,0,0,0,0,0,0,0,0,0,0,0,0,0,0,0,0,0,0,0,0,0,0,0,0,0,0,0,0,0,0,0,0,0,0,0,0,0,0,0,0,0,0,0,0,0,0,0,0,0,0,0,0,0,0,0,0,0,0,0,0,0,0,0,20,98.04,108.2,91,100,7735,35,100.0,170,38,79,102,13.8,25.5
126100,12.7,25.6,0.000,9.617,86.9,300,61.72,0.00,0,1,0,0,0.00,0,0,10.94,2000,1,0,0,0,0,0,0,0,0,0,0,0,0,0,0,0,0,0,0,0,0,0,0,0,0,0,0,0,0,0,0,0,0,0,0,0,0,0,0,0,0,0,0,0,0,0,0,0,0,0,0,0,0,0,0,0,0,0,0,0,0,0,0,0,0,0,0,0,0,0,0,0,0,0,21,102.94,108.2,91,100,7770,35,100.0,170,38,79,102,13.8,25.5
126200,12.7,25.6,0.000,9.617,86.9,300,61.72,0.00,0,1,0,0,0.00,0,0,10.94,2000,1,0,0,0,0,0,0,0,0,0,0,0,0,0,0,0,0,0,0,0,0,0,0,0,0,0,0,0,0,0,0,0,0,0,0,0,0,0,0,0,0,0,0,0,0,0,0,0,0,0,0,0,0,0,0,0,0,0,0,0,0,0,0,0,0,0,0,0,0,0,0,0,0,0,20,98.04,108.2,91,100,7756,35,100.0,170,38,79,102,13.8,25.5
126300,12.7,25.6,0.000,9.617,86.9,300,61.72,0.00,0,1,0,0,0.00,0,0,10.94,2000,1,0,0,0,0,0,0,0,0,0,0,0,0,0,0,0,0,0,0,0,0,0,0,0,0,0,0,0,0,0,0,0,0,0,0,0,0,0,0,0,0,0,0,0,0,0,0,0,0,0,0,0,0,0,0,0,0,0,0,0,0,0,0,0,0,0,0,0,0,0,0,0,0,0,20,98.04,108.2,91,100,7749,35,100.0,170,38,79,101,13.8,25.5
126400,12.7,25.6,0.000,9.617,86.9,300,61.72,0.00,0,1,0,0,0.00,0,0,10.94,2000,1,0,0,0,0,0,0,0,0,0,0,0,0,0,0,0,0,0,0,0,0,0,0,0,0,0,0,0,0,0,0,0,0,0,0,0,0,0,0,0,0,0,0,0,0,0,0,0,0,0,0,0,0,0,0,0,0,0,0,0,0,0,0,0,0,0,0,0,0,0,0,0,0,0,20,98.04,108.2,91,100,7763,35,100.0,170,38,79,103,13.9,25.5
126500,12.7,25.6,0.000,9.617,86.9,300,62.11,0.00,0,1,0,0,0.00,0,0,10.94,2000,1,0,0,0,0,0,0,0,0,0,0,0,0,0,0,0,0,0,0,0,0,0,0,0,0,0,0,0,0,0,0,0,0,0,0,0,0,0,0,0,0,0,0,0,0,0,0,0,0,0,0,0,0,0,0,0,0,0,0,0,0,0,0,0,0,0,0,0,0,0,0,0,0,0,20,98.04,108.2,91,100,7763,35,100.0,170,38,79,103,13.9,25.5
126600,12.7,25.6,0.000,9.617,86.9,300,62.11,0.00,0,1,0,0,0.00,0,0,10.94,2000,1,0,0,0,0,0,0,0,0,0,0,0,0,0,0,0,0,0,0,0,0,0,0,0,0,0,0,0,0,0,0,0,0,0,0,0,0,0,0,0,0,0,0,0,0,0,0,0,0,0,0,0,0,0,0,0,0,0,0,0,0,0,0,0,0,0,0,0,0,0,0,0,0,0,20,98.04,110.1,91,100,7767,35,100.0,170,38,79,101,13.8,25.5
126700,12.7,25.6,0.000,9.617,86.9,300,62.11,0.00,0,1,0,0,0.00,0,0,10.94,2000,1,0,0,0,0,0,0,0,0,0,0,0,0,0,0,0,0,0,0,0,0,0,0,0,0,0,0,0,0,0,0,0,0,0,0,0,0,0,0,0,0,0,0,0,0,0,0,0,0,0,0,0,0,0,0,0,0,0,0,0,0,0,0,0,0,0,0,0,0,0,0,0,0,0,20,98.04,110.1,91,100,7763,35,100.0,170,38,79,101,13.8,25.5
126800,12.7,25.6,0.000,9.617,86.9,300,61.72,0.00,0,1,0,0,0.00,0,0,10.94,2000,1,0,0,0,0,0,0,0,0,0,0,0,0,0,0,0,0,0,0,0,0,0,0,0,0,0,0,0,0,0,0,0,0,0,0,0,0,0,0,0,0,0,0,0,0,0,0,0,0,0,0,0,0,0,0,0,0,0,0,0,0,0,0,0,0,0,0,0,0,0,0,0,0,0,20,98.04,110.1,91,100,7749,35,100.0,170,38,80,101,13.8,25.5
126900,12.7,25.6,0.000,9.617,86.9,300,62.11,0.00,0,1,0,0,0.00,0,0,10.94,2000,1,0,0,0,0,0,0,0,0,0,0,0,0,0,0,0,0,0,0,0,0,0,0,0,0,0,0,0,0,0,0,0,0,0,0,0,0,0,0,0,0,0,0,0,0,0,0,0,0,0,0,0,0,0,0,0,0,0,0,0,0,0,0,0,0,0,0,0,0,0,0,0,0,0,20,98.04,110.1,91,100,7760,35,100.0,170,38,80,102,13.8,25.5
127000,12.7,25.6,0.000,9.617,86.9,300,62.11,0.00,0,1,0,0,0.00,0,0,10.94,2000,1,0,0,0,0,0,0,0,0,0,0,0,0,0,0,0,0,0,0,0,0,0,0,0,0,0,0,0,0,0,0,0,0,0,0,0,0,0,0,0,0,0,0,0,0,0,0,0,0,0,0,0,0,0,0,0,0,0,0,0,0,0,0,0,0,0,0,0,0,0,0,0,0,0,20,98.04,110.1,91,100,7760,35,100.0,170,38,80,102,13.8,25.5
127100,12.7,25.6,0.000,9.648,86.9,301,62.11,0.00,0,1,0,0,0.00,0,0,10.94,2000,1,0,0,0,0,0,0,0,0,0,0,0,0,0,0,0,0,0,0,0,0,0,0,0,0,0,0,0,0,0,0,0,0,0,0,0,0,0,0,0,0,0,0,0,0,0,0,0,0,0,0,0,0,0,0,0,0,0,0,0,0,0,0,0,0,0,0,0,0,0,0,0,0,0,20,98.04,110.1,91,100,7780,35,100.0,170,38,80,102,13.8,25.5
127200,12.7,25.6,0.000,9.617,86.9,300,62.11,0.00,0,1,0,0,0.00,0,0,10.94,2000,1,0,0,0,0,0,0,0,0,0,0,0,0,0,0,0,0,0,0,0,0,0,0,0,0,0,0,0,0,0,0,0,0,0,0,0,0,0,0,0,0,0,0,0,0,0,0,0,0,0,0,0,0,0,0,0,0,0,0,0,0,0,0,0,0,0,0,0,0,0,0,0,0,0,21,102.94,110.1,91,100,7756,35,100.0,170,38,80,103,13.8,25.5
127300,12.7,25.6,0.000,9.617,86.9,300,62.11,0.00,0,1,0,0,0.00,0,0,10.94,2000,1,0,0,0,0,0,0,0,0,0,0,0,0,0,0,0,0,0,0,0,0,0,0,0,0,0,0,0,0,0,0,0,0,0,0,0,0,0,0,0,0,0,0,0,0,0,0,0,0,0,0,0,0,0,0,0,0,0,0,0,0,0,0,0,0,0,0,0,0,0,0,0,0,0,21,102.94,110.1,91,100,7763,35,100.0,170,38,80,102,13.8,25.5
127400,12.7,25.6,0.000,9.617,86.9,300,61.72,0.00,0,1,0,0,0.00,0,0,10.94,2000,1,0,0,0,0,0,0,0,0,0,0,0,0,0,0,0,0,0,0,0,0,0,0,0,0,0,0,0,0,0,0,0,0,0,0,0,0,0,0,0,0,0,0,0,0,0,0,0,0,0,0,0,0,0,0,0,0,0,0,0,0,0,0,0,0,0,0,0,0,0,0,0,0,0,21,102.94,110.1,91,100,7742,35,100.0,170,38,80,102,13.8,25.5
127500,12.7,25.6,0.000,9.648,86.9,301,62.11,0.00,0,1,0,0,0.00,0,0,10.94,2000,1,0,0,0,0,0,0,0,0,0,0,0,0,0,0,0,0,0,0,0,0,0,0,0,0,0,0,0,0,0,0,0,0,0,0,0,0,0,0,0,0,0,0,0,0,0,0,0,0,0,0,0,0,0,0,0,0,0,0,0,0,0,0,0,0,0,0,0,0,0,0,0,0,0,21,102.94,110.1,91,100,7773,35,100.0,170,38,81,103,13.8,25.5
127600,12.7,25.6,0.000,9.648,86.9,301,62.11,0.00,0,1,0,0,0.00,0,0,10.94,2000,1,0,0,0,0,0,0,0,0,0,0,0,0,0,0,0,0,0,0,0,0,0,0,0,0,0,0,0,0,0,0,0,0,0,0,0,0,0,0,0,0,0,0,0,0,0,0,0,0,0,0,0,0,0,0,0,0,0,0,0,0,0,0,0,0,0,0,0,0,0,0,0,0,0,21,102.94,110.4,90,100,7773,35,100.0,170,38,81,103,13.8,25.5
127700,12.7,25.6,0.000,9.617,86.9,300,61.72,0.00,0,1,0,0,0.00,0,0,10.94,2000,1,0,0,0,0,0,0,0,0,0,0,0,0,0,0,0,0,0,0,0,0,0,0,0,0,0,0,0,0,0,0,0,0,0,0,0,0,0,0,0,0,0,0,0,0,0,0,0,0,0,0,0,0,0,0,0,0,0,0,0,0,0,0,0,0,0,0,0,0,0,0,0,0,0,20,98.04,110.4,90,100,7735,35,100.0,170,38,81,102,13.8,25.5
127800,12.7,25.6,0.000,9.617,86.9,300,61.72,0.00,0,1,0,0,0.00,0,0,10.94,2000,1,0,0,0,0,0,0,0,0,0,0,0,0,0,0,0,0,0,0,0,0,0,0,0,0,0,0,0,0,0,0,0,0,0,0,0,0,0,0,0,0,0,0,0,0,0,0,0,0,0,0,0,0,0,0,0,0,0,0,0,0,0,0,0,0,0,0,0,0,0,0,0,0,0,20,98.04,110.4,90,100,7735,35,100.0,170,38,81,102,13.8,25.5
127900,12.7,25.6,0.000,9.617,86.9,300,61.72,0.00,0,1,0,0,0.00,0,0,10.94,2000,1,0,0,0,0,0,0,0,0,0,0,0,0,0,0,0,0,0,0,0,0,0,0,0,0,0,0,0,0,0,0,0,0,0,0,0,0,0,0,0,0,0,0,0,0,0,0,0,0,0,0,0,0,0,0,0,0,0,0,0,0,0,0,0,0,0,0,0,0,0,0,0,0,0,21,102.94,110.4,90,100,7753,35,100.0,170,38,81,102,13.8,25.5
128000,12.7,25.6,0.000,9.617,86.9,300,61.72,0.00,0,1,0,0,0.00,0,0,10.94,2000,1,0,0,0,0,0,0,0,0,0,0,0,0,0,0,0,0,0,0,0,0,0,0,0,0,0,0,0,0,0,0,0,0,0,0,0,0,0,0,0,0,0,0,0,0,0,0,0,0,0,0,0,0,0,0,0,0,0,0,0,0,0,0,0,0,0,0,0,0,0,0,0,0,0,20,98.04,110.4,90,100,7753,35,100.0,170,38,82,103,13.9,25.5
128100,12.7,25.6,0.000,9.617,86.9,300,61.72,0.00,0,1,0,0,0.00,0,0,10.94,2000,1,0,0,0,0,0,0,0,0,0,0,0,0,0,0,0,0,0,0,0,0,0,0,0,0,0,0,0,0,0,0,0,0,0,0,0,0,0,0,0,0,0,0,0,0,0,0,0,0,0,0,0,0,0,0,0,0,0,0,0,0,0,0,0,0,0,0,0,0,0,0,0,0,0,21,102.94,110.4,90,100,7753,35,100.0,170,38,82,103,13.8,25.5
128200,12.7,25.6,0.000,9.617,86.9,300,61.72,0.00,0,1,0,0,0.00,0,0,10.94,2000,1,0,0,0,0,0,0,0,0,0,0,0,0,0,0,0,0,0,0,0,0,0,0,0,0,0,0,0,0,0,0,0,0,0,0,0,0,0,0,0,0,0,0,0,0,0,0,0,0,0,0,0,0,0,0,0,0,0,0,0,0,0,0,0,0,0,0,0,0,0,0,0,0,0,21,102.94,110.4,90,100,7739,35,100.0,170,38,82,102,13.8,25.5
128300,12.7,25.6,0.000,9.617,86.9,300,61.72,0.00,0,1,0,0,0.00,0,0,10.94,2000,1,0,0,0,0,0,0,0,0,0,0,0,0,0,0,0,0,0,0,0,0,0,0,0,0,0,0,0,0,0,0,0,0,0,0,0,0,0,0,0,0,0,0,0,0,0,0,0,0,0,0,0,0,0,0,0,0,0,0,0,0,0,0,0,0,0,0,0,0,0,0,0,0,0,21,102.94,110.4,90,100,7739,35,100.0,170,38,82,102,13.8,25.5
128400,12.7,25.6,0.000,9.617,86.9,300,61.72,0.00,0,1,0,0,0.00,0,0,10.94,2000,1,0,0,0,0,0,0,0,0,0,0,0,0,0,0,0,0,0,0,0,0,0,0,0,0,0,0,0,0,0,0,0,0,0,0,0,0,0,0,0,0,0,0,0,0,0,0,0,0,0,0,0,0,0,0,0,0,0,0,0,0,0,0,0,0,0,0,0,0,0,0,0,0,0,21,102.94,110.4,90,100,7773,35,100.0,170,38,82,103,13.8,25.5
128500,12.7,25.6,0.000,9.617,86.9,300,61.72,0.00,0,1,0,0,0.00,0,0,10.94,2000,1,0,0,0,0,0,0,0,0,0,0,0,0,0,0,0,0,0,0,0,0,0,0,0,0,0,0,0,0,0,0,0,0,0,0,0,0,0,0,0,0,0,0,0,0,0,0,0,0,0,0,0,0,0,0,0,0,0,0,0,0,0,0,0,0,0,0,0,0,0,0,0,0,0,21,102.94,110.4,90,100,7773,35,100.0,170,38,82,103,13.8,25.5
128600,12.7,25.6,0.000,9.617,86.9,300,61.72,0.00,0,1,0,0,0.00,0,0,10.94,2000,1,0,0,0,0,0,0,0,0,0,0,0,0,0,0,0,0,0,0,0,0,0,0,0,0,0,0,0,0,0,0,0,0,0,0,0,0,0,0,0,0,0,0,0,0,0,0,0,0,0,0,0,0,0,0,0,0,0,0,0,0,0,0,0,0,0,0,0,0,0,0,0,0,0,21,102.94,111.7,91,100,7760,35,100.0,170,38,83,102,13.8,25.5
128700,12.7,25.6,0.000,9.617,86.9,300,61.72,0.00,0,1,0,0,0.00,0,0,10.94,2000,1,0,0,0,0,0,0,0,0,0,0,0,0,0,0,0,0,0,0,0,0,0,0,0,0,0,0,0,0,0,0,0,0,0,0,0,0,0,0,0,0,0,0,0,0,0,0,0,0,0,0,0,0,0,0,0,0,0,0,0,0,0,0,0,0,0,0,0,0,0,0,0,0,0,21,102.94,111.7,91,100,7749,35,100.0,170,38,83,102,13.8,25.5
128800,12.7,25.6,0.000,9.617,86.9,300,61.72,0.00,0,1,0,0,0.00,0,0,10.94,2000,1,0,0,0,0,0,0,0,0,0,0,0,0,0,0,0,0,0,0,0,0,0,0,0,0,0,0,0,0,0,0,0,0,0,0,0,0,0,0,0,0,0,0,0,0,0,0,0,0,0,0,0,0,0,0,0,0,0,0,0,0,0,0,0,0,0,0,0,0,0,0,0,0,0,21,102.94,111.7,91,100,7749,35,100.0,170,38,83,102,13.8,25.5
128900,12.7,25.6,0.000,9.617,86.9,300,61.72,0.00,0,1,0,0,0.00,0,0,10.94,2000,1,0,0,0,0,0,0,0,0,0,0,0,0,0,0,0,0,0,0,0,0,0,0,0,0,0,0,0,0,0,0,0,0,0,0,0,0,0,0,0,0,0,0,0,0,0,0,0,0,0,0,0,0,0,0,0,0,0,0,0,0,0,0,0,0,0,0,0,0,0,0,0,0,0,21,102.94,111.7,91,100,7767,35,100.0,170,38,83,102,13.9,25.5
129000,12.7,25.6,0.000,9.617,86.9,300,61.72,0.00,0,1,0,0,0.00,0,0,10.94,2000,1,0,0,0,0,0,0,0,0,0,0,0,0,0,0,0,0,0,0,0,0,0,0,0,0,0,0,0,0,0,0,0,0,0,0,0,0,0,0,0,0,0,0,0,0,0,0,0,0,0,0,0,0,0,0,0,0,0,0,0,0,0,0,0,0,0,0,0,0,0,0,0,0,0,21,102.94,111.7,91,100,7739,35,100.0,170,38,83,102,13.9,25.5
129100,12.7,25.6,0.000,9.617,86.9,300,62.11,0.00,0,1,0,0,0.00,0,0,10.94,2000,1,0,0,0,0,0,0,0,0,0,0,0,0,0,0,0,0,0,0,0,0,0,0,0,0,0,0,0,0,0,0,0,0,0,0,0,0,0,0,0,0,0,0,0,0,0,0,0,0,0,0,0,0,0,0,0,0,0,0,0,0,0,0,0,0,0,0,0,0,0,0,0,0,0,21,102.94,111.7,91,100,7763,35,100.0,170,38,83,102,13.8,25.5
129200,12.7,25.6,0.000,9.617,86.9,300,61.72,0.00,0,1,0,0,0.00,0,0,10.94,2000,1,0,0,0,0,0,0,0,0,0,0,0,0,0,0,0,0,0,0,0,0,0,0,0,0,0,0,0,0,0,0,0,0,0,0,0,0,0,0,0,0,0,0,0,0,0,0,0,0,0,0,0,0,0,0,0,0,0,0,0,0,0,0,0,0,0,0,0,0,0,0,0,0,0,20,98.04,111.7,91,100,7746,35,100.0,170,38,83,102,13.8,25.5
129300,12.7,25.6,0.000,9.617,86.9,300,61.72,0.00,0,1,0,0,0.00,0,0,10.94,2000,1,0,0,0,0,0,0,0,0,0,0,0,0,0,0,0,0,0,0,0,0,0,0,0,0,0,0,0,0,0,0,0,0,0,0,0,0,0,0,0,0,0,0,0,0,0,0,0,0,0,0,0,0,0,0,0,0,0,0,0,0,0,0,0,0,0,0,0,0,0,0,0,0,0,20,98.04,111.7,91,100,7746,35,100.0,170,38,83,102,13.8,25.5
129400,12.7,25.6,0.000,9.617,86.9,300,61.72,0.00,0,1,0,0,0.00,0,0,10.94,2000,1,0,0,0,0,0,0,0,0,0,0,0,0,0,0,0,0,0,0,0,0,0,0,0,0,0,0,0,0,0,0,0,0,0,0,0,0,0,0,0,0,0,0,0,0,0,0,0,0,0,0,0,0,0,0,0,0,0,0,0,0,0,0,0,0,0,0,0,0,0,0,0,0,0,21,102.94,111.7,91,100,7773,35,100.0,170,38,83,103,13.8,25.5
129500,12.7,25.6,0.000,9.617,86.9,300,61.72,0.00,0,1,0,0,0.00,0,0,10.94,2000,1,0,0,0,0,0,0,0,0,0,0,0,0,0,0,0,0,0,0,0,0,0,0,0,0,0,0,0,0,0,0,0,0,0,0,0,0,0,0,0,0,0,0,0,0,0,0,0,0,0,0,0,0,0,0,0,0,0,0,0,0,0,0,0,0,0,0,0,0,0,0,0,0,0,21,102.94,111.7,91,100,7773,35,100.0,170,38,83,103,13.8,25.5
129600,12.7,25.6,0.000,9.617,86.9,300,62.11,0.00,0,1,0,0,0.00,0,0,10.94,2000,1,0,0,0,0,0,0,0,0,0,0,0,0,0,0,0,0,0,0,0,0,0,0,0,0,0,0,0,0,0,0,0,0,0,0,0,0,0,0,0,0,0,0,0,0,0,0,0,0,0,0,0,0,0,0,0,0,0,0,0,0,0,0,0,0,0,0,0,0,0,0,0,0,0,21,102.94,113.0,91,100,7756,35,100.0,170,38,83,103,13.8,25.5
129700,12.7,25.6,0.000,9.617,86.9,300,62.11,0.00,0,1,0,0,0.00,0,0,10.94,2000,1,0,0,0,0,0,0,0,0,0,0,0,0,0,0,0,0,0,0,0,0,0,0,0,0,0,0,0,0,0,0,0,0,0,0,0,0,0,0,0,0,0,0,0,0,0,0,0,0,0,0,0,0,0,0,0,0,0,0,0,0,0,0,0,0,0,0,0,0,0,0,0,0,0,21,102.94,113.0,91,100,7767,35,100.0,170,38,83,103,13.8,25.5
129800,12.7,25.6,0.000,9.617,86.9,300,62.11,0.00,0,1,0,0,0.00,0,0,10.94,2000,1,0,0,0,0,0,0,0,0,0,0,0,0,0,0,0,0,0,0,0,0,0,0,0,0,0,0,0,0,0,0,0,0,0,0,0,0,0,0,0,0,0,0,0,0,0,0,0,0,0,0,0,0,0,0,0,0,0,0,0,0,0,0,0,0,0,0,0,0,0,0,0,0,0,21,102.94,113.0,91,100,7756,35,100.0,170,38,83,103,13.8,25.5
129900,12.7,25.6,0.000,9.648,86.9,300,62.11,0.00,0,1,0,0,0.00,0,0,10.94,2000,1,0,0,0,0,0,0,0,0,0,0,0,0,0,0,0,0,0,0,0,0,0,0,0,0,0,0,0,0,0,0,0,0,0,0,0,0,0,0,0,0,0,0,0,0,0,0,0,0,0,0,0,0,0,0,0,0,0,0,0,0,0,0,0,0,0,0,0,0,0,0,0,0,0,21,102.94,113.0,91,100,7756,35,100.0,170,38,83,103,13.8,25.5
130000,12.7,25.6,0.000,9.617,86.9,300,62.11,0.00,0,1,0,0,0.00,0,0,10.94,2000,1,0,0,0,0,0,0,0,0,0,0,0,0,0,0,0,0,0,0,0,0,0,0,0,0,0,0,0,0,0,0,0,0,0,0,0,0,0,0,0,0,0,0,0,0,0,0,0,0,0,0,0,0,0,0,0,0,0,0,0,0,0,0,0,0,0,0,0,0,0,0,0,0,0,21,102.94,113.0,91,100,7767,35,100.0,170,38,83,103,13.8,25.5
130100,12.7,25.6,0.000,9.648,86.9,301,62.11,0.00,0,1,0,0,0.00,0,0,10.94,2000,1,0,0,0,0,0,0,0,0,0,0,0,0,0,0,0,0,0,0,0,0,0,0,0,0,0,0,0,0,0,0,0,0,0,0,0,0,0,0,0,0,0,0,0,0,0,0,0,0,0,0,0,0,0,0,0,0,0,0,0,0,0,0,0,0,0,0,0,0,0,0,0,0,0,21,102.94,113.0,91,100,7773,35,100.0,170,38,83,102,13.8,25.5
130200,12.7,25.6,0.000,9.648,86.9,301,62.11,0.00,0,1,0,0,0.00,0,0,10.94,2000,1,0,0,0,0,0,0,0,0,0,0,0,0,0,0,0,0,0,0,0,0,0,0,0,0,0,0,0,0,0,0,0,0,0,0,0,0,0,0,0,0,0,0,0,0,0,0,0,0,0,0,0,0,0,0,0,0,0,0,0,0,0,0,0,0,0,0,0,0,0,0,0,0,0,21,102.94,113.0,91,100,7760,35,100.0,170,38,83,103,13.8,25.5
130300,12.7,25.6,0.000,9.648,86.9,301,62.11,0.00,0,1,0,0,0.00,0,0,10.94,2000,1,0,0,0,0,0,0,0,0,0,0,0,0,0,0,0,0,0,0,0,0,0,0,0,0,0,0,0,0,0,0,0,0,0,0,0,0,0,0,0,0,0,0,0,0,0,0,0,0,0,0,0,0,0,0,0,0,0,0,0,0,0,0,0,0,0,0,0,0,0,0,0,0,0,22,107.84,113.0,91,100,7763,35,100.0,170,38,83,103,13.8,25.5
130400,12.7,25.6,0.000,9.617,86.9,300,62.11,0.00,0,1,0,0,0.00,0,0,10.94,2000,1,0,0,0,0,0,0,0,0,0,0,0,0,0,0,0,0,0,0,0,0,0,0,0,0,0,0,0,0,0,0,0,0,0,0,0,0,0,0,0,0,0,0,0,0,0,0,0,0,0,0,0,0,0,0,0,0,0,0,0,0,0,0,0,0,0,0,0,0,0,0,0,0,0,21,102.94,113.0,91,100,7760,35,100.0,170,38,83,103,13.9,25.5
130500,12.7,25.6,0.000,9.617,86.9,300,62.11,0.00,0,1,0,0,0.00,0,0,10.94,2000,1,0,0,0,0,0,0,0,0,0,0,0,0,0,0,0,0,0,0,0,0,0,0,0,0,0,0,0,0,0,0,0,0,0,0,0,0,0,0,0,0,0,0,0,0,0,0,0,0,0,0,0,0,0,0,0,0,0,0,0,0,0,0,0,0,0,0,0,0,0,0,0,0,0,21,102.94,113.0,91,100,7777,35,100.0,170,38,83,103,13.8,25.5
130600,12.7,25.6,0.000,9.648,86.9,301,62.11,0.00,0,1,0,0,0.00,0,0,10.94,2000,1,0,0,0,0,0,0,0,0,0,0,0,0,0,0,0,0,0,0,0,0,0,0,0,0,0,0,0,0,0,0,0,0,0,0,0,0,0,0,0,0,0,0,0,0,0,0,0,0,0,0,0,0,0,0,0,0,0,0,0,0,0,0,0,0,0,0,0,0,0,0,0,0,0,21,102.94,114.3,91,100,7794,35,100.0,170,38,83,103,13.8,25.5
130700,12.7,25.6,0.000,9.648,86.9,301,62.11,0.00,0,1,0,0,0.00,0,0,10.94,2000,1,0,0,0,0,0,0,0,0,0,0,0,0,0,0,0,0,0,0,0,0,0,0,0,0,0,0,0,0,0,0,0,0,0,0,0,0,0,0,0,0,0,0,0,0,0,0,0,0,0,0,0,0,0,0,0,0,0,0,0,0,0,0,0,0,0,0,0,0,0,0,0,0,0,21,102.94,114.3,91,100,7794,35,100.0,170,38,83,103,13.8,25.5
130800,12.7,25.6,0.000,9.648,86.9,301,62.11,0.00,0,1,0,0,0.00,0,0,10.94,2000,1,0,0,0,0,0,0,0,0,0,0,0,0,0,0,0,0,0,0,0,0,0,0,0,0,0,0,0,0,0,0,0,0,0,0,0,0,0,0,0,0,0,0,0,0,0,0,0,0,0,0,0,0,0,0,0,0,0,0,0,0,0,0,0,0,0,0,0,0,0,0,0,0,0,21,102.94,114.3,91,100,7767,35,100.0,170,38,82,103,13.8,25.5
130900,12.7,25.6,0.000,9.648,86.9,301,62.11,0.00,0,1,0,0,0.00,0,0,10.94,2000,1,0,0,0,0,0,0,0,0,0,0,0,0,0,0,0,0,0,0,0,0,0,0,0,0,0,0,0,0,0,0,0,0,0,0,0,0,0,0,0,0,0,0,0,0,0,0,0,0,0,0,0,0,0,0,0,0,0,0,0,0,0,0,0,0,0,0,0,0,0,0,0,0,0,21,102.94,114.3,91,100,7791,35,100.0,170,38,82,103,13.9,25.5
131000,12.7,25.6,0.000,9.648,86.9,301,62.11,0.00,0,1,0,0,0.00,0,0,10.94,2000,1,0,0,0,0,0,0,0,0,0,0,0,0,0,0,0,0,0,0,0,0,0,0,0,0,0,0,0,0,0,0,0,0,0,0,0,0,0,0,0,0,0,0,0,0,0,0,0,0,0,0,0,0,0,0,0,0,0,0,0,0,0,0,0,0,0,0,0,0,0,0,0,0,0,21,102.94,114.3,91,100,7770,35,100.0,170,38,82,103,13.9,25.5
131100,12.7,25.6,0.000,9.648,86.9,301,62.11,0.00,0,1,0,0,0.00,0,0,10.94,2000,1,0,0,0,0,0,0,0,0,0,0,0,0,0,0,0,0,0,0,0,0,0,0,0,0,0,0,0,0,0,0,0,0,0,0,0,0,0,0,0,0,0,0,0,0,0,0,0,0,0,0,0,0,0,0,0,0,0,0,0,0,0,0,0,0,0,0,0,0,0,0,0,0,0,21,102.94,114.3,91,100,7770,35,100.0,170,38,82,103,13.9,25.5
131200,12.7,25.6,0.000,9.648,86.9,301,62.11,0.00,0,1,0,0,0.00,0,0,10.94,2000,1,0,0,0,0,0,0,0,0,0,0,0,0,0,0,0,0,0,0,0,0,0,0,0,0,0,0,0,0,0,0,0,0,0,0,0,0,0,0,0,0,0,0,0,0,0,0,0,0,0,0,0,0,0,0,0,0,0,0,0,0,0,0,0,0,0,0,0,0,0,0,0,0,0,21,102.94,114.3,91,100,7777,35,100.0,170,38,82,102,13.8,25.5
131300,12.7,25.6,0.000,9.648,86.9,301,62.50,0.00,0,1,0,0,0.00,0,0,10.94,2000,1,0,0,0,0,0,0,0,0,0,0,0,0,0,0,0,0,0,0,0,0,0,0,0,0,0,0,0,0,0,0,0,0,0,0,0,0,0,0,0,0,0,0,0,0,0,0,0,0,0,0,0,0,0,0,0,0,0,0,0,0,0,0,0,0,0,0,0,0,0,0,0,0,0,21,102.94,114.3,91,100,7777,35,100.0,170,38,82,102,13.8,25.5
131400,12.7,25.6,0.000,9.648,86.9,301,62.11,0.00,0,1,0,0,0.00,0,0,10.94,2000,1,0,0,0,0,0,0,0,0,0,0,0,0,0,0,0,0,0,0,0,0,0,0,0,0,0,0,0,0,0,0,0,0,0,0,0,0,0,0,0,0,0,0,0,0,0,0,0,0,0,0,0,0,0,0,0,0,0,0,0,0,0,0,0,0,0,0,0,0,0,0,0,0,0,21,102.94,114.3,91,100,7767,35,100.0,170,38,81,103,13.8,25.5
131500,12.7,25.6,0.000,9.648,86.9,301,62.50,0.00,0,1,0,0,0.00,0,0,10.94,2000,1,0,0,0,0,0,0,0,0,0,0,0,0,0,0,0,0,0,0,0,0,0,0,0,0,0,0,0,0,0,0,0,0,0,0,0,0,0,0,0,0,0,0,0,0,0,0,0,0,0,0,0,0,0,0,0,0,0,0,0,0,0,0,0,0,0,0,0,0,0,0,0,0,0,21,102.94,114.3,91,100,7777,35,100.0,170,38,81,102,13.9,25.5
131600,12.7,25.6,0.000,9.648,86.9,301,62.50,0.00,0,1,0,0,0.00,0,0,10.94,2000,1,0,0,0,0,0,0,0,0,0,0,0,0,0,0,0,0,0,0,0,0,0,0,0,0,0,0,0,0,0,0,0,0,0,0,0,0,0,0,0,0,0,0,0,0,0,0,0,0,0,0,0,0,0,0,0,0,0,0,0,0,0,0,0,0,0,0,0,0,0,0,0,0,0,21,102.94,115.3,91,100,7777,35,100.0,170,38,81,102,13.9,25.5
131700,12.7,25.6,0.000,9.648,86.9,301,62.11,0.00,0,1,0,0,0.00,0,0,10.94,2000,1,0,0,0,0,0,0,0,0,0,0,0,0,0,0,0,0,0,0,0,0,0,0,0,0,0,0,0,0,0,0,0,0,0,0,0,0,0,0,0,0,0,0,0,0,0,0,0,0,0,0,0,0,0,0,0,0,0,0,0,0,0,0,0,0,0,0,0,0,0,0,0,0,0,21,102.94,115.3,91,100,7787,35,100.0,170,38,81,103,13.8,25.5
131800,12.7,25.6,0.000,9.648,86.9,301,62.11,0.00,0,1,0,0,0.00,0,0,10.94,2000,1,0,0,0,0,0,0,0,0,0,0,0,0,0,0,0,0,0,0,0,0,0,0,0,0,0,0,0,0,0,0,0,0,0,0,0,0,0,0,0,0,0,0,0,0,0,0,0,0,0,0,0,0,0,0,0,0,0,0,0,0,0,0,0,0,0,0,0,0,0,0,0,0,0,21,102.94,115.3,91,100,7787,35,100.0,170,38,81,103,13.8,25.5
131900,12.7,25.6,0.000,9.648,86.9,301,62.50,0.00,0,1,0,0,0.00,0,0,10.94,2000,1,0,0,0,0,0,0,0,0,0,0,0,0,0,0,0,0,0,0,0,0,0,0,0,0,0,0,0,0,0,0,0,0,0,0,0,0,0,0,0,0,0,0,0,0,0,0,0,0,0,0,0,0,0,0,0,0,0,0,0,0,0,0,0,0,0,0,0,0,0,0,0,0,0,21,102.94,115.3,91,100,7773,35,100.0,170,38,81,103,13.8,25.5
132000,12.7,25.6,0.000,9.648,86.9,301,62.11,0.00,0,1,0,0,0.00,0,0,10.94,2000,1,0,0,0,0,0,0,0,0,0,0,0,0,0,0,0,0,0,0,0,0,0,0,0,0,0,0,0,0,0,0,0,0,0,0,0,0,0,0,0,0,0,0,0,0,0,0,0,0,0,0,0,0,0,0,0,0,0,0,0,0,0,0,0,0,0,0,0,0,0,0,0,0,0,21,102.94,115.3,91,100,7784,35,100.0,170,38,81,102,13.8,25.5
132100,12.7,25.6,0.000,9.648,86.9,301,62.11,0.00,0,1,0,0,0.00,0,0,10.94,2000,1,0,0,0,0,0,0,0,0,0,0,0,0,0,0,0,0,0,0,0,0,0,0,0,0,0,0,0,0,0,0,0,0,0,0,0,0,0,0,0,0,0,0,0,0,0,0,0,0,0,0,0,0,0,0,0,0,0,0,0,0,0,0,0,0,0,0,0,0,0,0,0,0,0,21,102.94,115.3,91,100,7780,35,100.0,170,38,81,102,13.8,25.5
132200,12.7,25.6,0.000,9.648,86.9,301,62.11,0.00,0,1,0,0,0.00,0,0,10.94,2000,1,0,0,0,0,0,0,0,0,0,0,0,0,0,0,0,0,0,0,0,0,0,0,0,0,0,0,0,0,0,0,0,0,0,0,0,0,0,0,0,0,0,0,0,0,0,0,0,0,0,0,0,0,0,0,0,0,0,0,0,0,0,0,0,0,0,0,0,0,0,0,0,0,0,21,102.94,115.3,91,100,7784,35,100.0,170,38,81,102,13.8,25.5
132300,12.7,25.6,0.000,9.648,86.9,301,62.11,0.00,0,1,0,0,0.00,0,0,10.94,2000,1,0,0,0,0,0,0,0,0,0,0,0,0,0,0,0,0,0,0,0,0,0,0,0,0,0,0,0,0,0,0,0,0,0,0,0,0,0,0,0,0,0,0,0,0,0,0,0,0,0,0,0,0,0,0,0,0,0,0,0,0,0,0,0,0,0,0,0,0,0,0,0,0,0,21,102.94,115.3,91,100,7784,35,100.0,170,38,81,102,13.8,25.5
132400,12.7,25.6,0.000,9.648,86.9,301,62.11,0.00,0,1,0,0,0.00,0,0,10.94,2000,1,0,0,0,0,0,0,0,0,0,0,0,0,0,0,0,0,0,0,0,0,0,0,0,0,0,0,0,0,0,0,0,0,0,0,0,0,0,0,0,0,0,0,0,0,0,0,0,0,0,0,0,0,0,0,0,0,0,0,0,0,0,0,0,0,0,0,0,0,0,0,0,0,0,20,98.04,115.3,91,100,7767,35,100.0,170,38,80,102,13.8,25.5
132500,12.7,25.6,0.000,9.648,86.9,301,62.11,0.00,0,1,0,0,0.00,0,0,10.94,2000,1,0,0,0,0,0,0,0,0,0,0,0,0,0,0,0,0,0,0,0,0,0,0,0,0,0,0,0,0,0,0,0,0,0,0,0,0,0,0,0,0,0,0,0,0,0,0,0,0,0,0,0,0,0,0,0,0,0,0,0,0,0,0,0,0,0,0,0,0,0,0,0,0,0,20,98.04,115.3,91,100,7767,35,100.0,170,38,80,102,13.8,25.5
132600,12.7,25.6,0.000,9.648,86.9,301,62.11,0.00,0,1,0,0,0.00,0,0,10.94,2000,1,0,0,0,0,0,0,0,0,0,0,0,0,0,0,0,0,0,0,0,0,0,0,0,0,0,0,0,0,0,0,0,0,0,0,0,0,0,0,0,0,0,0,0,0,0,0,0,0,0,0,0,0,0,0,0,0,0,0,0,0,0,0,0,0,0,0,0,0,0,0,0,0,0,22,107.84,116.6,91,100,7773,35,100.0,170,38,80,102,13.8,25.5
132700,12.7,25.6,0.000,9.617,86.9,300,62.11,0.00,0,1,0,0,0.00,0,0,10.94,2000,1,0,0,0,0,0,0,0,0,0,0,0,0,0,0,0,0,0,0,0,0,0,0,0,0,0,0,0,0,0,0,0,0,0,0,0,0,0,0,0,0,0,0,0,0,0,0,0,0,0,0,0,0,0,0,0,0,0,0,0,0,0,0,0,0,0,0,0,0,0,0,0,0,0,22,107.84,116.6,91,100,7773,35,100.0,170,38,80,102,13.8,25.5
132800,12.7,25.6,0.000,9.617,86.9,300,62.11,0.00,0,1,0,0,0.00,0,0,10.94,2000,1,0,0,0,0,0,0,0,0,0,0,0,0,0,0,0,0,0,0,0,0,0,0,0,0,0,0,0,0,0,0,0,0,0,0,0,0,0,0,0,0,0,0,0,0,0,0,0,0,0,0,0,0,0,0,0,0,0,0,0,0,0,0,0,0,0,0,0,0,0,0,0,0,0,22,107.84,116.6,91,100,7773,35,100.0,170,38,80,102,13.8,25.5
132900,12.7,25.6,0.000,9.648,86.9,301,62.50,0.00,0,1,0,0,0.00,0,0,10.94,2000,1,0,0,0,0,0,0,0,0,0,0,0,0,0,0,0,0,0,0,0,0,0,0,0,0,0,0,0,0,0,0,0,0,0,0,0,0,0,0,0,0,0,0,0,0,0,0,0,0,0,0,0,0,0,0,0,0,0,0,0,0,0,0,0,0,0,0,0,0,0,0,0,0,0,21,102.94,116.6,91,100,7798,35,100.0,170,38,80,103,13.8,25.5
133000,12.7,25.6,0.000,9.648,86.9,301,62.50,0.00,0,1,0,0,0.00,0,0,10.94,2000,1,0,0,0,0,0,0,0,0,0,0,0,0,0,0,0,0,0,0,0,0,0,0,0,0,0,0,0,0,0,0,0,0,0,0,0,0,0,0,0,0,0,0,0,0,0,0,0,0,0,0,0,0,0,0,0,0,0,0,0,0,0,0,0,0,0,0,0,0,0,0,0,0,0,21,102.94,116.6,91,100,7798,35,100.0,170,38,80,103,13.8,25.5
133100,12.7,25.6,0.000,9.648,86.9,301,62.11,0.00,0,1,0,0,0.00,0,0,10.94,2000,1,0,0,0,0,0,0,0,0,0,0,0,0,0,0,0,0,0,0,0,0,0,0,0,0,0,0,0,0,0,0,0,0,0,0,0,0,0,0,0,0,0,0,0,0,0,0,0,0,0,0,0,0,0,0,0,0,0,0,0,0,0,0,0,0,0,0,0,0,0,0,0,0,0,21,102.94,116.6,91,100,7784,35,100.0,170,38,80,102,13.8,25.5
133200,12.7,25.6,0.000,9.648,86.9,301,62.11,0.00,0,1,0,0,0.00,0,0,10.94,2000,1,0,0,0,0,0,0,0,0,0,0,0,0,0,0,0,0,0,0,0,0,0,0,0,0,0,0,0,0,0,0,0,0,0,0,0,0,0,0,0,0,0,0,0,0,0,0,0,0,0,0,0,0,0,0,0,0,0,0,0,0,0,0,0,0,0,0,0,0,0,0,0,0,0,21,102.94,116.6,91,100,7784,35,100.0,170,38,80,102,13.8,25.5
133300,12.7,25.6,0.000,9.648,86.9,301,62.50,0.00,0,1,0,0,0.00,0,0,10.94,2000,1,0,0,0,0,0,0,0,0,0,0,0,0,0,0,0,0,0,0,0,0,0,0,0,0,0,0,0,0,0,0,0,0,0,0,0,0,0,0,0,0,0,0,0,0,0,0,0,0,0,0,0,0,0,0,0,0,0,0,0,0,0,0,0,0,0,0,0,0,0,0,0,0,0,20,98.04,116.6,91,100,7798,35,100.0,170,38,80,102,13.8,25.5
133400,12.7,25.6,0.000,9.648,86.9,301,62.50,0.00,0,1,0,0,0.00,0,0,10.94,2000,1,0,0,0,0,0,0,0,0,0,0,0,0,0,0,0,0,0,0,0,0,0,0,0,0,0,0,0,0,0,0,0,0,0,0,0,0,0,0,0,0,0,0,0,0,0,0,0,0,0,0,0,0,0,0,0,0,0,0,0,0,0,0,0,0,0,0,0,0,0,0,0,0,0,21,102.94,116.6,91,100,7777,35,100.0,170,38,80,102,13.8,25.5
133500,12.7,25.6,0.000,9.648,86.9,301,62.50,0.00,0,1,0,0,0.00,0,0,10.94,2000,1,0,0,0,0,0,0,0,0,0,0,0,0,0,0,0,0,0,0,0,0,0,0,0,0,0,0,0,0,0,0,0,0,0,0,0,0,0,0,0,0,0,0,0,0,0,0,0,0,0,0,0,0,0,0,0,0,0,0,0,0,0,0,0,0,0,0,0,0,0,0,0,0,0,20,98.04,116.6,91,100,7773,35,100.0,170,38,79,102,13.9,25.5
133600,12.7,25.6,0.000,9.648,86.9,301,62.11,0.00,0,1,0,0,0.00,0,0,10.94,2000,1,0,0,0,0,0,0,0,0,0,0,0,0,0,0,0,0,0,0,0,0,0,0,0,0,0,0,0,0,0,0,0,0,0,0,0,0,0,0,0,0,0,0,0,0,0,0,0,0,0,0,0,0,0,0,0,0,0,0,0,0,0,0,0,0,0,0,0,0,0,0,0,0,0,21,102.94,117.2,92,100,7770,35,100.0,170,38,79,103,13.8,25.5
133700,12.7,25.6,0.000,9.648,86.9,301,62.11,0.00,0,1,0,0,0.00,0,0,10.94,2000,1,0,0,0,0,0,0,0,0,0,0,0,0,0,0,0,0,0,0,0,0,0,0,0,0,0,0,0,0,0,0,0,0,0,0,0,0,0,0,0,0,0,0,0,0,0,0,0,0,0,0,0,0,0,0,0,0,0,0,0,0,0,0,0,0,0,0,0,0,0,0,0,0,0,21,102.94,117.2,92,100,7770,35,100.0,170,38,79,103,13.8,25.5
133800,12.7,25.6,0.000,9.648,86.9,301,62.11,0.00,0,1,0,0,0.00,0,0,10.94,2000,1,0,0,0,0,0,0,0,0,0,0,0,0,0,0,0,0,0,0,0,0,0,0,0,0,0,0,0,0,0,0,0,0,0,0,0,0,0,0,0,0,0,0,0,0,0,0,0,0,0,0,0,0,0,0,0,0,0,0,0,0,0,0,0,0,0,0,0,0,0,0,0,0,0,21,102.94,117.2,92,100,7767,35,100.0,170,38,79,102,13.8,25.5
133900,12.7,25.6,0.000,9.648,86.9,301,62.11,0.00,0,1,0,0,0.00,0,0,10.94,2000,1,0,0,0,0,0,0,0,0,0,0,0,0,0,0,0,0,0,0,0,0,0,0,0,0,0,0,0,0,0,0,0,0,0,0,0,0,0,0,0,0,0,0,0,0,0,0,0,0,0,0,0,0,0,0,0,0,0,0,0,0,0,0,0,0,0,0,0,0,0,0,0,0,0,21,102.94,117.2,92,100,7767,35,100.0,170,38,79,102,13.8,25.5
134000,12.7,25.6,0.000,9.648,86.9,301,62.11,0.00,0,1,0,0,0.00,0,0,10.94,2000,1,0,0,0,0,0,0,0,0,0,0,0,0,0,0,0,0,0,0,0,0,0,0,0,0,0,0,0,0,0,0,0,0,0,0,0,0,0,0,0,0,0,0,0,0,0,0,0,0,0,0,0,0,0,0,0,0,0,0,0,0,0,0,0,0,0,0,0,0,0,0,0,0,0,21,102.94,117.2,92,100,7770,35,100.0,170,38,79,102,13.8,25.5
134100,12.7,25.6,0.000,9.648,86.9,301,62.11,0.00,0,1,0,0,0.00,0,0,10.94,2000,1,0,0,0,0,0,0,0,0,0,0,0,0,0,0,0,0,0,0,0,0,0,0,0,0,0,0,0,0,0,0,0,0,0,0,0,0,0,0,0,0,0,0,0,0,0,0,0,0,0,0,0,0,0,0,0,0,0,0,0,0,0,0,0,0,0,0,0,0,0,0,0,0,0,21,102.94,117.2,92,100,7770,35,100.0,170,38,79,102,13.8,25.5
134200,12.7,25.6,0.000,9.648,86.9,301,62.50,0.00,0,1,0,0,0.00,0,0,10.94,2000,1,0,0,0,0,0,0,0,0,0,0,0,0,0,0,0,0,0,0,0,0,0,0,0,0,0,0,0,0,0,0,0,0,0,0,0,0,0,0,0,0,0,0,0,0,0,0,0,0,0,0,0,0,0,0,0,0,0,0,0,0,0,0,0,0,0,0,0,0,0,0,0,0,0,21,102.94,117.2,92,100,7794,35,100.0,170,38,80,103,13.8,25.5
134300,12.7,25.6,0.000,9.648,86.9,301,62.50,0.00,0,1,0,0,0.00,0,0,10.94,2000,1,0,0,0,0,0,0,0,0,0,0,0,0,0,0,0,0,0,0,0,0,0,0,0,0,0,0,0,0,0,0,0,0,0,0,0,0,0,0,0,0,0,0,0,0,0,0,0,0,0,0,0,0,0,0,0,0,0,0,0,0,0,0,0,0,0,0,0,0,0,0,0,0,0,21,102.94,117.2,92,100,7794,35,100.0,170,38,80,103,13.8,25.5
134400,12.7,25.6,0.000,9.648,86.9,301,62.50,0.00,0,1,0,0,0.00,0,0,10.94,2000,1,0,0,0,0,0,0,0,0,0,0,0,0,0,0,0,0,0,0,0,0,0,0,0,0,0,0,0,0,0,0,0,0,0,0,0,0,0,0,0,0,0,0,0,0,0,0,0,0,0,0,0,0,0,0,0,0,0,0,0,0,0,0,0,0,0,0,0,0,0,0,0,0,0,21,102.94,117.2,92,100,7801,35,100.0,170,38,80,103,13.8,25.5
134500,12.7,25.6,0.000,9.648,86.9,301,62.50,0.00,0,1,0,0,0.00,0,0,10.94,2000,1,0,0,0,0,0,0,0,0,0,0,0,0,0,0,0,0,0,0,0,0,0,0,0,0,0,0,0,0,0,0,0,0,0,0,0,0,0,0,0,0,0,0,0,0,0,0,0,0,0,0,0,0,0,0,0,0,0,0,0,0,0,0,0,0,0,0,0,0,0,0,0,0,0,21,102.94,117.2,92,100,7791,35,99.2,169,38,80,102,13.8,25.5
134600,12.7,25.6,0.000,9.648,86.9,301,62.50,0.00,0,1,0,0,0.00,0,0,10.94,2000,1,0,0,0,0,0,0,0,0,0,0,0,0,0,0,0,0,0,0,0,0,0,0,0,0,0,0,0,0,0,0,0,0,0,0,0,0,0,0,0,0,0,0,0,0,0,0,0,0,0,0,0,0,0,0,0,0,0,0,0,0,0,0,0,0,0,0,0,0,0,0,0,0,0,21,102.94,118.5,91,100,7780,35,99.2,169,38,80,102,13.9,25.5
134700,12.7,25.6,0.000,9.648,86.9,301,62.50,0.00,0,1,0,0,0.00,0,0,10.94,2000,1,0,0,0,0,0,0,0,0,0,0,0,0,0,0,0,0,0,0,0,0,0,0,0,0,0,0,0,0,0,0,0,0,0,0,0,0,0,0,0,0,0,0,0,0,0,0,0,0,0,0,0,0,0,0,0,0,0,0,0,0,0,0,0,0,0,0,0,0,0,0,0,0,0,21,102.94,118.5,91,100,7780,35,99.2,169,38,80,102,13.9,25.5
134800,12.7,25.6,0.000,9.648,86.9,301,62.50,0.00,0,1,0,0,0.00,0,0,10.94,2000,1,0,0,0,0,0,0,0,0,0,0,0,0,0,0,0,0,0,0,0,0,0,0,0,0,0,0,0,0,0,0,0,0,0,0,0,0,0,0,0,0,0,0,0,0,0,0,0,0,0,0,0,0,0,0,0,0,0,0,0,0,0,0,0,0,0,0,0,0,0,0,0,0,0,22,107.84,118.5,91,100,7816,35,100.0,170,38,80,103,13.8,25.5
134900,12.7,25.6,0.000,9.648,86.9,301,62.50,0.00,0,1,0,0,0.00,0,0,10.94,2000,1,0,0,0,0,0,0,0,0,0,0,0,0,0,0,0,0,0,0,0,0,0,0,0,0,0,0,0,0,0,0,0,0,0,0,0,0,0,0,0,0,0,0,0,0,0,0,0,0,0,0,0,0,0,0,0,0,0,0,0,0,0,0,0,0,0,0,0,0,0,0,0,0,0,22,107.84,118.5,91,100,7816,35,100.0,170,38,80,103,13.8,25.5
135000,12.7,25.6,0.000,9.648,86.9,301,62.50,0.00,0,1,0,0,0.00,0,0,10.94,2000,1,0,0,0,0,0,0,0,0,0,0,0,0,0,0,0,0,0,0,0,0,0,0,0,0,0,0,0,0,0,0,0,0,0,0,0,0,0,0,0,0,0,0,0,0,0,0,0,0,0,0,0,0,0,0,0,0,0,0,0,0,0,0,0,0,0,0,0,0,0,0,0,0,0,22,107.84,118.5,91,100,7808,35,100.0,170,38,80,103,13.8,25.5
135100,12.7,25.6,0.000,9.648,86.9,301,62.50,0.00,0,1,0,0,0.00,0,0,10.94,2000,1,0,0,0,0,0,0,0,0,0,0,0,0,0,0,0,0,0,0,0,0,0,0,0,0,0,0,0,0,0,0,0,0,0,0,0,0,0,0,0,0,0,0,0,0,0,0,0,0,0,0,0,0,0,0,0,0,0,0,0,0,0,0,0,0,0,0,0,0,0,0,0,0,0,21,102.94,118.5,91,100,7791,35,100.0,170,38,80,103,13.8,25.5
135200,12.7,25.6,0.000,9.648,86.9,301,62.50,0.00,0,1,0,0,0.00,0,0,10.94,2000,1,0,0,0,0,0,0,0,0,0,0,0,0,0,0,0,0,0,0,0,0,0,0,0,0,0,0,0,0,0,0,0,0,0,0,0,0,0,0,0,0,0,0,0,0,0,0,0,0,0,0,0,0,0,0,0,0,0,0,0,0,0,0,0,0,0,0,0,0,0,0,0,0,0,21,102.94,118.5,91,100,7791,35,100.0,170,38,80,102,13.8,25.5
135300,12.7,25.6,0.000,9.648,86.9,301,62.50,0.00,0,1,0,0,0.00,0,0,10.94,2000,1,0,0,0,0,0,0,0,0,0,0,0,0,0,0,0,0,0,0,0,0,0,0,0,0,0,0,0,0,0,0,0,0,0,0,0,0,0,0,0,0,0,0,0,0,0,0,0,0,0,0,0,0,0,0,0,0,0,0,0,0,0,0,0,0,0,0,0,0,0,0,0,0,0,21,102.94,118.5,91,100,7791,35,100.0,170,38,80,103,13.8,25.5
135400,12.7,25.6,0.000,9.648,86.9,301,62.50,0.00,0,1,0,0,0.00,0,0,10.94,2000,1,0,0,0,0,0,0,0,0,0,0,0,0,0,0,0,0,0,0,0,0,0,0,0,0,0,0,0,0,0,0,0,0,0,0,0,0,0,0,0,0,0,0,0,0,0,0,0,0,0,0,0,0,0,0,0,0,0,0,0,0,0,0,0,0,0,0,0,0,0,0,0,0,0,21,102.94,118.5,91,100,7791,35,100.0,170,38,80,103,13.8,25.5
135500,12.7,25.6,0.000,9.648,86.9,301,62.50,0.00,0,1,0,0,0.00,0,0,10.94,2000,1,0,0,0,0,0,0,0,0,0,0,0,0,0,0,0,0,0,0,0,0,0,0,0,0,0,0,0,0,0,0,0,0,0,0,0,0,0,0,0,0,0,0,0,0,0,0,0,0,0,0,0,0,0,0,0,0,0,0,0,0,0,0,0,0,0,0,0,0,0,0,0,0,0,21,102.94,118.5,91,100,7819,35,100.0,170,38,80,103,13.8,25.5
135600,12.7,25.6,0.000,9.648,86.9,301,62.50,0.00,0,1,0,0,0.00,0,0,10.94,2000,1,0,0,0,0,0,0,0,0,0,0,0,0,0,0,0,0,0,0,0,0,0,0,0,0,0,0,0,0,0,0,0,0,0,0,0,0,0,0,0,0,0,0,0,0,0,0,0,0,0,0,0,0,0,0,0,0,0,0,0,0,0,0,0,0,0,0,0,0,0,0,0,0,0,22,107.84,119.5,92,100,7794,35,100.0,170,38,81,102,13.8,25.5
135700,12.7,25.6,0.000,9.648,86.9,301,62.50,0.00,0,1,0,0,0.00,0,0,10.94,2000,1,0,0,0,0,0,0,0,0,0,0,0,0,0,0,0,0,0,0,0,0,0,0,0,0,0,0,0,0,0,0,0,0,0,0,0,0,0,0,0,0,0,0,0,0,0,0,0,0,0,0,0,0,0,0,0,0,0,0,0,0,0,0,0,0,0,0,0,0,0,0,0,0,0,21,102.94,119.5,92,100,7812,35,100.0,170,38,81,102,13.8,25.5
135800,12.7,25.6,0.000,9.648,86.9,301,62.50,0.00,0,1,0,0,0.00,0,0,10.94,2000,1,0,0,0,0,0,0,0,0,0,0,0,0,0,0,0,0,0,0,0,0,0,0,0,0,0,0,0,0,0,0,0,0,0,0,0,0,0,0,0,0,0,0,0,0,0,0,0,0,0,0,0,0,0,0,0,0,0,0,0,0,0,0,0,0,0,0,0,0,0,0,0,0,0,21,102.94,119.5,92,100,7798,35,100.0,170,38,81,103,13.8,25.5
135900,12.7,25.6,0.000,9.648,86.9,301,62.50,0.00,0,1,0,0,0.00,0,0,10.94,2000,1,0,0,0,0,0,0,0,0,0,0,0,0,0,0,0,0,0,0,0,0,0,0,0,0,0,0,0,0,0,0,0,0,0,0,0,0,0,0,0,0,0,0,0,0,0,0,0,0,0,0,0,0,0,0,0,0,0,0,0,0,0,0,0,0,0,0,0,0,0,0,0,0,0,22,107.84,119.5,92,100,7816,35,100.0,170,38,81,104,13.8,25.5
136000,12.7,25.6,0.000,9.648,86.9,301,62.50,0.00,0,1,0,0,0.00,0,0,10.94,2000,1,0,0,0,0,0,0,0,0,0,0,0,0,0,0,0,0,0,0,0,0,0,0,0,0,0,0,0,0,0,0,0,0,0,0,0,0,0,0,0,0,0,0,0,0,0,0,0,0,0,0,0,0,0,0,0,0,0,0,0,0,0,0,0,0,0,0,0,0,0,0,0,0,0,22,107.84,119.5,92,100,7812,35,100.0,170,38,81,102,13.8,25.5
136100,12.7,25.6,0.000,9.648,86.9,301,62.50,0.00,0,1,0,0,0.00,0,0,10.94,2000,1,0,0,0,0,0,0,0,0,0,0,0,0,0,0,0,0,0,0,0,0,0,0,0,0,0,0,0,0,0,0,0,0,0,0,0,0,0,0,0,0,0,0,0,0,0,0,0,0,0,0,0,0,0,0,0,0,0,0,0,0,0,0,0,0,0,0,0,0,0,0,0,0,0,22,107.84,119.5,92,100,7812,35,100.0,170,38,81,102,13.8,25.5
136200,12.7,25.6,0.000,9.648,86.9,301,62.50,0.00,0,1,0,0,0.00,0,0,10.94,2000,1,0,0,0,0,0,0,0,0,0,0,0,0,0,0,0,0,0,0,0,0,0,0,0,0,0,0,0,0,0,0,0,0,0,0,0,0,0,0,0,0,0,0,0,0,0,0,0,0,0,0,0,0,0,0,0,0,0,0,0,0,0,0,0,0,0,0,0,0,0,0,0,0,0,21,102.94,119.5,92,100,7816,35,100.0,170,38,81,103,13.8,25.5
136300,12.7,25.6,0.000,9.648,86.9,301,62.50,0.00,0,1,0,0,0.00,0,0,10.94,2000,1,0,0,0,0,0,0,0,0,0,0,0,0,0,0,0,0,0,0,0,0,0,0,0,0,0,0,0,0,0,0,0,0,0,0,0,0,0,0,0,0,0,0,0,0,0,0,0,0,0,0,0,0,0,0,0,0,0,0,0,0,0,0,0,0,0,0,0,0,0,0,0,0,0,21,102.94,119.5,92,100,7816,35,100.0,170,38,81,103,13.8,25.5
136400,12.7,25.6,0.000,9.648,86.9,301,62.50,0.00,0,1,0,0,0.00,0,0,10.94,2000,1,0,0,0,0,0,0,0,0,0,0,0,0,0,0,0,0,0,0,0,0,0,0,0,0,0,0,0,0,0,0,0,0,0,0,0,0,0,0,0,0,0,0,0,0,0,0,0,0,0,0,0,0,0,0,0,0,0,0,0,0,0,0,0,0,0,0,0,0,0,0,0,0,0,21,102.94,119.5,92,100,7787,35,100.0,170,38,81,103,13.8,25.5
136500,12.7,25.6,0.000,9.648,86.9,301,62.50,0.00,0,1,0,0,0.00,0,0,10.94,2000,1,0,0,0,0,0,0,0,0,0,0,0,0,0,0,0,0,0,0,0,0,0,0,0,0,0,0,0,0,0,0,0,0,0,0,0,0,0,0,0,0,0,0,0,0,0,0,0,0,0,0,0,0,0,0,0,0,0,0,0,0,0,0,0,0,0,0,0,0,0,0,0,0,0,21,102.94,120.8,92,100,7812,35,100.0,170,38,81,103,13.8,25.5
136600,12.7,25.6,0.000,9.648,86.9,301,62.50,0.00,0,1,0,0,0.00,0,0,10.94,2000,1,0,0,0,0,0,0,0,0,0,0,0,0,0,0,0,0,0,0,0,0,0,0,0,0,0,0,0,0,0,0,0,0,0,0,0,0,0,0,0,0,0,0,0,0,0,0,0,0,0,0,0,0,0,0,0,0,0,0,0,0,0,0,0,0,0,0,0,0,0,0,0,0,0,21,102.94,120.8,92,100,7812,35,100.0,170,38,81,103,13.8,25.5
136700,12.7,25.6,0.000,9.648,86.9,301,62.50,0.00,0,1,0,0,0.00,0,0,10.94,2000,1,0,0,0,0,0,0,0,0,0,0,0,0,0,0,0,0,0,0,0,0,0,0,0,0,0,0,0,0,0,0,0,0,0,0,0,0,0,0,0,0,0,0,0,0,0,0,0,0,0,0,0,0,0,0,0,0,0,0,0,0,0,0,0,0,0,0,0,0,0,0,0,0,0,22,107.84,120.8,92,100,7816,35,100.0,170,38,81,103,13.8,25.5
136800,12.7,25.6,0.000,9.648,86.9,301,62.50,0.00,0,1,0,0,0.00,0,0,10.94,2000,1,0,0,0,0,0,0,0,0,0,0,0,0,0,0,0,0,0,0,0,0,0,0,0,0,0,0,0,0,0,0,0,0,0,0,0,0,0,0,0,0,0,0,0,0,0,0,0,0,0,0,0,0,0,0,0,0,0,0,0,0,0,0,0,0,0,0,0,0,0,0,0,0,0,22,107.84,120.8,92,100,7816,35,100.0,170,38,81,103,13.8,25.5
136900,12.7,25.6,0.000,9.680,86.9,302,62.89,0.00,0,1,0,0,0.00,0,0,10.94,2000,1,0,0,0,0,0,0,0,0,0,0,0,0,0,0,0,0,0,0,0,0,0,0,0,0,0,0,0,0,0,0,0,0,0,0,0,0,0,0,0,0,0,0,0,0,0,0,0,0,0,0,0,0,0,0,0,0,0,0,0,0,0,0,0,0,0,0,0,0,0,0,0,0,0,22,107.84,120.8,92,100,7805,35,100.0,170,38,82,103,13.8,25.5
137000,12.7,25.6,0.000,9.648,86.9,301,62.50,0.00,0,1,0,0,0.00,0,0,10.94,2000,1,0,0,0,0,0,0,0,0,0,0,0,0,0,0,0,0,0,0,0,0,0,0,0,0,0,0,0,0,0,0,0,0,0,0,0,0,0,0,0,0,0,0,0,0,0,0,0,0,0,0,0,0,0,0,0,0,0,0,0,0,0,0,0,0,0,0,0,0,0,0,0,0,0,22,107.84,120.8,92,100,7808,35,100.0,170,38,82,104,13.8,25.5
137100,12.7,25.6,0.000,9.648,86.9,301,62.50,0.00,0,1,0,0,0.00,0,0,10.94,2000,1,0,0,0,0,0,0,0,0,0,0,0,0,0,0,0,0,0,0,0,0,0,0,0,0,0,0,0,0,0,0,0,0,0,0,0,0,0,0,0,0,0,0,0,0,0,0,0,0,0,0,0,0,0,0,0,0,0,0,0,0,0,0,0,0,0,0,0,0,0,0,0,0,0,21,102.94,120.8,92,100,7826,35,100.0,170,38,82,104,13.9,25.5
137200,12.7,25.6,0.000,9.680,86.9,302,62.89,0.00,0,1,0,0,0.00,0,0,10.94,2000,1,0,0,0,0,0,0,0,0,0,0,0,0,0,0,0,0,0,0,0,0,0,0,0,0,0,0,0,0,0,0,0,0,0,0,0,0,0,0,0,0,0,0,0,0,0,0,0,0,0,0,0,0,0,0,0,0,0,0,0,0,0,0,0,0,0,0,0,0,0,0,0,0,0,21,102.94,120.8,92,100,7826,35,100.0,170,38,82,104,13.9,25.5
137300,12.7,25.6,0.000,9.680,86.9,302,62.89,0.00,0,1,0,0,0.00,0,0,10.94,2000,1,0,0,0,0,0,0,0,0,0,0,0,0,0,0,0,0,0,0,0,0,0,0,0,0,0,0,0,0,0,0,0,0,0,0,0,0,0,0,0,0,0,0,0,0,0,0,0,0,0,0,0,0,0,0,0,0,0,0,0,0,0,0,0,0,0,0,0,0,0,0,0,0,0,21,102.94,120.8,92,100,7847,35,100.0,170,38,82,103,13.8,25.5
137400,12.7,25.6,0.000,9.680,86.9,302,62.89,0.00,0,1,0,0,0.00,0,0,10.94,2000,1,0,0,0,0,0,0,0,0,0,0,0,0,0,0,0,0,0,0,0,0,0,0,0,0,0,0,0,0,0,0,0,0,0,0,0,0,0,0,0,0,0,0,0,0,0,0,0,0,0,0,0,0,0,0,0,0,0,0,0,0,0,0,0,0,0,0,0,0,0,0,0,0,0,21,102.94,120.8,92,100,7844,35,100.0,170,38,82,103,13.9,25.5
137500,12.7,25.6,0.000,9.680,86.9,302,62.89,0.00,0,1,0,0,0.00,0,0,10.94,2000,1,0,0,0,0,0,0,0,0,0,0,0,0,0,0,0,0,0,0,0,0,0,0,0,0,0,0,0,0,0,0,0,0,0,0,0,0,0,0,0,0,0,0,0,0,0,0,0,0,0,0,0,0,0,0,0,0,0,0,0,0,0,0,0,0,0,0,0,0,0,0,0,0,0,21,102.94,121.7,91,100,7840,35,100.0,170,38,82,104,13.8,25.5
137600,12.7,25.6,0.000,9.680,86.9,302,62.89,0.00,0,1,0,0,0.00,0,0,10.94,2000,1,0,0,0,0,0,0,0,0,0,0,0,0,0,0,0,0,0,0,0,0,0,0,0,0,0,0,0,0,0,0,0,0,0,0,0,0,0,0,0,0,0,0,0,0,0,0,0,0,0,0,0,0,0,0,0,0,0,0,0,0,0,0,0,0,0,0,0,0,0,0,0,0,0,21,102.94,121.7,91,100,7833,35,100.0,170,38,82,103,13.8,25.5
137700,12.7,25.6,0.000,9.680,86.9,302,62.89,0.00,0,1,0,0,0.00,0,0,10.94,2000,1,0,0,0,0,0,0,0,0,0,0,0,0,0,0,0,0,0,0,0,0,0,0,0,0,0,0,0,0,0,0,0,0,0,0,0,0,0,0,0,0,0,0,0,0,0,0,0,0,0,0,0,0,0,0,0,0,0,0,0,0,0,0,0,0,0,0,0,0,0,0,0,0,0,21,102.94,121.7,91,100,7833,35,100.0,170,38,82,103,13.8,25.5
137800,12.7,25.6,0.000,9.680,86.9,302,62.89,0.00,0,1,0,0,0.00,0,0,10.94,2000,1,0,0,0,0,0,0,0,0,0,0,0,0,0,0,0,0,0,0,0,0,0,0,0,0,0,0,0,0,0,0,0,0,0,0,0,0,0,0,0,0,0,0,0,0,0,0,0,0,0,0,0,0,0,0,0,0,0,0,0,0,0,0,0,0,0,0,0,0,0,0,0,0,0,22,107.84,121.7,91,100,7837,35,100.0,170,38,83,104,13.9,25.5
137900,12.7,25.6,0.000,9.680,86.9,302,62.89,0.00,0,1,0,0,0.00,0,0,10.94,2000,1,0,0,0,0,0,0,0,0,0,0,0,0,0,0,0,0,0,0,0,0,0,0,0,0,0,0,0,0,0,0,0,0,0,0,0,0,0,0,0,0,0,0,0,0,0,0,0,0,0,0,0,0,0,0,0,0,0,0,0,0,0,0,0,0,0,0,0,0,0,0,0,0,0,22,107.84,121.7,91,100,7837,35,100.0,170,38,83,104,13.9,25.5
138000,12.7,25.6,0.000,9.680,86.9,302,62.89,0.00,0,1,0,0,0.00,0,0,10.94,2000,1,0,0,0,0,0,0,0,0,0,0,0,0,0,0,0,0,0,0,0,0,0,0,0,0,0,0,0,0,0,0,0,0,0,0,0,0,0,0,0,0,0,0,0,0,0,0,0,0,0,0,0,0,0,0,0,0,0,0,0,0,0,0,0,0,0,0,0,0,0,0,0,0,0,21,102.94,121.7,91,100,7851,35,100.0,170,38,83,104,13.8,25.5
138100,12.7,25.6,0.000,9.680,86.9,302,63.28,0.00,0,1,0,0,0.00,0,0,10.94,2000,1,0,0,0,0,0,0,0,0,0,0,0,0,0,0,0,0,0,0,0,0,0,0,0,0,0,0,0,0,0,0,0,0,0,0,0,0,0,0,0,0,0,0,0,0,0,0,0,0,0,0,0,0,0,0,0,0,0,0,0,0,0,0,0,0,0,0,0,0,0,0,0,0,0,22,107.84,121.7,91,100,7865,35,100.0,170,38,83,103,13.8,25.5
138200,12.7,25.6,0.000,9.680,86.9,302,63.28,0.00,0,1,0,0,0.00,0,0,10.94,2000,1,0,0,0,0,0,0,0,0,0,0,0,0,0,0,0,0,0,0,0,0,0,0,0,0,0,0,0,0,0,0,0,0,0,0,0,0,0,0,0,0,0,0,0,0,0,0,0,0,0,0,0,0,0,0,0,0,0,0,0,0,0,0,0,0,0,0,0,0,0,0,0,0,0,22,107.84,121.7,91,100,7862,35,100.0,170,38,83,104,13.8,25.5
138300,12.7,25.6,0.000,9.680,86.9,302,62.89,0.00,0,1,0,0,0.00,0,0,10.94,2000,1,0,0,0,0,0,0,0,0,0,0,0,0,0,0,0,0,0,0,0,0,0,0,0,0,0,0,0,0,0,0,0,0,0,0,0,0,0,0,0,0,0,0,0,0,0,0,0,0,0,0,0,0,0,0,0,0,0,0,0,0,0,0,0,0,0,0,0,0,0,0,0,0,0,22,107.84,121.7,91,100,7854,35,100.0,170,38,83,105,13.8,25.5
138400,12.7,25.6,0.000,9.680,86.9,302,62.89,0.00,0,1,0,0,0.00,0,0,10.94,2000,1,0,0,0,0,0,0,0,0,0,0,0,0,0,0,0,0,0,0,0,0,0,0,0,0,0,0,0,0,0,0,0,0,0,0,0,0,0,0,0,0,0,0,0,0,0,0,0,0,0,0,0,0,0,0,0,0,0,0,0,0,0,0,0,0,0,0,0,0,0,0,0,0,0,22,107.84,121.7,91,100,7854,35,100.0,170,38,83,105,13.8,25.5
138500,12.7,25.6,0.000,9.680,86.9,302,62.89,0.00,0,1,0,0,0.00,0,0,10.94,2000,1,0,0,0,0,0,0,0,0,0,0,0,0,0,0,0,0,0,0,0,0,0,0,0,0,0,0,0,0,0,0,0,0,0,0,0,0,0,0,0,0,0,0,0,0,0,0,0,0,0,0,0,0,0,0,0,0,0,0,0,0,0,0,0,0,0,0,0,0,0,0,0,0,0,22,107.84,122.5,92,100,7844,35,100.0,170,38,83,104,13.8,25.5
138600,12.7,25.6,0.000,9.680,86.9,302,62.89,0.00,0,1,0,0,0.00,0,0,10.94,2000,1,0,0,0,0,0,0,0,0,0,0,0,0,0,0,0,0,0,0,0,0,0,0,0,0,0,0,0,0,0,0,0,0,0,0,0,0,0,0,0,0,0,0,0,0,0,0,0,0,0,0,0,0,0,0,0,0,0,0,0,0,0,0,0,0,0,0,0,0,0,0,0,0,0,22,107.84,122.5,92,100,7844,35,100.0,170,38,83,104,13.8,25.5
138700,12.7,25.6,0.000,9.680,86.9,302,62.89,0.00,0,1,0,0,0.00,0,0,10.94,2000,1,0,0,0,0,0,0,0,0,0,0,0,0,0,0,0,0,0,0,0,0,0,0,0,0,0,0,0,0,0,0,0,0,0,0,0,0,0,0,0,0,0,0,0,0,0,0,0,0,0,0,0,0,0,0,0,0,0,0,0,0,0,0,0,0,0,0,0,0,0,0,0,0,0,21,102.94,122.5,92,100,7844,35,100.0,170,38,83,105,13.8,25.5
138800,12.7,25.6,0.000,9.680,86.9,302,63.28,0.00,0,1,0,0,0.00,0,0,10.94,2000,1,0,0,0,0,0,0,0,0,0,0,0,0,0,0,0,0,0,0,0,0,0,0,0,0,0,0,0,0,0,0,0,0,0,0,0,0,0,0,0,0,0,0,0,0,0,0,0,0,0,0,0,0,0,0,0,0,0,0,0,0,0,0,0,0,0,0,0,0,0,0,0,0,0,22,107.84,122.5,92,100,7862,35,100.0,170,38,82,104,13.8,25.5
138900,12.7,25.6,0.000,9.680,86.9,302,63.28,0.00,0,1,0,0,0.00,0,0,10.94,2000,1,0,0,0,0,0,0,0,0,0,0,0,0,0,0,0,0,0,0,0,0,0,0,0,0,0,0,0,0,0,0,0,0,0,0,0,0,0,0,0,0,0,0,0,0,0,0,0,0,0,0,0,0,0,0,0,0,0,0,0,0,0,0,0,0,0,0,0,0,0,0,0,0,0,22,107.84,122.5,92,100,7862,35,100.0,170,38,82,104,13.8,25.5
139000,12.7,25.6,0.000,9.680,86.9,302,63.28,0.00,0,1,0,0,0.00,0,0,10.94,2000,1,0,0,0,0,0,0,0,0,0,0,0,0,0,0,0,0,0,0,0,0,0,0,0,0,0,0,0,0,0,0,0,0,0,0,0,0,0,0,0,0,0,0,0,0,0,0,0,0,0,0,0,0,0,0,0,0,0,0,0,0,0,0,0,0,0,0,0,0,0,0,0,0,0,23,112.75,122.5,92,100,7869,35,100.0,170,38,82,105,13.8,25.5
139100,12.7,25.6,0.000,9.680,86.9,302,63.28,0.00,0,1,0,0,0.00,0,0,10.94,2000,1,0,0,0,0,0,0,0,0,0,0,0,0,0,0,0,0,0,0,0,0,0,0,0,0,0,0,0,0,0,0,0,0,0,0,0,0,0,0,0,0,0,0,0,0,0,0,0,0,0,0,0,0,0,0,0,0,0,0,0,0,0,0,0,0,0,0,0,0,0,0,0,0,0,23,112.75,122.5,92,100,7869,35,100.0,170,38,82,105,13.8,25.5
139200,12.7,25.6,0.000,9.680,86.9,302,63.28,0.00,0,1,0,0,0.00,0,0,10.94,2000,1,0,0,0,0,0,0,0,0,0,0,0,0,0,0,0,0,0,0,0,0,0,0,0,0,0,0,0,0,0,0,0,0,0,0,0,0,0,0,0,0,0,0,0,0,0,0,0,0,0,0,0,0,0,0,0,0,0,0,0,0,0,0,0,0,0,0,0,0,0,0,0,0,0,22,107.84,122.5,92,100,7847,35,100.0,170,38,82,105,13.8,25.5
139300,12.7,25.6,0.000,9.680,86.9,302,63.28,0.00,0,1,0,0,0.00,0,0,10.94,2000,1,0,0,0,0,0,0,0,0,0,0,0,0,0,0,0,0,0,0,0,0,0,0,0,0,0,0,0,0,0,0,0,0,0,0,0,0,0,0,0,0,0,0,0,0,0,0,0,0,0,0,0,0,0,0,0,0,0,0,0,0,0,0,0,0,0,0,0,0,0,0,0,0,0,22,107.84,122.5,92,100,7847,35,100.0,170,38,82,105,13.8,25.5
139400,12.7,25.6,0.000,9.680,86.9,302,63.28,0.00,0,1,0,0,0.00,0,0,10.94,2000,1,0,0,0,0,0,0,0,0,0,0,0,0,0,0,0,0,0,0,0,0,0,0,0,0,0,0,0,0,0,0,0,0,0,0,0,0,0,0,0,0,0,0,0,0,0,0,0,0,0,0,0,0,0,0,0,0,0,0,0,0,0,0,0,0,0,0,0,0,0,0,0,0,0,22,107.84,122.5,92,100,7851,35,100.0,170,38,82,106,13.8,25.5
139500,12.7,25.6,0.000,9.711,86.9,303,63.28,0.00,0,1,0,0,0.00,0,0,10.94,2000,1,0,0,0,0,0,0,0,0,0,0,0,0,0,0,0,0,0,0,0,0,0,0,0,0,0,0,0,0,0,0,0,0,0,0,0,0,0,0,0,0,0,0,0,0,0,0,0,0,0,0,0,0,0,0,0,0,0,0,0,0,0,0,0,0,0,0,0,0,0,0,0,0,0,22,107.84,123.3,93,100,7879,35,89.4,152,38,82,103,13.8,25.5
139600,12.7,25.6,0.000,9.711,86.9,303,63.28,0.00,0,1,0,0,0.00,0,0,10.94,2000,1,0,0,0,0,0,0,0,0,0,0,0,0,0,0,0,0,0,0,0,0,0,0,0,0,0,0,0,0,0,0,0,0,0,0,0,0,0,0,0,0,0,0,0,0,0,0,0,0,0,0,0,0,0,0,0,0,0,0,0,0,0,0,0,0,0,0,0,0,0,0,0,0,0,22,107.84,123.3,93,100,7879,35,89.4,152,38,82,103,13.8,25.5
139700,12.7,25.6,0.070,9.680,86.9,302,63.28,0.00,0,1,0,0,0.00,0,0,10.94,2000,1,0,0,0,0,0,0,0,0,0,0,0,0,0,0,0,0,0,0,0,0,0,0,0,0,0,0,0,0,0,0,0,0,0,0,0,0,0,0,0,0,0,0,0,0,0,0,0,0,0,0,0,0,0,0,0,0,0,0,0,0,0,0,0,0,0,0,0,0,0,0,0,0,0,22,107.84,123.3,93,100,7847,35,95.3,162,38,82,105,13.8,25.5
139800,12.7,25.6,0.055,10.410,86.9,302,67.97,0.00,0,1,0,0,0.00,0,0,10.94,2000,1,0,0,0,0,0,0,0,0,0,0,0,0,0,0,0,0,0,0,0,0,0,0,0,0,0,0,0,0,0,0,0,0,0,0,0,0,0,0,0,0,0,0,0,0,0,0,0,0,0,0,0,0,0,0,0,0,0,0,0,0,0,0,0,0,0,0,0,0,0,0,0,0,0,22,107.84,123.3,93,100,7876,35,100.0,170,38,82,106,13.8,25.5
139900,12.7,25.6,0.055,10.410,86.9,302,67.97,0.00,0,1,0,0,0.00,0,0,10.94,2000,1,0,0,0,0,0,0,0,0,0,0,0,0,0,0,0,0,0,0,0,0,0,0,0,0,0,0,0,0,0,0,0,0,0,0,0,0,0,0,0,0,0,0,0,0,0,0,0,0,0,0,0,0,0,0,0,0,0,0,0,0,0,0,0,0,0,0,0,0,0,0,0,0,0,21,102.94,123.3,93,100,7869,35,100.0,170,38,82,105,13.8,25.5
140000,12.7,25.6,0.000,9.680,86.9,302,62.89,0.00,0,1,0,0,0.00,0,0,10.94,2000,1,0,0,0,0,0,0,0,0,0,0,0,0,0,0,0,0,0,0,0,0,0,0,0,0,0,0,0,0,0,0,0,0,0,0,0,0,0,0,0,0,0,0,0,0,0,0,0,0,0,0,0,0,0,0,0,0,0,0,0,0,0,0,0,0,0,0,0,0,0,0,0,0,0,21,102.94,123.3,93,100,7840,35,100.0,170,38,82,104,13.8,25.5
140100,12.7,25.6,0.000,9.680,86.9,302,62.89,0.00,0,1,0,0,0.00,0,0,10.94,2000,1,0,0,0,0,0,0,0,0,0,0,0,0,0,0,0,0,0,0,0,0,0,0,0,0,0,0,0,0,0,0,0,0,0,0,0,0,0,0,0,0,0,0,0,0,0,0,0,0,0,0,0,0,0,0,0,0,0,0,0,0,0,0,0,0,0,0,0,0,0,0,0,0,0,21,102.94,123.3,93,100,7840,35,100.0,170,38,82,104,13.8,25.5
140200,12.7,25.6,0.000,9.680,86.9,302,62.89,0.00,0,1,0,0,0.00,0,0,10.94,2000,1,0,0,0,0,0,0,0,0,0,0,0,0,0,0,0,0,0,0,0,0,0,0,0,0,0,0,0,0,0,0,0,0,0,0,0,0,0,0,0,0,0,0,0,0,0,0,0,0,0,0,0,0,0,0,0,0,0,0,0,0,0,0,0,0,0,0,0,0,0,0,0,0,0,22,107.84,123.3,93,100,7837,35,100.0,170,38,82,104,13.8,25.5
140300,12.7,25.6,0.000,9.680,86.9,302,62.89,0.00,0,1,0,0,0.00,0,0,10.94,2000,1,0,0,0,0,0,0,0,0,0,0,0,0,0,0,0,0,0,0,0,0,0,0,0,0,0,0,0,0,0,0,0,0,0,0,0,0,0,0,0,0,0,0,0,0,0,0,0,0,0,0,0,0,0,0,0,0,0,0,0,0,0,0,0,0,0,0,0,0,0,0,0,0,0,23,112.75,123.3,93,100,7847,35,100.0,170,38,81,105,13.8,25.5
140400,12.7,25.6,0.000,9.680,86.9,302,63.28,0.00,0,1,0,0,0.00,0,0,10.94,2000,1,0,0,0,0,0,0,0,0,0,0,0,0,0,0,0,0,0,0,0,0,0,0,0,0,0,0,0,0,0,0,0,0,0,0,0,0,0,0,0,0,0,0,0,0,0,0,0,0,0,0,0,0,0,0,0,0,0,0,0,0,0,0,0,0,0,0,0,0,0,0,0,0,0,23,112.75,123.3,93,100,7847,35,100.0,170,38,81,105,13.8,25.5
140500,12.7,25.6,0.000,9.680,86.9,302,62.89,0.00,0,1,0,0,0.00,0,0,10.94,2000,1,0,0,0,0,0,0,0,0,0,0,0,0,0,0,0,0,0,0,0,0,0,0,0,0,0,0,0,0,0,0,0,0,0,0,0,0,0,0,0,0,0,0,0,0,0,0,0,0,0,0,0,0,0,0,0,0,0,0,0,0,0,0,0,0,0,0,0,0,0,0,0,0,0,22,107.84,123.9,92,100,7872,35,100.0,170,38,81,105,13.8,25.5
140600,12.7,25.6,0.000,9.680,86.9,302,63.28,0.00,0,1,0,0,0.00,0,0,10.94,2000,1,0,0,0,0,0,0,0,0,0,0,0,0,0,0,0,0,0,0,0,0,0,0,0,0,0,0,0,0,0,0,0,0,0,0,0,0,0,0,0,0,0,0,0,0,0,0,0,0,0,0,0,0,0,0,0,0,0,0,0,0,0,0,0,0,0,0,0,0,0,0,0,0,0,22,107.84,123.9,92,100,7854,35,100.0,170,38,81,105,13.8,25.5
140700,12.7,25.6,0.000,9.680,86.9,302,63.28,0.00,0,1,0,0,0.00,0,0,10.94,2000,1,0,0,0,0,0,0,0,0,0,0,0,0,0,0,0,0,0,0,0,0,0,0,0,0,0,0,0,0,0,0,0,0,0,0,0,0,0,0,0,0,0,0,0,0,0,0,0,0,0,0,0,0,0,0,0,0,0,0,0,0,0,0,0,0,0,0,0,0,0,0,0,0,0,22,107.84,123.9,92,100,7854,35,100.0,170,38,81,105,13.8,25.5
140800,12.7,25.6,0.000,9.711,86.9,303,63.28,0.00,0,1,0,0,0.00,0,0,10.94,2000,1,0,0,0,0,0,0,0,0,0,0,0,0,0,0,0,0,0,0,0,0,0,0,0,0,0,0,0,0,0,0,0,0,0,0,0,0,0,0,0,0,0,0,0,0,0,0,0,0,0,0,0,0,0,0,0,0,0,0,0,0,0,0,0,0,0,0,0,0,0,0,0,0,0,22,107.84,123.9,92,100,7872,35,100.0,170,38,81,105,13.8,25.5
140900,12.7,25.6,0.000,9.680,86.9,302,63.28,0.00,0,1,0,0,0.00,0,0,10.94,2000,1,0,0,0,0,0,0,0,0,0,0,0,0,0,0,0,0,0,0,0,0,0,0,0,0,0,0,0,0,0,0,0,0,0,0,0,0,0,0,0,0,0,0,0,0,0,0,0,0,0,0,0,0,0,0,0,0,0,0,0,0,0,0,0,0,0,0,0,0,0,0,0,0,0,21,102.94,123.9,92,100,7851,35,100.0,170,38,81,105,13.8,25.5
141000,12.7,25.6,0.000,9.711,86.9,303,63.28,0.00,0,1,0,0,0.00,0,0,10.94,2000,1,0,0,0,0,0,0,0,0,0,0,0,0,0,0,0,0,0,0,0,0,0,0,0,0,0,0,0,0,0,0,0,0,0,0,0,0,0,0,0,0,0,0,0,0,0,0,0,0,0,0,0,0,0,0,0,0,0,0,0,0,0,0,0,0,0,0,0,0,0,0,0,0,0,21,102.94,123.9,92,100,7858,35,100.0,170,38,81,105,13.8,25.5
141100,12.7,25.6,0.000,9.680,86.9,302,63.28,0.00,0,1,0,0,0.00,0,0,10.94,2000,1,0,0,0,0,0,0,0,0,0,0,0,0,0,0,0,0,0,0,0,0,0,0,0,0,0,0,0,0,0,0,0,0,0,0,0,0,0,0,0,0,0,0,0,0,0,0,0,0,0,0,0,0,0,0,0,0,0,0,0,0,0,0,0,0,0,0,0,0,0,0,0,0,0,22,107.84,123.9,92,100,7854,35,100.0,170,38,81,104,13.8,25.5
141200,12.7,25.6,0.000,9.711,86.9,303,63.28,0.00,0,1,0,0,0.00,0,0,10.94,2000,1,0,0,0,0,0,0,0,0,0,0,0,0,0,0,0,0,0,0,0,0,0,0,0,0,0,0,0,0,0,0,0,0,0,0,0,0,0,0,0,0,0,0,0,0,0,0,0,0,0,0,0,0,0,0,0,0,0,0,0,0,0,0,0,0,0,0,0,0,0,0,0,0,0,23,112.75,123.9,92,100,7879,35,100.0,170,38,81,105,13.8,25.5
141300,12.7,25.6,0.000,9.711,86.9,303,63.28,0.00,0,1,0,0,0.00,0,0,10.94,2000,1,0,0,0,0,0,0,0,0,0,0,0,0,0,0,0,0,0,0,0,0,0,0,0,0,0,0,0,0,0,0,0,0,0,0,0,0,0,0,0,0,0,0,0,0,0,0,0,0,0,0,0,0,0,0,0,0,0,0,0,0,0,0,0,0,0,0,0,0,0,0,0,0,0,23,112.75,123.9,92,100,7879,35,100.0,170,38,81,105,13.8,25.5
141400,12.7,25.6,0.000,9.711,86.9,303,63.28,0.00,0,1,0,0,0.00,0,0,10.94,2000,1,0,0,0,0,0,0,0,0,0,0,0,0,0,0,0,0,0,0,0,0,0,0,0,0,0,0,0,0,0,0,0,0,0,0,0,0,0,0,0,0,0,0,0,0,0,0,0,0,0,0,0,0,0,0,0,0,0,0,0,0,0,0,0,0,0,0,0,0,0,0,0,0,0,22,107.84,123.9,92,100,7887,35,100.0,170,38,81,105,13.8,25.5
141500,12.7,25.6,0.000,9.711,86.9,303,63.28,0.00,0,1,0,0,0.00,0,0,10.94,2000,1,0,0,0,0,0,0,0,0,0,0,0,0,0,0,0,0,0,0,0,0,0,0,0,0,0,0,0,0,0,0,0,0,0,0,0,0,0,0,0,0,0,0,0,0,0,0,0,0,0,0,0,0,0,0,0,0,0,0,0,0,0,0,0,0,0,0,0,0,0,0,0,0,0,22,107.84,124.7,93,100,7876,35,100.0,170,38,81,105,13.8,25.5
141600,12.7,25.6,0.000,9.680,86.9,302,63.28,0.00,0,1,0,0,0.00,0,0,10.94,2000,1,0,0,0,0,0,0,0,0,0,0,0,0,0,0,0,0,0,0,0,0,0,0,0,0,0,0,0,0,0,0,0,0,0,0,0,0,0,0,0,0,0,0,0,0,0,0,0,0,0,0,0,0,0,0,0,0,0,0,0,0,0,0,0,0,0,0,0,0,0,0,0,0,0,22,107.84,124.7,93,100,7897,35,100.0,170,38,81,106,13.8,25.5
141700,12.7,25.6,0.000,9.711,86.9,303,63.67,0.00,0,1,0,0,0.00,0,0,10.94,2000,1,0,0,0,0,0,0,0,0,0,0,0,0,0,0,0,0,0,0,0,0,0,0,0,0,0,0,0,0,0,0,0,0,0,0,0,0,0,0,0,0,0,0,0,0,0,0,0,0,0,0,0,0,0,0,0,0,0,0,0,0,0,0,0,0,0,0,0,0,0,0,0,0,0,22,107.84,124.7,93,100,7879,35,100.0,170,38,81,105,13.8,25.5
141800,12.7,25.6,0.000,9.711,86.9,303,63.67,0.00,0,1,0,0,0.00,0,0,10.94,2000,1,0,0,0,0,0,0,0,0,0,0,0,0,0,0,0,0,0,0,0,0,0,0,0,0,0,0,0,0,0,0,0,0,0,0,0,0,0,0,0,0,0,0,0,0,0,0,0,0,0,0,0,0,0,0,0,0,0,0,0,0,0,0,0,0,0,0,0,0,0,0,0,0,0,23,112.75,124.7,93,100,7869,35,100.0,170,38,81,105,13.8,25.5
141900,12.7,25.6,0.000,9.711,86.9,303,63.67,0.00,0,1,0,0,0.00,0,0,10.94,2000,1,0,0,0,0,0,0,0,0,0,0,0,0,0,0,0,0,0,0,0,0,0,0,0,0,0,0,0,0,0,0,0,0,0,0,0,0,0,0,0,0,0,0,0,0,0,0,0,0,0,0,0,0,0,0,0,0,0,0,0,0,0,0,0,0,0,0,0,0,0,0,0,0,0,22,107.84,124.7,93,100,7869,35,100.0,170,38,81,106,13.8,25.5
142000,12.7,25.6,0.000,9.711,86.9,303,63.67,0.00,0,1,0,0,0.00,0,0,10.94,2000,1,0,0,0,0,0,0,0,0,0,0,0,0,0,0,0,0,0,0,0,0,0,0,0,0,0,0,0,0,0,0,0,0,0,0,0,0,0,0,0,0,0,0,0,0,0,0,0,0,0,0,0,0,0,0,0,0,0,0,0,0,0,0,0,0,0,0,0,0,0,0,0,0,0,22,107.84,124.7,93,100,7869,35,100.0,170,38,81,106,13.8,25.5
142100,12.7,25.6,0.000,9.711,86.9,303,63.67,0.00,0,1,0,0,0.00,0,0,10.94,2000,1,0,0,0,0,0,0,0,0,0,0,0,0,0,0,0,0,0,0,0,0,0,0,0,0,0,0,0,0,0,0,0,0,0,0,0,0,0,0,0,0,0,0,0,0,0,0,0,0,0,0,0,0,0,0,0,0,0,0,0,0,0,0,0,0,0,0,0,0,0,0,0,0,0,22,107.84,124.7,93,100,7879,35,100.0,170,38,81,106,13.8,25.5
142200,12.7,25.6,0.000,9.680,86.9,302,63.28,0.00,0,1,0,0,0.00,0,0,10.94,2000,1,0,0,0,0,0,0,0,0,0,0,0,0,0,0,0,0,0,0,0,0,0,0,0,0,0,0,0,0,0,0,0,0,0,0,0,0,0,0,0,0,0,0,0,0,0,0,0,0,0,0,0,0,0,0,0,0,0,0,0,0,0,0,0,0,0,0,0,0,0,0,0,0,0,22,107.84,124.7,93,100,7869,35,100.0,170,38,81,106,13.8,25.5
142300,12.7,25.6,0.000,9.711,86.9,303,63.67,0.00,0,1,0,0,0.00,0,0,10.94,2000,1,0,0,0,0,0,0,0,0,0,0,0,0,0,0,0,0,0,0,0,0,0,0,0,0,0,0,0,0,0,0,0,0,0,0,0,0,0,0,0,0,0,0,0,0,0,0,0,0,0,0,0,0,0,0,0,0,0,0,0,0,0,0,0,0,0,0,0,0,0,0,0,0,0,22,107.84,124.7,93,100,7887,35,100.0,170,38,81,107,13.8,25.5
142400,12.7,25.6,0.000,9.711,86.9,303,63.67,0.00,0,1,0,0,0.00,0,0,10.94,2000,1,0,0,0,0,0,0,0,0,0,0,0,0,0,0,0,0,0,0,0,0,0,0,0,0,0,0,0,0,0,0,0,0,0,0,0,0,0,0,0,0,0,0,0,0,0,0,0,0,0,0,0,0,0,0,0,0,0,0,0,0,0,0,0,0,0,0,0,0,0,0,0,0,0,22,107.84,124.7,93,100,7901,35,100.0,170,38,81,106,13.9,25.5
142500,12.7,25.6,0.000,9.711,86.9,303,63.67,0.00,0,1,0,0,0.00,0,0,10.94,2000,1,0,0,0,0,0,0,0,0,0,0,0,0,0,0,0,0,0,0,0,0,0,0,0,0,0,0,0,0,0,0,0,0,0,0,0,0,0,0,0,0,0,0,0,0,0,0,0,0,0,0,0,0,0,0,0,0,0,0,0,0,0,0,0,0,0,0,0,0,0,0,0,0,0,22,107.84,125.1,95,100,7901,35,100.0,170,38,81,106,13.9,25.5
142600,12.7,25.6,0.000,9.711,86.9,303,63.67,0.00,0,1,0,0,0.00,0,0,10.94,2000,1,0,0,0,0,0,0,0,0,0,0,0,0,0,0,0,0,0,0,0,0,0,0,0,0,0,0,0,0,0,0,0,0,0,0,0,0,0,0,0,0,0,0,0,0,0,0,0,0,0,0,0,0,0,0,0,0,0,0,0,0,0,0,0,0,0,0,0,0,0,0,0,0,0,22,107.84,125.1,95,100,7876,35,100.0,170,38,81,106,13.8,25.5
142700,12.7,25.6,0.000,9.711,86.9,303,63.67,0.00,0,1,0,0,0.00,0,0,10.94,2000,1,0,0,0,0,0,0,0,0,0,0,0,0,0,0,0,0,0,0,0,0,0,0,0,0,0,0,0,0,0,0,0,0,0,0,0,0,0,0,0,0,0,0,0,0,0,0,0,0,0,0,0,0,0,0,0,0,0,0,0,0,0,0,0,0,0,0,0,0,0,0,0,0,0,22,107.84,125.1,95,100,7876,35,100.0,170,38,81,106,13.8,25.5
142800,12.7,25.6,0.000,9.711,86.9,303,63.67,0.00,0,1,0,0,0.00,0,0,10.94,2000,1,0,0,0,0,0,0,0,0,0,0,0,0,0,0,0,0,0,0,0,0,0,0,0,0,0,0,0,0,0,0,0,0,0,0,0,0,0,0,0,0,0,0,0,0,0,0,0,0,0,0,0,0,0,0,0,0,0,0,0,0,0,0,0,0,0,0,0,0,0,0,0,0,0,22,107.84,125.1,95,100,7890,35,100.0,170,38,81,107,13.8,25.5
142900,12.7,25.6,0.000,9.711,86.9,303,63.67,0.00,0,1,0,0,0.00,0,0,10.94,2000,1,0,0,0,0,0,0,0,0,0,0,0,0,0,0,0,0,0,0,0,0,0,0,0,0,0,0,0,0,0,0,0,0,0,0,0,0,0,0,0,0,0,0,0,0,0,0,0,0,0,0,0,0,0,0,0,0,0,0,0,0,0,0,0,0,0,0,0,0,0,0,0,0,0,22,107.84,125.1,95,100,7890,35,100.0,170,38,81,107,13.8,25.5
143000,12.7,25.6,0.000,9.711,86.9,303,63.67,0.00,0,1,0,0,0.00,0,0,10.94,2000,1,0,0,0,0,0,0,0,0,0,0,0,0,0,0,0,0,0,0,0,0,0,0,0,0,0,0,0,0,0,0,0,0,0,0,0,0,0,0,0,0,0,0,0,0,0,0,0,0,0,0,0,0,0,0,0,0,0,0,0,0,0,0,0,0,0,0,0,0,0,0,0,0,0,23,112.75,125.1,95,100,7901,35,100.0,170,38,81,106,13.8,25.5
143100,12.7,25.6,0.000,9.711,86.9,303,63.67,0.00,0,1,0,0,0.00,0,0,10.94,2000,1,0,0,0,0,0,0,0,0,0,0,0,0,0,0,0,0,0,0,0,0,0,0,0,0,0,0,0,0,0,0,0,0,0,0,0,0,0,0,0,0,0,0,0,0,0,0,0,0,0,0,0,0,0,0,0,0,0,0,0,0,0,0,0,0,0,0,0,0,0,0,0,0,0,22,107.84,125.1,95,100,7883,35,100.0,170,38,81,107,13.8,25.5
143200,12.7,25.6,0.000,9.711,86.9,303,63.67,0.00,0,1,0,0,0.00,0,0,10.94,2000,1,0,0,0,0,0,0,0,0,0,0,0,0,0,0,0,0,0,0,0,0,0,0,0,0,0,0,0,0,0,0,0,0,0,0,0,0,0,0,0,0,0,0,0,0,0,0,0,0,0,0,0,0,0,0,0,0,0,0,0,0,0,0,0,0,0,0,0,0,0,0,0,0,0,22,107.84,125.1,95,100,7883,35,100.0,170,38,81,107,13.8,25.5
143300,12.7,25.6,0.000,9.711,86.9,303,63.67,0.00,0,1,0,0,0.00,0,0,10.94,2000,1,0,0,0,0,0,0,0,0,0,0,0,0,0,0,0,0,0,0,0,0,0,0,0,0,0,0,0,0,0,0,0,0,0,0,0,0,0,0,0,0,0,0,0,0,0,0,0,0,0,0,0,0,0,0,0,0,0,0,0,0,0,0,0,0,0,0,0,0,0,0,0,0,0,22,107.84,125.1,95,100,7890,35,100.0,170,38,81,107,13.8,25.5
143400,12.7,25.6,0.000,9.711,86.9,303,63.67,0.00,0,1,0,0,0.00,0,0,10.94,2000,1,0,0,0,0,0,0,0,0,0,0,0,0,0,0,0,0,0,0,0,0,0,0,0,0,0,0,0,0,0,0,0,0,0,0,0,0,0,0,0,0,0,0,0,0,0,0,0,0,0,0,0,0,0,0,0,0,0,0,0,0,0,0,0,0,0,0,0,0,0,0,0,0,0,22,107.84,125.1,95,100,7890,35,100.0,170,38,81,107,13.8,25.5
143500,12.7,25.6,0.000,9.711,86.9,303,63.67,0.00,0,1,0,0,0.00,0,0,10.94,2000,1,0,0,0,0,0,0,0,0,0,0,0,0,0,0,0,0,0,0,0,0,0,0,0,0,0,0,0,0,0,0,0,0,0,0,0,0,0,0,0,0,0,0,0,0,0,0,0,0,0,0,0,0,0,0,0,0,0,0,0,0,0,0,0,0,0,0,0,0,0,0,0,0,0,23,112.75,126.1,94,100,7912,35,100.0,170,38,81,106,13.8,25.5
143600,12.7,25.6,0.000,9.711,86.9,303,63.67,0.00,0,1,0,0,0.00,0,0,10.94,2000,1,0,0,0,0,0,0,0,0,0,0,0,0,0,0,0,0,0,0,0,0,0,0,0,0,0,0,0,0,0,0,0,0,0,0,0,0,0,0,0,0,0,0,0,0,0,0,0,0,0,0,0,0,0,0,0,0,0,0,0,0,0,0,0,0,0,0,0,0,0,0,0,0,0,23,112.75,126.1,94,100,7912,35,100.0,170,38,81,106,13.8,25.5
143700,12.7,25.6,0.000,9.711,86.9,303,63.67,0.00,0,1,0,0,0.00,0,0,10.94,2000,1,0,0,0,0,0,0,0,0,0,0,0,0,0,0,0,0,0,0,0,0,0,0,0,0,0,0,0,0,0,0,0,0,0,0,0,0,0,0,0,0,0,0,0,0,0,0,0,0,0,0,0,0,0,0,0,0,0,0,0,0,0,0,0,0,0,0,0,0,0,0,0,0,0,22,107.84,126.1,94,100,7912,35,100.0,170,38,81,107,13.8,25.5
143800,12.7,25.6,0.000,9.711,86.9,303,63.67,0.00,0,1,0,0,0.00,0,0,10.94,2000,1,0,0,0,0,0,0,0,0,0,0,0,0,0,0,0,0,0,0,0,0,0,0,0,0,0,0,0,0,0,0,0,0,0,0,0,0,0,0,0,0,0,0,0,0,0,0,0,0,0,0,0,0,0,0,0,0,0,0,0,0,0,0,0,0,0,0,0,0,0,0,0,0,0,22,107.84,126.1,94,100,7912,35,100.0,170,38,81,107,13.8,25.5
143900,12.7,25.6,0.000,9.711,86.9,303,63.67,0.00,0,1,0,0,0.00,0,0,10.94,2000,1,0,0,0,0,0,0,0,0,0,0,0,0,0,0,0,0,0,0,0,0,0,0,0,0,0,0,0,0,0,0,0,0,0,0,0,0,0,0,0,0,0,0,0,0,0,0,0,0,0,0,0,0,0,0,0,0,0,0,0,0,0,0,0,0,0,0,0,0,0,0,0,0,0,22,107.84,126.1,94,100,7919,35,100.0,170,38,81,107,13.8,25.5
144000,12.7,25.6,0.000,9.711,86.9,303,63.67,0.00,0,1,0,0,0.00,0,0,10.94,2000,1,0,0,0,0,0,0,0,0,0,0,0,0,0,0,0,0,0,0,0,0,0,0,0,0,0,0,0,0,0,0,0,0,0,0,0,0,0,0,0,0,0,0,0,0,0,0,0,0,0,0,0,0,0,0,0,0,0,0,0,0,0,0,0,0,0,0,0,0,0,0,0,0,0,23,112.75,126.1,94,100,7901,35,100.0,170,38,81,107,13.8,25.5
144100,12.7,25.6,0.000,9.711,86.9,303,63.67,0.00,0,1,0,0,0.00,0,0,10.94,2000,1,0,0,0,0,0,0,0,0,0,0,0,0,0,0,0,0,0,0,0,0,0,0,0,0,0,0,0,0,0,0,0,0,0,0,0,0,0,0,0,0,0,0,0,0,0,0,0,0,0,0,0,0,0,0,0,0,0,0,0,0,0,0,0,0,0,0,0,0,0,0,0,0,0,22,107.84,126.1,94,100,7908,35,100.0,170,38,81,107,13.8,25.5
144200,12.7,25.6,0.000,9.711,86.9,303,63.67,0.00,0,1,0,0,0.00,0,0,10.94,2000,1,0,0,0,0,0,0,0,0,0,0,0,0,0,0,0,0,0,0,0,0,0,0,0,0,0,0,0,0,0,0,0,0,0,0,0,0,0,0,0,0,0,0,0,0,0,0,0,0,0,0,0,0,0,0,0,0,0,0,0,0,0,0,0,0,0,0,0,0,0,0,0,0,0,22,107.84,126.1,94,100,7894,35,100.0,170,38,81,107,13.8,25.5
144300,12.7,25.6,0.000,9.711,86.9,303,63.67,0.00,0,1,0,0,0.00,0,0,10.94,2000,1,0,0,0,0,0,0,0,0,0,0,0,0,0,0,0,0,0,0,0,0,0,0,0,0,0,0,0,0,0,0,0,0,0,0,0,0,0,0,0,0,0,0,0,0,0,0,0,0,0,0,0,0,0,0,0,0,0,0,0,0,0,0,0,0,0,0,0,0,0,0,0,0,0,22,107.84,126.1,94,100,7894,35,100.0,170,38,81,107,13.8,25.5
144400,12.7,25.6,0.000,9.711,86.9,303,63.67,0.00,0,1,0,0,0.00,0,0,10.94,2000,1,0,0,0,0,0,0,0,0,0,0,0,0,0,0,0,0,0,0,0,0,0,0,0,0,0,0,0,0,0,0,0,0,0,0,0,0,0,0,0,0,0,0,0,0,0,0,0,0,0,0,0,0,0,0,0,0,0,0,0,0,0,0,0,0,0,0,0,0,0,0,0,0,0,22,107.84,126.1,94,100,7894,35,100.0,170,38,82,107,13.8,25.5
144500,12.7,25.6,0.000,9.711,86.9,303,63.67,0.00,0,1,0,0,0.00,0,0,10.94,2000,1,0,0,0,0,0,0,0,0,0,0,0,0,0,0,0,0,0,0,0,0,0,0,0,0,0,0,0,0,0,0,0,0,0,0,0,0,0,0,0,0,0,0,0,0,0,0,0,0,0,0,0,0,0,0,0,0,0,0,0,0,0,0,0,0,0,0,0,0,0,0,0,0,0,22,107.84,127.1,94,100,7894,35,100.0,170,38,82,107,13.8,25.5
144600,12.7,25.6,0.000,9.711,86.9,303,63.67,0.00,0,1,0,0,0.00,0,0,10.94,2000,1,0,0,0,0,0,0,0,0,0,0,0,0,0,0,0,0,0,0,0,0,0,0,0,0,0,0,0,0,0,0,0,0,0,0,0,0,0,0,0,0,0,0,0,0,0,0,0,0,0,0,0,0,0,0,0,0,0,0,0,0,0,0,0,0,0,0,0,0,0,0,0,0,0,23,112.75,127.1,94,100,7901,35,100.0,170,38,82,107,13.8,25.5
144700,12.7,25.6,0.000,9.711,86.9,303,63.67,0.00,0,1,0,0,0.00,0,0,10.94,2000,1,0,0,0,0,0,0,0,0,0,0,0,0,0,0,0,0,0,0,0,0,0,0,0,0,0,0,0,0,0,0,0,0,0,0,0,0,0,0,0,0,0,0,0,0,0,0,0,0,0,0,0,0,0,0,0,0,0,0,0,0,0,0,0,0,0,0,0,0,0,0,0,0,0,22,107.84,127.1,94,100,7894,35,100.0,170,38,82,108,13.8,25.5
144800,12.7,25.6,0.000,9.711,86.9,303,63.67,0.00,0,1,0,0,0.00,0,0,10.94,2000,1,0,0,0,0,0,0,0,0,0,0,0,0,0,0,0,0,0,0,0,0,0,0,0,0,0,0,0,0,0,0,0,0,0,0,0,0,0,0,0,0,0,0,0,0,0,0,0,0,0,0,0,0,0,0,0,0,0,0,0,0,0,0,0,0,0,0,0,0,0,0,0,0,0,22,107.84,127.1,94,100,7908,35,100.0,170,38,82,107,13.8,25.5
144900,12.7,25.6,0.000,9.711,86.9,303,63.67,0.00,0,1,0,0,0.00,0,0,10.94,2000,1,0,0,0,0,0,0,0,0,0,0,0,0,0,0,0,0,0,0,0,0,0,0,0,0,0,0,0,0,0,0,0,0,0,0,0,0,0,0,0,0,0,0,0,0,0,0,0,0,0,0,0,0,0,0,0,0,0,0,0,0,0,0,0,0,0,0,0,0,0,0,0,0,0,22,107.84,127.1,94,100,7890,35,100.0,170,38,82,106,13.8,25.5
145000,12.7,25.6,0.000,9.711,86.9,303,63.67,0.00,0,1,0,0,0.00,0,0,10.94,2000,1,0,0,0,0,0,0,0,0,0,0,0,0,0,0,0,0,0,0,0,0,0,0,0,0,0,0,0,0,0,0,0,0,0,0,0,0,0,0,0,0,0,0,0,0,0,0,0,0,0,0,0,0,0,0,0,0,0,0,0,0,0,0,0,0,0,0,0,0,0,0,0,0,0,22,107.84,127.1,94,100,7890,35,100.0,170,38,82,106,13.8,25.5
145100,12.7,25.6,0.000,9.711,86.9,303,63.67,0.00,0,1,0,0,0.00,0,0,10.94,2000,1,0,0,0,0,0,0,0,0,0,0,0,0,0,0,0,0,0,0,0,0,0,0,0,0,0,0,0,0,0,0,0,0,0,0,0,0,0,0,0,0,0,0,0,0,0,0,0,0,0,0,0,0,0,0,0,0,0,0,0,0,0,0,0,0,0,0,0,0,0,0,0,0,0,23,112.75,127.1,94,100,7876,35,100.0,170,38,82,106,13.8,25.5
145200,12.7,25.6,0.000,9.711,86.9,303,63.67,0.00,0,1,0,0,0.00,0,0,10.94,2000,1,0,0,0,0,0,0,0,0,0,0,0,0,0,0,0,0,0,0,0,0,0,0,0,0,0,0,0,0,0,0,0,0,0,0,0,0,0,0,0,0,0,0,0,0,0,0,0,0,0,0,0,0,0,0,0,0,0,0,0,0,0,0,0,0,0,0,0,0,0,0,0,0,0,23,112.75,127.1,94,100,7876,35,100.0,170,38,82,106,13.8,25.5
145300,12.7,25.6,0.000,9.711,86.9,303,63.67,0.00,0,1,0,0,0.00,0,0,10.94,2000,1,0,0,0,0,0,0,0,0,0,0,0,0,0,0,0,0,0,0,0,0,0,0,0,0,0,0,0,0,0,0,0,0,0,0,0,0,0,0,0,0,0,0,0,0,0,0,0,0,0,0,0,0,0,0,0,0,0,0,0,0,0,0,0,0,0,0,0,0,0,0,0,0,0,22,107.84,127.1,94,100,7879,35,100.0,170,38,82,107,13.8,25.5
145400,12.7,25.6,0.000,9.711,86.9,303,63.67,0.00,0,1,0,0,0.00,0,0,10.94,2000,1,0,0,0,0,0,0,0,0,0,0,0,0,0,0,0,0,0,0,0,0,0,0,0,0,0,0,0,0,0,0,0,0,0,0,0,0,0,0,0,0,0,0,0,0,0,0,0,0,0,0,0,0,0,0,0,0,0,0,0,0,0,0,0,0,0,0,0,0,0,0,0,0,0,21,102.94,127.1,94,100,7883,35,100.0,170,38,82,108,13.8,25.5
145500,12.7,25.6,0.000,9.711,86.9,303,63.67,0.00,0,1,0,0,0.00,0,0,10.94,2000,1,0,0,0,0,0,0,0,0,0,0,0,0,0,0,0,0,0,0,0,0,0,0,0,0,0,0,0,0,0,0,0,0,0,0,0,0,0,0,0,0,0,0,0,0,0,0,0,0,0,0,0,0,0,0,0,0,0,0,0,0,0,0,0,0,0,0,0,0,0,0,0,0,0,21,102.94,127.8,96,100,7883,35,100.0,170,38,82,108,13.8,25.5
145600,12.7,25.6,0.000,9.711,86.9,303,63.67,0.00,0,1,0,0,0.00,0,0,10.94,2000,1,0,0,0,0,0,0,0,0,0,0,0,0,0,0,0,0,0,0,0,0,0,0,0,0,0,0,0,0,0,0,0,0,0,0,0,0,0,0,0,0,0,0,0,0,0,0,0,0,0,0,0,0,0,0,0,0,0,0,0,0,0,0,0,0,0,0,0,0,0,0,0,0,0,22,107.84,127.8,96,100,7890,35,100.0,170,38,82,106,13.9,25.5
145700,12.7,25.6,0.000,9.711,86.9,303,63.67,0.00,0,1,0,0,0.00,0,0,10.94,2000,1,0,0,0,0,0,0,0,0,0,0,0,0,0,0,0,0,0,0,0,0,0,0,0,0,0,0,0,0,0,0,0,0,0,0,0,0,0,0,0,0,0,0,0,0,0,0,0,0,0,0,0,0,0,0,0,0,0,0,0,0,0,0,0,0,0,0,0,0,0,0,0,0,0,22,107.84,127.8,96,100,7897,35,98.8,168,38,82,108,13.8,25.5
145800,12.7,25.6,0.000,9.711,86.9,303,63.67,0.00,0,1,0,0,0.00,0,0,10.94,2000,1,0,0,0,0,0,0,0,0,0,0,0,0,0,0,0,0,0,0,0,0,0,0,0,0,0,0,0,0,0,0,0,0,0,0,0,0,0,0,0,0,0,0,0,0,0,0,0,0,0,0,0,0,0,0,0,0,0,0,0,0,0,0,0,0,0,0,0,0,0,0,0,0,0,22,107.84,127.8,96,100,7897,35,98.8,168,38,82,108,13.8,25.5
145900,12.7,25.6,0.000,9.711,86.9,303,63.67,0.00,0,1,0,0,0.00,0,0,10.94,2000,1,0,0,0,0,0,0,0,0,0,0,0,0,0,0,0,0,0,0,0,0,0,0,0,0,0,0,0,0,0,0,0,0,0,0,0,0,0,0,0,0,0,0,0,0,0,0,0,0,0,0,0,0,0,0,0,0,0,0,0,0,0,0,0,0,0,0,0,0,0,0,0,0,0,22,107.84,127.8,96,100,7897,35,100.0,170,38,82,107,13.8,25.5
146000,12.7,25.6,0.000,9.711,86.9,303,63.67,0.00,0,1,0,0,0.00,0,0,10.94,2000,1,0,0,0,0,0,0,0,0,0,0,0,0,0,0,0,0,0,0,0,0,0,0,0,0,0,0,0,0,0,0,0,0,0,0,0,0,0,0,0,0,0,0,0,0,0,0,0,0,0,0,0,0,0,0,0,0,0,0,0,0,0,0,0,0,0,0,0,0,0,0,0,0,0,22,107.84,127.8,96,100,7894,35,100.0,170,38,82,107,13.8,25.5
146100,12.7,25.6,0.000,9.711,86.9,303,63.67,0.00,0,1,0,0,0.00,0,0,10.94,2000,1,0,0,0,0,0,0,0,0,0,0,0,0,0,0,0,0,0,0,0,0,0,0,0,0,0,0,0,0,0,0,0,0,0,0,0,0,0,0,0,0,0,0,0,0,0,0,0,0,0,0,0,0,0,0,0,0,0,0,0,0,0,0,0,0,0,0,0,0,0,0,0,0,0,22,107.84,127.8,96,100,7908,35,100.0,170,38,82,107,13.8,25.5
146200,12.7,25.6,0.000,9.711,86.9,303,63.67,0.00,0,1,0,0,0.00,0,0,10.94,2000,1,0,0,0,0,0,0,0,0,0,0,0,0,0,0,0,0,0,0,0,0,0,0,0,0,0,0,0,0,0,0,0,0,0,0,0,0,0,0,0,0,0,0,0,0,0,0,0,0,0,0,0,0,0,0,0,0,0,0,0,0,0,0,0,0,0,0,0,0,0,0,0,0,0,23,112.75,127.8,96,100,7883,35,100.0,170,38,83,107,13.8,25.5
146300,12.7,25.6,0.000,9.711,86.9,303,63.67,0.00,0,1,0,0,0.00,0,0,10.94,2000,1,0,0,0,0,0,0,0,0,0,0,0,0,0,0,0,0,0,0,0,0,0,0,0,0,0,0,0,0,0,0,0,0,0,0,0,0,0,0,0,0,0,0,0,0,0,0,0,0,0,0,0,0,0,0,0,0,0,0,0,0,0,0,0,0,0,0,0,0,0,0,0,0,0,22,107.84,127.8,96,100,7879,35,100.0,170,38,83,107,13.8,25.5
146400,12.7,25.6,0.000,9.711,86.9,303,63.67,0.00,0,1,0,0,0.00,0,0,10.94,2000,1,0,0,0,0,0,0,0,0,0,0,0,0,0,0,0,0,0,0,0,0,0,0,0,0,0,0,0,0,0,0,0,0,0,0,0,0,0,0,0,0,0,0,0,0,0,0,0,0,0,0,0,0,0,0,0,0,0,0,0,0,0,0,0,0,0,0,0,0,0,0,0,0,0,22,107.84,127.8,96,100,7879,35,100.0,170,38,83,107,13.8,25.5
146500,12.7,25.6,0.000,9.711,86.9,303,63.67,0.00,0,1,0,0,0.00,0,0,10.94,2000,1,0,0,0,0,0,0,0,0,0,0,0,0,0,0,0,0,0,0,0,0,0,0,0,0,0,0,0,0,0,0,0,0,0,0,0,0,0,0,0,0,0,0,0,0,0,0,0,0,0,0,0,0,0,0,0,0,0,0,0,0,0,0,0,0,0,0,0,0,0,0,0,0,0,22,107.84,128.5,96,100,7879,35,100.0,170,38,83,107,13.8,25.5
146600,12.7,25.6,0.000,9.711,86.9,303,63.67,0.00,0,1,0,0,0.00,0,0,10.94,2000,1,0,0,0,0,0,0,0,0,0,0,0,0,0,0,0,0,0,0,0,0,0,0,0,0,0,0,0,0,0,0,0,0,0,0,0,0,0,0,0,0,0,0,0,0,0,0,0,0,0,0,0,0,0,0,0,0,0,0,0,0,0,0,0,0,0,0,0,0,0,0,0,0,0,23,112.75,128.5,96,100,7879,35,100.0,170,38,83,106,13.8,25.5
146700,12.7,25.6,0.000,9.711,86.9,303,63.67,0.00,0,1,0,0,0.00,0,0,10.94,2000,1,0,0,0,0,0,0,0,0,0,0,0,0,0,0,0,0,0,0,0,0,0,0,0,0,0,0,0,0,0,0,0,0,0,0,0,0,0,0,0,0,0,0,0,0,0,0,0,0,0,0,0,0,0,0,0,0,0,0,0,0,0,0,0,0,0,0,0,0,0,0,0,0,0,22,107.84,128.5,96,100,7879,35,100.0,170,38,83,107,13.9,25.5
146800,12.7,25.6,0.000,9.711,86.9,303,63.67,0.00,0,1,0,0,0.00,0,0,10.94,2000,1,0,0,0,0,0,0,0,0,0,0,0,0,0,0,0,0,0,0,0,0,0,0,0,0,0,0,0,0,0,0,0,0,0,0,0,0,0,0,0,0,0,0,0,0,0,0,0,0,0,0,0,0,0,0,0,0,0,0,0,0,0,0,0,0,0,0,0,0,0,0,0,0,0,22,107.84,128.5,96,100,7905,35,100.0,170,38,83,107,13.8,25.5
146900,12.7,25.6,0.000,9.711,86.9,303,63.67,0.00,0,1,0,0,0.00,0,0,10.94,2000,1,0,0,0,0,0,0,0,0,0,0,0,0,0,0,0,0,0,0,0,0,0,0,0,0,0,0,0,0,0,0,0,0,0,0,0,0,0,0,0,0,0,0,0,0,0,0,0,0,0,0,0,0,0,0,0,0,0,0,0,0,0,0,0,0,0,0,0,0,0,0,0,0,0,23,112.75,128.5,96,100,7890,35,100.0,170,38,83,107,13.9,25.5
147000,12.7,25.6,0.000,9.711,86.9,303,63.67,0.00,0,1,0,0,0.00,0,0,10.94,2000,1,0,0,0,0,0,0,0,0,0,0,0,0,0,0,0,0,0,0,0,0,0,0,0,0,0,0,0,0,0,0,0,0,0,0,0,0,0,0,0,0,0,0,0,0,0,0,0,0,0,0,0,0,0,0,0,0,0,0,0,0,0,0,0,0,0,0,0,0,0,0,0,0,0,23,112.75,128.5,96,100,7890,35,100.0,170,38,83,107,13.9,25.5
147100,12.7,25.6,0.000,9.711,86.9,303,63.67,0.00,0,1,0,0,0.00,0,0,10.94,2000,1,0,0,0,0,0,0,0,0,0,0,0,0,0,0,0,0,0,0,0,0,0,0,0,0,0,0,0,0,0,0,0,0,0,0,0,0,0,0,0,0,0,0,0,0,0,0,0,0,0,0,0,0,0,0,0,0,0,0,0,0,0,0,0,0,0,0,0,0,0,0,0,0,0,23,112.75,128.5,96,100,7876,35,100.0,170,38,83,107,13.8,25.5
147200,12.7,25.6,0.000,9.711,86.9,303,63.67,0.00,0,1,0,0,0.00,0,0,10.94,2000,1,0,0,0,0,0,0,0,0,0,0,0,0,0,0,0,0,0,0,0,0,0,0,0,0,0,0,0,0,0,0,0,0,0,0,0,0,0,0,0,0,0,0,0,0,0,0,0,0,0,0,0,0,0,0,0,0,0,0,0,0,0,0,0,0,0,0,0,0,0,0,0,0,0,23,112.75,128.5,96,100,7876,35,100.0,170,38,83,107,13.8,25.5
147300,12.7,25.6,0.000,9.711,86.9,302,63.67,0.00,0,1,0,0,0.00,0,0,10.94,2000,1,0,0,0,0,0,0,0,0,0,0,0,0,0,0,0,0,0,0,0,0,0,0,0,0,0,0,0,0,0,0,0,0,0,0,0,0,0,0,0,0,0,0,0,0,0,0,0,0,0,0,0,0,0,0,0,0,0,0,0,0,0,0,0,0,0,0,0,0,0,0,0,0,0,22,107.84,128.5,96,100,7894,35,100.0,170,38,83,108,13.8,25.5
147400,12.7,25.6,0.000,9.711,86.9,303,63.67,0.00,0,1,0,0,0.00,0,0,10.94,2000,1,0,0,0,0,0,0,0,0,0,0,0,0,0,0,0,0,0,0,0,0,0,0,0,0,0,0,0,0,0,0,0,0,0,0,0,0,0,0,0,0,0,0,0,0,0,0,0,0,0,0,0,0,0,0,0,0,0,0,0,0,0,0,0,0,0,0,0,0,0,0,0,0,0,23,112.75,128.5,96,100,7872,35,100.0,170,38,82,107,13.8,25.5
147500,12.7,25.6,0.000,9.711,86.9,303,63.67,0.00,0,1,0,0,0.00,0,0,10.94,2000,1,0,0,0,0,0,0,0,0,0,0,0,0,0,0,0,0,0,0,0,0,0,0,0,0,0,0,0,0,0,0,0,0,0,0,0,0,0,0,0,0,0,0,0,0,0,0,0,0,0,0,0,0,0,0,0,0,0,0,0,0,0,0,0,0,0,0,0,0,0,0,0,0,0,23,112.75,129.2,95,100,7897,35,100.0,170,38,82,108,13.9,25.5
147600,12.7,25.6,0.000,9.711,86.9,303,63.67,0.00,0,1,0,0,0.00,0,0,10.94,2000,1,0,0,0,0,0,0,0,0,0,0,0,0,0,0,0,0,0,0,0,0,0,0,0,0,0,0,0,0,0,0,0,0,0,0,0,0,0,0,0,0,0,0,0,0,0,0,0,0,0,0,0,0,0,0,0,0,0,0,0,0,0,0,0,0,0,0,0,0,0,0,0,0,0,23,112.75,129.2,95,100,7897,35,100.0,170,38,82,108,13.9,25.5
147700,12.7,25.6,0.000,9.711,86.9,303,63.67,0.00,0,1,0,0,0.00,0,0,10.94,2000,1,0,0,0,0,0,0,0,0,0,0,0,0,0,0,0,0,0,0,0,0,0,0,0,0,0,0,0,0,0,0,0,0,0,0,0,0,0,0,0,0,0,0,0,0,0,0,0,0,0,0,0,0,0,0,0,0,0,0,0,0,0,0,0,0,0,0,0,0,0,0,0,0,0,23,112.75,129.2,95,100,7883,35,100.0,170,38,82,106,13.8,25.5
147800,12.7,25.6,0.000,9.711,86.9,303,63.67,0.00,0,1,0,0,0.00,0,0,10.94,2000,1,0,0,0,0,0,0,0,0,0,0,0,0,0,0,0,0,0,0,0,0,0,0,0,0,0,0,0,0,0,0,0,0,0,0,0,0,0,0,0,0,0,0,0,0,0,0,0,0,0,0,0,0,0,0,0,0,0,0,0,0,0,0,0,0,0,0,0,0,0,0,0,0,0,23,112.75,129.2,95,100,7876,35,100.0,170,38,82,107,13.9,25.5
147900,12.7,25.6,0.000,9.711,86.9,303,63.67,0.00,0,1,0,0,0.00,0,0,10.94,2000,1,0,0,0,0,0,0,0,0,0,0,0,0,0,0,0,0,0,0,0,0,0,0,0,0,0,0,0,0,0,0,0,0,0,0,0,0,0,0,0,0,0,0,0,0,0,0,0,0,0,0,0,0,0,0,0,0,0,0,0,0,0,0,0,0,0,0,0,0,0,0,0,0,0,23,112.75,129.2,95,100,7876,35,100.0,170,38,82,107,13.9,25.5
148000,12.7,25.6,0.000,9.711,86.9,303,63.67,0.00,0,1,0,0,0.00,0,0,10.94,2000,1,0,0,0,0,0,0,0,0,0,0,0,0,0,0,0,0,0,0,0,0,0,0,0,0,0,0,0,0,0,0,0,0,0,0,0,0,0,0,0,0,0,0,0,0,0,0,0,0,0,0,0,0,0,0,0,0,0,0,0,0,0,0,0,0,0,0,0,0,0,0,0,0,0,23,112.75,129.2,95,100,7894,35,100.0,170,38,82,107,13.8,25.5
148100,12.7,25.6,0.000,9.711,86.9,303,63.28,0.00,0,1,0,0,0.00,0,0,10.94,2000,1,0,0,0,0,0,0,0,0,0,0,0,0,0,0,0,0,0,0,0,0,0,0,0,0,0,0,0,0,0,0,0,0,0,0,0,0,0,0,0,0,0,0,0,0,0,0,0,0,0,0,0,0,0,0,0,0,0,0,0,0,0,0,0,0,0,0,0,0,0,0,0,0,0,22,107.84,129.2,95,100,7865,35,100.0,170,38,82,106,13.8,25.5
148200,12.7,25.6,0.000,9.711,86.9,303,63.67,0.00,0,1,0,0,0.00,0,0,10.94,2000,1,0,0,0,0,0,0,0,0,0,0,0,0,0,0,0,0,0,0,0,0,0,0,0,0,0,0,0,0,0,0,0,0,0,0,0,0,0,0,0,0,0,0,0,0,0,0,0,0,0,0,0,0,0,0,0,0,0,0,0,0,0,0,0,0,0,0,0,0,0,0,0,0,0,22,107.84,129.2,95,100,7890,35,100.0,170,38,82,106,13.8,25.5
148300,12.7,25.6,0.000,9.711,86.9,303,63.67,0.00,0,1,0,0,0.00,0,0,10.94,2000,1,0,0,0,0,0,0,0,0,0,0,0,0,0,0,0,0,0,0,0,0,0,0,0,0,0,0,0,0,0,0,0,0,0,0,0,0,0,0,0,0,0,0,0,0,0,0,0,0,0,0,0,0,0,0,0,0,0,0,0,0,0,0,0,0,0,0,0,0,0,0,0,0,0,22,107.84,129.2,95,100,7890,35,100.0,170,38,82,106,13.8,25.5
148400,12.7,25.6,0.000,9.711,86.9,303,63.28,0.00,0,1,0,0,0.00,0,0,10.94,2000,1,0,0,0,0,0,0,0,0,0,0,0,0,0,0,0,0,0,0,0,0,0,0,0,0,0,0,0,0,0,0,0,0,0,0,0,0,0,0,0,0,0,0,0,0,0,0,0,0,0,0,0,0,0,0,0,0,0,0,0,0,0,0,0,0,0,0,0,0,0,0,0,0,0,23,112.75,129.2,95,100,7865,35,100.0,170,38,82,107,13.8,25.5
148500,12.7,25.6,0.000,9.680,86.9,302,63.28,0.00,0,1,0,0,0.00,0,0,10.94,2000,1,0,0,0,0,0,0,0,0,0,0,0,0,0,0,0,0,0,0,0,0,0,0,0,0,0,0,0,0,0,0,0,0,0,0,0,0,0,0,0,0,0,0,0,0,0,0,0,0,0,0,0,0,0,0,0,0,0,0,0,0,0,0,0,0,0,0,0,0,0,0,0,0,0,23,112.75,130.1,96,100,7858,35,100.0,170,38,82,106,13.8,25.5
148600,12.7,25.6,0.000,9.711,86.9,303,63.28,0.00,0,1,0,0,0.00,0,0,10.94,2000,1,0,0,0,0,0,0,0,0,0,0,0,0,0,0,0,0,0,0,0,0,0,0,0,0,0,0,0,0,0,0,0,0,0,0,0,0,0,0,0,0,0,0,0,0,0,0,0,0,0,0,0,0,0,0,0,0,0,0,0,0,0,0,0,0,0,0,0,0,0,0,0,0,0,23,112.75,130.1,96,100,7872,35,100.0,170,38,82,106,13.8,25.5
148700,12.7,25.6,0.000,9.711,86.9,303,63.28,0.00,0,1,0,0,0.00,0,0,10.94,2000,1,0,0,0,0,0,0,0,0,0,0,0,0,0,0,0,0,0,0,0,0,0,0,0,0,0,0,0,0,0,0,0,0,0,0,0,0,0,0,0,0,0,0,0,0,0,0,0,0,0,0,0,0,0,0,0,0,0,0,0,0,0,0,0,0,0,0,0,0,0,0,0,0,0,23,112.75,130.1,96,100,7872,35,100.0,170,38,82,106,13.8,25.5
148800,12.7,25.6,0.000,9.680,86.9,302,63.28,0.00,0,1,0,0,0.00,0,0,10.94,2000,1,0,0,0,0,0,0,0,0,0,0,0,0,0,0,0,0,0,0,0,0,0,0,0,0,0,0,0,0,0,0,0,0,0,0,0,0,0,0,0,0,0,0,0,0,0,0,0,0,0,0,0,0,0,0,0,0,0,0,0,0,0,0,0,0,0,0,0,0,0,0,0,0,0,23,112.75,130.1,96,100,7876,35,100.0,170,38,82,107,13.8,25.5
148900,12.7,25.6,0.000,9.711,86.9,303,63.28,0.00,0,1,0,0,0.00,0,0,10.94,2000,1,0,0,0,0,0,0,0,0,0,0,0,0,0,0,0,0,0,0,0,0,0,0,0,0,0,0,0,0,0,0,0,0,0,0,0,0,0,0,0,0,0,0,0,0,0,0,0,0,0,0,0,0,0,0,0,0,0,0,0,0,0,0,0,0,0,0,0,0,0,0,0,0,0,23,112.75,130.1,96,100,7876,35,100.0,170,38,82,107,13.8,25.5
149000,12.7,25.6,0.000,9.711,86.9,303,63.28,0.00,0,1,0,0,0.00,0,0,10.94,2000,1,0,0,0,0,0,0,0,0,0,0,0,0,0,0,0,0,0,0,0,0,0,0,0,0,0,0,0,0,0,0,0,0,0,0,0,0,0,0,0,0,0,0,0,0,0,0,0,0,0,0,0,0,0,0,0,0,0,0,0,0,0,0,0,0,0,0,0,0,0,0,0,0,0,23,112.75,130.1,96,100,7890,35,100.0,170,38,82,106,13.8,25.5
149100,12.7,25.6,0.000,9.711,86.9,303,63.28,0.00,0,1,0,0,0.00,0,0,10.94,2000,1,0,0,0,0,0,0,0,0,0,0,0,0,0,0,0,0,0,0,0,0,0,0,0,0,0,0,0,0,0,0,0,0,0,0,0,0,0,0,0,0,0,0,0,0,0,0,0,0,0,0,0,0,0,0,0,0,0,0,0,0,0,0,0,0,0,0,0,0,0,0,0,0,0,23,112.75,130.1,96,100,7883,35,100.0,170,38,82,107,13.8,25.5
149200,12.7,25.6,0.000,9.711,86.9,303,63.67,0.00,0,1,0,0,0.00,0,0,10.94,2000,1,0,0,0,0,0,0,0,0,0,0,0,0,0,0,0,0,0,0,0,0,0,0,0,0,0,0,0,0,0,0,0,0,0,0,0,0,0,0,0,0,0,0,0,0,0,0,0,0,0,0,0,0,0,0,0,0,0,0,0,0,0,0,0,0,0,0,0,0,0,0,0,0,0,23,112.75,130.1,96,100,7883,35,100.0,170,38,82,107,13.8,25.5
149300,12.7,25.6,0.000,9.711,86.9,303,63.67,0.00,0,1,0,0,0.00,0,0,10.94,2000,1,0,0,0,0,0,0,0,0,0,0,0,0,0,0,0,0,0,0,0,0,0,0,0,0,0,0,0,0,0,0,0,0,0,0,0,0,0,0,0,0,0,0,0,0,0,0,0,0,0,0,0,0,0,0,0,0,0,0,0,0,0,0,0,0,0,0,0,0,0,0,0,0,0,22,107.84,130.1,96,100,7879,35,100.0,170,38,82,107,13.8,25.5
149400,12.7,25.6,0.000,9.711,86.9,303,63.67,0.00,0,1,0,0,0.00,0,0,10.94,2000,1,0,0,0,0,0,0,0,0,0,0,0,0,0,0,0,0,0,0,0,0,0,0,0,0,0,0,0,0,0,0,0,0,0,0,0,0,0,0,0,0,0,0,0,0,0,0,0,0,0,0,0,0,0,0,0,0,0,0,0,0,0,0,0,0,0,0,0,0,0,0,0,0,0,23,112.75,130.8,95,100,7879,35,100.0,170,38,82,107,13.8,25.5
149500,12.7,25.6,0.000,9.711,86.9,303,63.67,0.00,0,1,0,0,0.00,0,0,10.94,2000,1,0,0,0,0,0,0,0,0,0,0,0,0,0,0,0,0,0,0,0,0,0,0,0,0,0,0,0,0,0,0,0,0,0,0,0,0,0,0,0,0,0,0,0,0,0,0,0,0,0,0,0,0,0,0,0,0,0,0,0,0,0,0,0,0,0,0,0,0,0,0,0,0,0,23,112.75,130.8,95,100,7879,35,100.0,170,38,82,107,13.8,25.5
149600,12.7,25.6,0.000,9.711,86.9,303,63.67,0.00,0,1,0,0,0.00,0,0,10.94,2000,1,0,0,0,0,0,0,0,0,0,0,0,0,0,0,0,0,0,0,0,0,0,0,0,0,0,0,0,0,0,0,0,0,0,0,0,0,0,0,0,0,0,0,0,0,0,0,0,0,0,0,0,0,0,0,0,0,0,0,0,0,0,0,0,0,0,0,0,0,0,0,0,0,0,23,112.75,130.8,95,100,7912,35,100.0,170,38,82,108,13.9,25.5
149700,12.7,25.6,0.000,9.711,86.9,303,63.67,0.00,0,1,0,0,0.00,0,0,10.94,2000,1,0,0,0,0,0,0,0,0,0,0,0,0,0,0,0,0,0,0,0,0,0,0,0,0,0,0,0,0,0,0,0,0,0,0,0,0,0,0,0,0,0,0,0,0,0,0,0,0,0,0,0,0,0,0,0,0,0,0,0,0,0,0,0,0,0,0,0,0,0,0,0,0,0,22,107.84,130.8,95,100,7887,35,100.0,170,38,82,108,13.8,25.5
149800,12.7,25.6,0.000,9.711,86.9,303,63.67,0.00,0,1,0,0,0.00,0,0,10.94,2000,1,0,0,0,0,0,0,0,0,0,0,0,0,0,0,0,0,0,0,0,0,0,0,0,0,0,0,0,0,0,0,0,0,0,0,0,0,0,0,0,0,0,0,0,0,0,0,0,0,0,0,0,0,0,0,0,0,0,0,0,0,0,0,0,0,0,0,0,0,0,0,0,0,0,22,107.84,130.8,95,100,7887,35,100.0,170,38,82,108,13.8,25.5
149900,12.7,25.6,0.000,9.711,86.9,303,63.67,0.00,0,1,0,0,0.00,0,0,10.94,2000,1,0,0,0,0,0,0,0,0,0,0,0,0,0,0,0,0,0,0,0,0,0,0,0,0,0,0,0,0,0,0,0,0,0,0,0,0,0,0,0,0,0,0,0,0,0,0,0,0,0,0,0,0,0,0,0,0,0,0,0,0,0,0,0,0,0,0,0,0,0,0,0,0,0,23,112.75,130.8,95,100,7905,35,100.0,170,38,82,108,13.8,25.5
150000,12.7,25.6,0.000,9.711,86.9,303,63.67,0.00,0,1,0,0,0.00,0,0,10.94,2000,1,0,0,0,0,0,0,0,0,0,0,0,0,0,0,0,0,0,0,0,0,0,0,0,0,0,0,0,0,0,0,0,0,0,0,0,0,0,0,0,0,0,0,0,0,0,0,0,0,0,0,0,0,0,0,0,0,0,0,0,0,0,0,0,0,0,0,0,0,0,0,0,0,0,23,112.75,130.8,95,100,7905,35,100.0,170,38,82,108,13.8,25.5
150100,12.7,25.6,0.000,9.711,86.9,303,63.67,0.00,0,1,0,0,0.00,0,0,10.94,2000,1,0,0,0,0,0,0,0,0,0,0,0,0,0,0,0,0,0,0,0,0,0,0,0,0,0,0,0,0,0,0,0,0,0,0,0,0,0,0,0,0,0,0,0,0,0,0,0,0,0,0,0,0,0,0,0,0,0,0,0,0,0,0,0,0,0,0,0,0,0,0,0,0,0,23,112.75,130.8,95,100,7915,35,100.0,170,38,82,108,13.8,25.5
150200,12.7,25.6,0.000,9.711,86.9,303,63.67,0.00,0,1,0,0,0.00,0,0,10.94,2000,1,0,0,0,0,0,0,0,0,0,0,0,0,0,0,0,0,0,0,0,0,0,0,0,0,0,0,0,0,0,0,0,0,0,0,0,0,0,0,0,0,0,0,0,0,0,0,0,0,0,0,0,0,0,0,0,0,0,0,0,0,0,0,0,0,0,0,0,0,0,0,0,0,0,22,107.84,130.8,95,100,7915,35,100.0,170,38,82,108,13.8,25.5
150300,12.7,25.6,0.000,9.711,86.9,303,63.67,0.00,0,1,0,0,0.00,0,0,10.94,2000,1,0,0,0,0,0,0,0,0,0,0,0,0,0,0,0,0,0,0,0,0,0,0,0,0,0,0,0,0,0,0,0,0,0,0,0,0,0,0,0,0,0,0,0,0,0,0,0,0,0,0,0,0,0,0,0,0,0,0,0,0,0,0,0,0,0,0,0,0,0,0,0,0,0,23,112.75,130.8,95,100,7908,35,100.0,170,38,82,107,13.8,25.5
150400,12.7,25.6,0.000,9.711,86.9,303,63.67,0.00,0,1,0,0,0.00,0,0,10.94,2000,1,0,0,0,0,0,0,0,0,0,0,0,0,0,0,0,0,0,0,0,0,0,0,0,0,0,0,0,0,0,0,0,0,0,0,0,0,0,0,0,0,0,0,0,0,0,0,0,0,0,0,0,0,0,0,0,0,0,0,0,0,0,0,0,0,0,0,0,0,0,0,0,0,0,23,112.75,131.4,95,100,7908,35,100.0,170,38,82,107,13.8,25.5
150500,12.7,25.6,0.000,9.711,86.9,303,63.67,0.00,0,1,0,0,0.00,0,0,10.94,2000,1,0,0,0,0,0,0,0,0,0,0,0,0,0,0,0,0,0,0,0,0,0,0,0,0,0,0,0,0,0,0,0,0,0,0,0,0,0,0,0,0,0,0,0,0,0,0,0,0,0,0,0,0,0,0,0,0,0,0,0,0,0,0,0,0,0,0,0,0,0,0,0,0,0,23,112.75,131.4,95,100,7901,35,100.0,170,38,82,109,13.8,25.5
150600,12.7,25.6,0.000,9.711,86.9,303,63.67,0.00,0,1,0,0,0.00,0,0,10.94,2000,1,0,0,0,0,0,0,0,0,0,0,0,0,0,0,0,0,0,0,0,0,0,0,0,0,0,0,0,0,0,0,0,0,0,0,0,0,0,0,0,0,0,0,0,0,0,0,0,0,0,0,0,0,0,0,0,0,0,0,0,0,0,0,0,0,0,0,0,0,0,0,0,0,0,23,112.75,131.4,95,100,7905,35,100.0,170,38,82,107,13.8,25.5
150700,12.7,25.6,0.000,9.711,86.9,303,63.67,0.00,0,1,0,0,0.00,0,0,10.94,2000,1,0,0,0,0,0,0,0,0,0,0,0,0,0,0,0,0,0,0,0,0,0,0,0,0,0,0,0,0,0,0,0,0,0,0,0,0,0,0,0,0,0,0,0,0,0,0,0,0,0,0,0,0,0,0,0,0,0,0,0,0,0,0,0,0,0,0,0,0,0,0,0,0,0,23,112.75,131.4,95,100,7905,35,100.0,170,38,82,107,13.8,25.5
150800,12.7,25.6,0.000,9.711,86.9,303,63.67,0.00,0,1,0,0,0.00,0,0,10.94,2000,1,0,0,0,0,0,0,0,0,0,0,0,0,0,0,0,0,0,0,0,0,0,0,0,0,0,0,0,0,0,0,0,0,0,0,0,0,0,0,0,0,0,0,0,0,0,0,0,0,0,0,0,0,0,0,0,0,0,0,0,0,0,0,0,0,0,0,0,0,0,0,0,0,0,23,112.75,131.4,95,100,7901,35,100.0,170,38,82,108,13.8,25.5
150900,12.7,25.6,0.000,9.742,86.9,304,64.06,0.00,0,1,0,0,0.00,0,0,10.94,2000,1,0,0,0,0,0,0,0,0,0,0,0,0,0,0,0,0,0,0,0,0,0,0,0,0,0,0,0,0,0,0,0,0,0,0,0,0,0,0,0,0,0,0,0,0,0,0,0,0,0,0,0,0,0,0,0,0,0,0,0,0,0,0,0,0,0,0,0,0,0,0,0,0,0,23,112.75,131.4,95,100,7926,35,99.2,169,38,82,108,13.8,25.5
151000,12.7,25.6,0.000,9.742,86.9,304,64.06,0.00,0,1,0,0,0.00,0,0,10.94,2000,1,0,0,0,0,0,0,0,0,0,0,0,0,0,0,0,0,0,0,0,0,0,0,0,0,0,0,0,0,0,0,0,0,0,0,0,0,0,0,0,0,0,0,0,0,0,0,0,0,0,0,0,0,0,0,0,0,0,0,0,0,0,0,0,0,0,0,0,0,0,0,0,0,0,23,112.75,131.4,95,100,7894,35,100.0,170,38,82,109,13.8,25.5
151100,12.7,25.6,0.000,9.742,86.9,304,64.06,0.00,0,1,0,0,0.00,0,0,10.94,2000,1,0,0,0,0,0,0,0,0,0,0,0,0,0,0,0,0,0,0,0,0,0,0,0,0,0,0,0,0,0,0,0,0,0,0,0,0,0,0,0,0,0,0,0,0,0,0,0,0,0,0,0,0,0,0,0,0,0,0,0,0,0,0,0,0,0,0,0,0,0,0,0,0,0,23,112.75,131.4,95,100,7919,35,100.0,170,38,82,108,13.8,25.5
151200,12.7,25.6,0.000,9.742,86.9,304,64.06,0.00,0,1,0,0,0.00,0,0,10.94,2000,1,0,0,0,0,0,0,0,0,0,0,0,0,0,0,0,0,0,0,0,0,0,0,0,0,0,0,0,0,0,0,0,0,0,0,0,0,0,0,0,0,0,0,0,0,0,0,0,0,0,0,0,0,0,0,0,0,0,0,0,0,0,0,0,0,0,0,0,0,0,0,0,0,0,23,112.75,131.4,95,100,7919,35,100.0,170,38,82,108,13.8,25.5
151300,12.7,25.6,0.000,9.711,86.9,303,63.67,0.00,0,1,0,0,0.00,0,0,10.94,2000,1,0,0,0,0,0,0,0,0,0,0,0,0,0,0,0,0,0,0,0,0,0,0,0,0,0,0,0,0,0,0,0,0,0,0,0,0,0,0,0,0,0,0,0,0,0,0,0,0,0,0,0,0,0,0,0,0,0,0,0,0,0,0,0,0,0,0,0,0,0,0,0,0,0,23,112.75,131.4,95,100,7915,35,100.0,170,38,82,109,13.8,25.5
151400,12.7,25.6,0.000,9.742,86.9,304,64.06,0.00,0,1,0,0,0.00,0,0,10.94,2000,1,0,0,0,0,0,0,0,0,0,0,0,0,0,0,0,0,0,0,0,0,0,0,0,0,0,0,0,0,0,0,0,0,0,0,0,0,0,0,0,0,0,0,0,0,0,0,0,0,0,0,0,0,0,0,0,0,0,0,0,0,0,0,0,0,0,0,0,0,0,0,0,0,0,23,112.75,131.5,96,100,7930,35,100.0,170,38,82,109,13.8,25.5
151500,12.7,25.6,0.000,9.711,86.9,303,63.67,0.00,0,1,0,0,0.00,0,0,10.94,2000,1,0,0,0,0,0,0,0,0,0,0,0,0,0,0,0,0,0,0,0,0,0,0,0,0,0,0,0,0,0,0,0,0,0,0,0,0,0,0,0,0,0,0,0,0,0,0,0,0,0,0,0,0,0,0,0,0,0,0,0,0,0,0,0,0,0,0,0,0,0,0,0,0,0,23,112.75,131.5,96,100,7919,35,100.0,170,38,82,109,13.8,25.5
151600,12.7,25.6,0.000,9.742,86.9,304,64.45,0.00,0,1,0,0,0.00,0,0,10.94,2000,1,0,0,0,0,0,0,0,0,0,0,0,0,0,0,0,0,0,0,0,0,0,0,0,0,0,0,0,0,0,0,0,0,0,0,0,0,0,0,0,0,0,0,0,0,0,0,0,0,0,0,0,0,0,0,0,0,0,0,0,0,0,0,0,0,0,0,0,0,0,0,0,0,0,23,112.75,131.5,96,100,7948,35,100.0,170,38,82,107,13.8,25.5
151700,12.7,25.6,0.000,9.742,86.9,304,64.45,0.00,0,1,0,0,0.00,0,0,10.94,2000,1,0,0,0,0,0,0,0,0,0,0,0,0,0,0,0,0,0,0,0,0,0,0,0,0,0,0,0,0,0,0,0,0,0,0,0,0,0,0,0,0,0,0,0,0,0,0,0,0,0,0,0,0,0,0,0,0,0,0,0,0,0,0,0,0,0,0,0,0,0,0,0,0,0,23,112.75,131.5,96,100,7948,35,100.0,170,38,82,107,13.8,25.5
151800,12.7,25.6,0.000,9.711,86.9,303,63.67,0.00,0,1,0,0,0.00,0,0,10.94,2000,1,0,0,0,0,0,0,0,0,0,0,0,0,0,0,0,0,0,0,0,0,0,0,0,0,0,0,0,0,0,0,0,0,0,0,0,0,0,0,0,0,0,0,0,0,0,0,0,0,0,0,0,0,0,0,0,0,0,0,0,0,0,0,0,0,0,0,0,0,0,0,0,0,0,24,117.65,131.5,96,100,7915,35,100.0,170,38,83,110,13.8,25.5
151900,12.7,25.6,0.000,9.742,86.9,304,64.06,0.00,0,1,0,0,0.00,0,0,10.94,2000,1,0,0,0,0,0,0,0,0,0,0,0,0,0,0,0,0,0,0,0,0,0,0,0,0,0,0,0,0,0,0,0,0,0,0,0,0,0,0,0,0,0,0,0,0,0,0,0,0,0,0,0,0,0,0,0,0,0,0,0,0,0,0,0,0,0,0,0,0,0,0,0,0,0,24,117.65,131.5,96,100,7915,35,100.0,170,38,83,110,13.8,25.5
152000,12.7,25.6,0.000,9.742,86.9,304,64.06,0.00,0,1,0,0,0.00,0,0,10.94,2000,1,0,0,0,0,0,0,0,0,0,0,0,0,0,0,0,0,0,0,0,0,0,0,0,0,0,0,0,0,0,0,0,0,0,0,0,0,0,0,0,0,0,0,0,0,0,0,0,0,0,0,0,0,0,0,0,0,0,0,0,0,0,0,0,0,0,0,0,0,0,0,0,0,0,23,112.75,131.5,96,100,7930,35,100.0,170,38,83,108,13.8,25.5
152100,12.7,25.6,0.000,9.742,86.9,304,64.06,0.00,0,1,0,0,0.00,0,0,10.94,2000,1,0,0,0,0,0,0,0,0,0,0,0,0,0,0,0,0,0,0,0,0,0,0,0,0,0,0,0,0,0,0,0,0,0,0,0,0,0,0,0,0,0,0,0,0,0,0,0,0,0,0,0,0,0,0,0,0,0,0,0,0,0,0,0,0,0,0,0,0,0,0,0,0,0,23,112.75,131.5,96,100,7915,35,100.0,170,38,83,108,13.7,25.5
152200,12.7,25.6,0.000,9.742,86.9,303,63.67,0.00,0,1,0,0,0.00,0,0,10.94,2000,1,0,0,0,0,0,0,0,0,0,0,0,0,0,0,0,0,0,0,0,0,0,0,0,0,0,0,0,0,0,0,0,0,0,0,0,0,0,0,0,0,0,0,0,0,0,0,0,0,0,0,0,0,0,0,0,0,0,0,0,0,0,0,0,0,0,0,0,0,0,0,0,0,0,23,112.75,131.5,96,100,7915,35,100.0,170,38,83,109,13.8,25.5
152300,12.7,25.6,0.000,9.742,86.9,304,64.06,0.00,0,1,0,0,0.00,0,0,10.94,2000,1,0,0,0,0,0,0,0,0,0,0,0,0,0,0,0,0,0,0,0,0,0,0,0,0,0,0,0,0,0,0,0,0,0,0,0,0,0,0,0,0,0,0,0,0,0,0,0,0,0,0,0,0,0,0,0,0,0,0,0,0,0,0,0,0,0,0,0,0,0,0,0,0,0,23,112.75,131.5,96,100,7919,35,100.0,170,38,83,109,13.8,25.5
152400,12.7,25.6,0.000,9.742,86.9,304,64.06,0.00,0,1,0,0,0.00,0,0,10.94,2000,1,0,0,0,0,0,0,0,0,0,0,0,0,0,0,0,0,0,0,0,0,0,0,0,0,0,0,0,0,0,0,0,0,0,0,0,0,0,0,0,0,0,0,0,0,0,0,0,0,0,0,0,0,0,0,0,0,0,0,0,0,0,0,0,0,0,0,0,0,0,0,0,0,0,23,112.75,132.5,96,100,7919,35,100.0,170,38,83,109,13.8,25.5
152500,12.7,25.6,0.000,9.742,86.9,304,64.06,0.00,0,1,0,0,0.00,0,0,10.94,2000,1,0,0,0,0,0,0,0,0,0,0,0,0,0,0,0,0,0,0,0,0,0,0,0,0,0,0,0,0,0,0,0,0,0,0,0,0,0,0,0,0,0,0,0,0,0,0,0,0,0,0,0,0,0,0,0,0,0,0,0,0,0,0,0,0,0,0,0,0,0,0,0,0,0,23,112.75,132.5,96,100,7926,35,100.0,170,38,83,109,13.8,25.5
152600,12.7,25.6,0.000,9.742,86.9,304,64.06,0.00,0,1,0,0,0.00,0,0,10.94,2000,1,0,0,0,0,0,0,0,0,0,0,0,0,0,0,0,0,0,0,0,0,0,0,0,0,0,0,0,0,0,0,0,0,0,0,0,0,0,0,0,0,0,0,0,0,0,0,0,0,0,0,0,0,0,0,0,0,0,0,0,0,0,0,0,0,0,0,0,0,0,0,0,0,0,24,117.65,132.5,96,100,7952,35,100.0,170,38,83,109,13.8,25.5
152700,12.7,25.6,0.000,9.742,86.9,304,64.06,0.00,0,1,0,0,0.00,0,0,10.94,2000,1,0,0,0,0,0,0,0,0,0,0,0,0,0,0,0,0,0,0,0,0,0,0,0,0,0,0,0,0,0,0,0,0,0,0,0,0,0,0,0,0,0,0,0,0,0,0,0,0,0,0,0,0,0,0,0,0,0,0,0,0,0,0,0,0,0,0,0,0,0,0,0,0,0,23,112.75,132.5,96,100,7937,35,100.0,170,38,83,110,13.8,25.5
152800,12.7,25.6,0.000,9.742,86.9,304,64.06,0.00,0,1,0,0,0.00,0,0,10.94,2000,1,0,0,0,0,0,0,0,0,0,0,0,0,0,0,0,0,0,0,0,0,0,0,0,0,0,0,0,0,0,0,0,0,0,0,0,0,0,0,0,0,0,0,0,0,0,0,0,0,0,0,0,0,0,0,0,0,0,0,0,0,0,0,0,0,0,0,0,0,0,0,0,0,0,23,112.75,132.5,96,100,7948,35,100.0,170,38,83,110,13.8,25.5
152900,12.7,25.6,0.000,9.742,86.9,304,64.06,0.00,0,1,0,0,0.00,0,0,10.94,2000,1,0,0,0,0,0,0,0,0,0,0,0,0,0,0,0,0,0,0,0,0,0,0,0,0,0,0,0,0,0,0,0,0,0,0,0,0,0,0,0,0,0,0,0,0,0,0,0,0,0,0,0,0,0,0,0,0,0,0,0,0,0,0,0,0,0,0,0,0,0,0,0,0,0,23,112.75,132.5,96,100,7948,35,100.0,170,38,83,110,13.8,25.5
153000,12.7,25.6,0.000,9.742,86.9,304,64.06,0.00,0,1,0,0,0.00,0,0,10.94,2000,1,0,0,0,0,0,0,0,0,0,0,0,0,0,0,0,0,0,0,0,0,0,0,0,0,0,0,0,0,0,0,0,0,0,0,0,0,0,0,0,0,0,0,0,0,0,0,0,0,0,0,0,0,0,0,0,0,0,0,0,0,0,0,0,0,0,0,0,0,0,0,0,0,0,24,117.65,132.5,96,100,7912,35,99.2,169,38,83,109,13.8,25.5
153100,12.7,25.6,0.000,9.742,86.9,304,64.06,0.00,0,1,0,0,0.00,0,0,10.94,2000,1,0,0,0,0,0,0,0,0,0,0,0,0,0,0,0,0,0,0,0,0,0,0,0,0,0,0,0,0,0,0,0,0,0,0,0,0,0,0,0,0,0,0,0,0,0,0,0,0,0,0,0,0,0,0,0,0,0,0,0,0,0,0,0,0,0,0,0,0,0,0,0,0,0,24,117.65,132.5,96,100,7937,35,100.0,170,38,83,110,13.8,25.5
153200,12.7,25.6,0.000,9.742,86.9,304,64.06,0.00,0,1,0,0,0.00,0,0,10.94,2000,1,0,0,0,0,0,0,0,0,0,0,0,0,0,0,0,0,0,0,0,0,0,0,0,0,0,0,0,0,0,0,0,0,0,0,0,0,0,0,0,0,0,0,0,0,0,0,0,0,0,0,0,0,0,0,0,0,0,0,0,0,0,0,0,0,0,0,0,0,0,0,0,0,0,23,112.75,132.5,96,100,7952,35,100.0,170,38,83,110,13.8,25.5
153300,12.7,25.6,0.000,9.742,86.9,304,64.06,0.00,0,1,0,0,0.00,0,0,10.94,2000,1,0,0,0,0,0,0,0,0,0,0,0,0,0,0,0,0,0,0,0,0,0,0,0,0,0,0,0,0,0,0,0,0,0,0,0,0,0,0,0,0,0,0,0,0,0,0,0,0,0,0,0,0,0,0,0,0,0,0,0,0,0,0,0,0,0,0,0,0,0,0,0,0,0,24,117.65,132.5,96,100,7930,35,100.0,170,38,83,109,13.8,25.5
153400,12.7,25.6,0.000,9.742,86.9,304,64.06,0.00,0,1,0,0,0.00,0,0,10.94,2000,1,0,0,0,0,0,0,0,0,0,0,0,0,0,0,0,0,0,0,0,0,0,0,0,0,0,0,0,0,0,0,0,0,0,0,0,0,0,0,0,0,0,0,0,0,0,0,0,0,0,0,0,0,0,0,0,0,0,0,0,0,0,0,0,0,0,0,0,0,0,0,0,0,0,23,112.75,132.6,96,100,7923,35,100.0,170,38,83,109,13.8,25.5
153500,12.7,25.6,0.000,9.742,86.9,304,64.06,0.00,0,1,0,0,0.00,0,0,10.94,2000,1,0,0,0,0,0,0,0,0,0,0,0,0,0,0,0,0,0,0,0,0,0,0,0,0,0,0,0,0,0,0,0,0,0,0,0,0,0,0,0,0,0,0,0,0,0,0,0,0,0,0,0,0,0,0,0,0,0,0,0,0,0,0,0,0,0,0,0,0,0,0,0,0,0,23,112.75,132.6,96,100,7919,35,100.0,170,38,83,110,13.7,25.5
153600,12.7,25.6,0.000,9.742,86.9,304,64.06,0.00,0,1,0,0,0.00,0,0,10.94,2000,1,0,0,0,0,0,0,0,0,0,0,0,0,0,0,0,0,0,0,0,0,0,0,0,0,0,0,0,0,0,0,0,0,0,0,0,0,0,0,0,0,0,0,0,0,0,0,0,0,0,0,0,0,0,0,0,0,0,0,0,0,0,0,0,0,0,0,0,0,0,0,0,0,0,23,112.75,132.6,96,100,7919,35,100.0,170,38,83,110,13.7,25.5
153700,12.7,25.6,0.000,9.742,86.9,304,64.06,0.00,0,1,0,0,0.00,0,0,10.94,2000,1,0,0,0,0,0,0,0,0,0,0,0,0,0,0,0,0,0,0,0,0,0,0,0,0,0,0,0,0,0,0,0,0,0,0,0,0,0,0,0,0,0,0,0,0,0,0,0,0,0,0,0,0,0,0,0,0,0,0,0,0,0,0,0,0,0,0,0,0,0,0,0,0,0,23,112.75,132.6,96,100,7926,35,100.0,170,38,83,110,13.8,25.5
153800,12.7,25.6,0.000,9.756,86.9,304,64.06,0.00,0,1,0,0,0.00,0,0,10.94,2000,1,0,0,0,0,0,0,0,0,0,0,0,0,0,0,0,0,0,0,0,0,0,0,0,0,0,0,0,0,0,0,0,0,0,0,0,0,0,0,0,0,0,0,0,0,0,0,0,0,0,0,0,0,0,0,0,0,0,0,0,0,0,0,0,0,0,0,0,0,0,0,0,0,0,23,112.75,132.6,96,100,7919,35,100.0,170,38,83,108,13.7,25.5
153900,12.7,25.6,0.000,9.756,86.9,304,64.06,0.00,0,1,0,0,0.00,0,0,10.94,2000,1,0,0,0,0,0,0,0,0,0,0,0,0,0,0,0,0,0,0,0,0,0,0,0,0,0,0,0,0,0,0,0,0,0,0,0,0,0,0,0,0,0,0,0,0,0,0,0,0,0,0,0,0,0,0,0,0,0,0,0,0,0,0,0,0,0,0,0,0,0,0,0,0,0,23,112.75,132.6,96,100,7908,35,100.0,170,38,83,108,13.8,25.5
154000,12.7,25.6,0.000,9.742,86.9,304,64.06,0.00,0,1,0,0,0.00,0,0,10.94,2000,1,0,0,0,0,0,0,0,0,0,0,0,0,0,0,0,0,0,0,0,0,0,0,0,0,0,0,0,0,0,0,0,0,0,0,0,0,0,0,0,0,0,0,0,0,0,0,0,0,0,0,0,0,0,0,0,0,0,0,0,0,0,0,0,0,0,0,0,0,0,0,0,0,0,23,112.75,132.6,96,100,7915,35,100.0,170,38,83,110,13.8,25.5
154100,12.7,25.6,0.000,9.742,86.9,304,64.06,0.00,0,1,0,0,0.00,0,0,10.94,2000,1,0,0,0,0,0,0,0,0,0,0,0,0,0,0,0,0,0,0,0,0,0,0,0,0,0,0,0,0,0,0,0,0,0,0,0,0,0,0,0,0,0,0,0,0,0,0,0,0,0,0,0,0,0,0,0,0,0,0,0,0,0,0,0,0,0,0,0,0,0,0,0,0,0,23,112.75,132.6,96,100,7915,35,100.0,170,38,83,110,13.8,25.5
154200,12.7,25.6,0.000,9.756,86.9,304,64.06,0.00,0,1,0,0,0.00,0,0,10.94,2000,1,0,0,0,0,0,0,0,0,0,0,0,0,0,0,0,0,0,0,0,0,0,0,0,0,0,0,0,0,0,0,0,0,0,0,0,0,0,0,0,0,0,0,0,0,0,0,0,0,0,0,0,0,0,0,0,0,0,0,0,0,0,0,0,0,0,0,0,0,0,0,0,0,0,23,112.75,132.6,96,100,7919,35,100.0,170,38,83,109,13.8,25.5
154300,12.7,25.6,0.000,9.756,86.9,304,64.06,0.00,0,1,0,0,0.00,0,0,10.94,2000,1,0,0,0,0,0,0,0,0,0,0,0,0,0,0,0,0,0,0,0,0,0,0,0,0,0,0,0,0,0,0,0,0,0,0,0,0,0,0,0,0,0,0,0,0,0,0,0,0,0,0,0,0,0,0,0,0,0,0,0,0,0,0,0,0,0,0,0,0,0,0,0,0,0,23,112.75,132.6,96,100,7934,35,99.2,169,38,83,110,13.8,25.5
154400,12.7,25.6,0.000,9.742,86.9,304,64.06,0.00,0,1,0,0,0.00,0,0,10.94,2000,1,0,0,0,0,0,0,0,0,0,0,0,0,0,0,0,0,0,0,0,0,0,0,0,0,0,0,0,0,0,0,0,0,0,0,0,0,0,0,0,0,0,0,0,0,0,0,0,0,0,0,0,0,0,0,0,0,0,0,0,0,0,0,0,0,0,0,0,0,0,0,0,0,0,23,112.75,133.6,96,100,7919,35,100.0,170,38,83,109,13.8,25.5
154500,12.7,25.6,0.000,9.742,86.9,304,64.06,0.00,0,1,0,0,0.00,0,0,10.94,2000,1,0,0,0,0,0,0,0,0,0,0,0,0,0,0,0,0,0,0,0,0,0,0,0,0,0,0,0,0,0,0,0,0,0,0,0,0,0,0,0,0,0,0,0,0,0,0,0,0,0,0,0,0,0,0,0,0,0,0,0,0,0,0,0,0,0,0,0,0,0,0,0,0,0,22,107.84,133.6,96,100,7930,35,100.0,170,38,83,108,13.8,25.5
154600,12.7,25.6,0.000,9.742,86.9,304,64.06,0.00,0,1,0,0,0.00,0,0,10.94,2000,1,0,0,0,0,0,0,0,0,0,0,0,0,0,0,0,0,0,0,0,0,0,0,0,0,0,0,0,0,0,0,0,0,0,0,0,0,0,0,0,0,0,0,0,0,0,0,0,0,0,0,0,0,0,0,0,0,0,0,0,0,0,0,0,0,0,0,0,0,0,0,0,0,0,22,107.84,133.6,96,100,7905,35,100.0,170,38,83,107,13.7,25.5
154700,12.7,25.6,0.078,10.493,86.9,304,68.75,0.00,0,1,0,0,0.00,0,0,10.94,2000,1,0,0,0,0,0,0,0,0,0,0,0,0,0,0,0,0,0,0,0,0,0,0,0,0,0,0,0,0,0,0,0,0,0,0,0,0,0,0,0,0,0,0,0,0,0,0,0,0,0,0,0,0,0,0,0,0,0,0,0,0,0,0,0,0,0,0,0,0,0,0,0,0,0,23,112.75,133.6,96,100,7930,35,100.0,170,38,83,109,13.7,25.5
154800,12.7,25.6,0.078,10.493,86.9,304,68.75,0.00,0,1,0,0,0.00,0,0,10.94,2000,1,0,0,0,0,0,0,0,0,0,0,0,0,0,0,0,0,0,0,0,0,0,0,0,0,0,0,0,0,0,0,0,0,0,0,0,0,0,0,0,0,0,0,0,0,0,0,0,0,0,0,0,0,0,0,0,0,0,0,0,0,0,0,0,0,0,0,0,0,0,0,0,0,0,23,112.75,133.6,96,100,7930,35,100.0,170,38,83,109,13.7,25.5
154900,12.7,25.6,0.055,10.237,86.9,303,67.19,0.00,0,1,0,0,0.00,0,0,10.94,2000,1,0,0,0,0,0,0,0,0,0,0,0,0,0,0,0,0,0,0,0,0,0,0,0,0,0,0,0,0,0,0,0,0,0,0,0,0,0,0,0,0,0,0,0,0,0,0,0,0,0,0,0,0,0,0,0,0,0,0,0,0,0,0,0,0,0,0,0,0,0,0,0,0,0,22,107.84,133.6,96,100,7937,35,100.0,170,38,83,108,13.8,25.5
155000,12.7,25.6,0.031,10.036,86.9,304,66.02,0.00,0,1,0,0,0.00,0,0,10.94,2000,1,0,0,0,0,0,0,0,0,0,0,0,0,0,0,0,0,0,0,0,0,0,0,0,0,0,0,0,0,0,0,0,0,0,0,0,0,0,0,0,0,0,0,0,0,0,0,0,0,0,0,0,0,0,0,0,0,0,0,0,0,0,0,0,0,0,0,0,0,0,0,0,0,0,22,107.84,133.6,96,100,7937,35,100.0,170,38,83,108,13.8,25.5
155100,12.7,25.6,0.000,9.742,86.9,304,64.06,0.00,0,1,0,0,0.00,0,0,10.94,2000,1,0,0,0,0,0,0,0,0,0,0,0,0,0,0,0,0,0,0,0,0,0,0,0,0,0,0,0,0,0,0,0,0,0,0,0,0,0,0,0,0,0,0,0,0,0,0,0,0,0,0,0,0,0,0,0,0,0,0,0,0,0,0,0,0,0,0,0,0,0,0,0,0,0,22,107.84,133.6,96,100,7919,35,100.0,170,38,83,108,13.8,25.5
155200,12.7,25.6,0.000,9.742,86.9,304,64.06,0.00,0,1,0,0,0.00,0,0,10.94,2000,1,0,0,0,0,0,0,0,0,0,0,0,0,0,0,0,0,0,0,0,0,0,0,0,0,0,0,0,0,0,0,0,0,0,0,0,0,0,0,0,0,0,0,0,0,0,0,0,0,0,0,0,0,0,0,0,0,0,0,0,0,0,0,0,0,0,0,0,0,0,0,0,0,0,23,112.75,133.6,96,100,7912,35,100.0,170,38,83,108,13.8,25.5
155300,12.7,25.6,0.000,9.742,86.9,304,64.06,0.00,0,1,0,0,0.00,0,0,10.94,2000,1,0,0,0,0,0,0,0,0,0,0,0,0,0,0,0,0,0,0,0,0,0,0,0,0,0,0,0,0,0,0,0,0,0,0,0,0,0,0,0,0,0,0,0,0,0,0,0,0,0,0,0,0,0,0,0,0,0,0,0,0,0,0,0,0,0,0,0,0,0,0,0,0,0,23,112.75,133.6,96,100,7912,35,100.0,170,38,83,108,13.8,25.5
155400,12.7,25.6,0.000,9.711,86.9,303,63.67,0.00,0,1,0,0,0.00,0,0,10.94,2000,1,0,0,0,0,0,0,0,0,0,0,0,0,0,0,0,0,0,0,0,0,0,0,0,0,0,0,0,0,0,0,0,0,0,0,0,0,0,0,0,0,0,0,0,0,0,0,0,0,0,0,0,0,0,0,0,0,0,0,0,0,0,0,0,0,0,0,0,0,0,0,0,0,0,23,112.75,134.8,97,100,7905,35,100.0,170,38,83,108,13.8,25.5
155500,12.7,25.6,0.000,9.711,86.9,303,63.67,0.00,0,1,0,0,0.00,0,0,10.94,2000,1,0,0,0,0,0,0,0,0,0,0,0,0,0,0,0,0,0,0,0,0,0,0,0,0,0,0,0,0,0,0,0,0,0,0,0,0,0,0,0,0,0,0,0,0,0,0,0,0,0,0,0,0,0,0,0,0,0,0,0,0,0,0,0,0,0,0,0,0,0,0,0,0,0,23,112.75,134.8,97,100,7897,35,100.0,170,38,83,108,13.8,25.5
155600,12.7,25.6,0.000,9.711,86.9,303,63.67,0.00,0,1,0,0,0.00,0,0,10.94,2000,1,0,0,0,0,0,0,0,0,0,0,0,0,0,0,0,0,0,0,0,0,0,0,0,0,0,0,0,0,0,0,0,0,0,0,0,0,0,0,0,0,0,0,0,0,0,0,0,0,0,0,0,0,0,0,0,0,0,0,0,0,0,0,0,0,0,0,0,0,0,0,0,0,0,23,112.75,134.8,97,100,7912,35,100.0,170,38,83,109,13.8,25.5
155700,12.7,25.6,0.000,9.711,86.9,303,63.67,0.00,0,1,0,0,0.00,0,0,10.94,2000,1,0,0,0,0,0,0,0,0,0,0,0,0,0,0,0,0,0,0,0,0,0,0,0,0,0,0,0,0,0,0,0,0,0,0,0,0,0,0,0,0,0,0,0,0,0,0,0,0,0,0,0,0,0,0,0,0,0,0,0,0,0,0,0,0,0,0,0,0,0,0,0,0,0,23,112.75,134.8,97,100,7894,35,100.0,170,38,83,107,13.8,25.5
155800,12.7,25.6,0.000,9.711,86.9,303,63.67,0.00,0,1,0,0,0.00,0,0,10.94,2000,1,0,0,0,0,0,0,0,0,0,0,0,0,0,0,0,0,0,0,0,0,0,0,0,0,0,0,0,0,0,0,0,0,0,0,0,0,0,0,0,0,0,0,0,0,0,0,0,0,0,0,0,0,0,0,0,0,0,0,0,0,0,0,0,0,0,0,0,0,0,0,0,0,0,24,117.65,134.8,97,100,7908,35,100.0,170,38,83,108,13.8,25.5
155900,12.7,25.6,0.000,9.711,86.9,303,63.67,0.00,0,1,0,0,0.00,0,0,10.94,2000,1,0,0,0,0,0,0,0,0,0,0,0,0,0,0,0,0,0,0,0,0,0,0,0,0,0,0,0,0,0,0,0,0,0,0,0,0,0,0,0,0,0,0,0,0,0,0,0,0,0,0,0,0,0,0,0,0,0,0,0,0,0,0,0,0,0,0,0,0,0,0,0,0,0,24,117.65,134.8,97,100,7908,35,100.0,170,38,83,108,13.8,25.5
156000,12.7,25.6,0.000,9.711,86.9,303,63.67,0.00,0,1,0,0,0.00,0,0,10.94,2000,1,0,0,0,0,0,0,0,0,0,0,0,0,0,0,0,0,0,0,0,0,0,0,0,0,0,0,0,0,0,0,0,0,0,0,0,0,0,0,0,0,0,0,0,0,0,0,0,0,0,0,0,0,0,0,0,0,0,0,0,0,0,0,0,0,0,0,0,0,0,0,0,0,0,23,112.75,134.8,97,100,7908,35,100.0,170,38,83,108,13.8,25.5
156100,12.7,25.6,0.000,9.711,86.9,303,63.67,0.00,0,1,0,0,0.00,0,0,10.94,2000,1,0,0,0,0,0,0,0,0,0,0,0,0,0,0,0,0,0,0,0,0,0,0,0,0,0,0,0,0,0,0,0,0,0,0,0,0,0,0,0,0,0,0,0,0,0,0,0,0,0,0,0,0,0,0,0,0,0,0,0,0,0,0,0,0,0,0,0,0,0,0,0,0,0,23,112.75,134.8,97,100,7923,35,100.0,170,38,83,108,13.8,25.5
156200,12.7,25.6,0.000,9.711,86.9,303,63.67,0.00,0,1,0,0,0.00,0,0,10.94,2000,1,0,0,0,0,0,0,0,0,0,0,0,0,0,0,0,0,0,0,0,0,0,0,0,0,0,0,0,0,0,0,0,0,0,0,0,0,0,0,0,0,0,0,0,0,0,0,0,0,0,0,0,0,0,0,0,0,0,0,0,0,0,0,0,0,0,0,0,0,0,0,0,0,0,23,112.75,134.8,97,100,7912,35,100.0,170,38,83,109,13.8,25.5
156300,12.7,25.6,0.000,9.711,86.9,303,63.67,0.00,0,1,0,0,0.00,0,0,10.94,2000,1,0,0,0,0,0,0,0,0,0,0,0,0,0,0,0,0,0,0,0,0,0,0,0,0,0,0,0,0,0,0,0,0,0,0,0,0,0,0,0,0,0,0,0,0,0,0,0,0,0,0,0,0,0,0,0,0,0,0,0,0,0,0,0,0,0,0,0,0,0,0,0,0,0,24,117.65,134.8,97,100,7890,35,100.0,170,38,83,108,13.8,25.5
156400,12.7,25.6,0.000,9.711,86.9,303,63.67,0.00,0,1,0,0,0.00,0,0,10.94,2000,1,0,0,0,0,0,0,0,0,0,0,0,0,0,0,0,0,0,0,0,0,0,0,0,0,0,0,0,0,0,0,0,0,0,0,0,0,0,0,0,0,0,0,0,0,0,0,0,0,0,0,0,0,0,0,0,0,0,0,0,0,0,0,0,0,0,0,0,0,0,0,0,0,0,24,117.65,136.5,96,100,7890,35,100.0,170,38,83,108,13.8,25.5
156500,12.7,25.6,0.000,9.711,86.9,303,63.67,0.00,0,1,0,0,0.00,0,0,10.94,2000,1,0,0,0,0,0,0,0,0,0,0,0,0,0,0,0,0,0,0,0,0,0,0,0,0,0,0,0,0,0,0,0,0,0,0,0,0,0,0,0,0,0,0,0,0,0,0,0,0,0,0,0,0,0,0,0,0,0,0,0,0,0,0,0,0,0,0,0,0,0,0,0,0,0,23,112.75,136.5,96,100,7890,35,100.0,170,38,83,109,13.8,25.5
156600,12.7,25.6,0.000,9.711,86.9,303,63.67,0.00,0,1,0,0,0.00,0,0,10.94,2000,1,0,0,0,0,0,0,0,0,0,0,0,0,0,0,0,0,0,0,0,0,0,0,0,0,0,0,0,0,0,0,0,0,0,0,0,0,0,0,0,0,0,0,0,0,0,0,0,0,0,0,0,0,0,0,0,0,0,0,0,0,0,0,0,0,0,0,0,0,0,0,0,0,0,23,112.75,136.5,96,100,7887,35,100.0,170,38,83,108,13.8,25.5
156700,12.7,25.6,0.000,9.711,86.9,303,63.67,0.00,0,1,0,0,0.00,0,0,10.94,2000,1,0,0,0,0,0,0,0,0,0,0,0,0,0,0,0,0,0,0,0,0,0,0,0,0,0,0,0,0,0,0,0,0,0,0,0,0,0,0,0,0,0,0,0,0,0,0,0,0,0,0,0,0,0,0,0,0,0,0,0,0,0,0,0,0,0,0,0,0,0,0,0,0,0,23,112.75,136.5,96,100,7908,35,100.0,170,38,83,108,13.8,25.5
156800,12.7,25.6,0.000,9.711,86.9,303,63.67,0.00,0,1,0,0,0.00,0,0,10.94,2000,1,0,0,0,0,0,0,0,0,0,0,0,0,0,0,0,0,0,0,0,0,0,0,0,0,0,0,0,0,0,0,0,0,0,0,0,0,0,0,0,0,0,0,0,0,0,0,0,0,0,0,0,0,0,0,0,0,0,0,0,0,0,0,0,0,0,0,0,0,0,0,0,0,0,23,112.75,136.5,96,100,7908,35,100.0,170,38,83,108,13.8,25.5
156900,12.7,25.6,0.000,9.711,86.9,303,63.67,0.00,0,1,0,0,0.00,0,0,10.94,2000,1,0,0,0,0,0,0,0,0,0,0,0,0,0,0,0,0,0,0,0,0,0,0,0,0,0,0,0,0,0,0,0,0,0,0,0,0,0,0,0,0,0,0,0,0,0,0,0,0,0,0,0,0,0,0,0,0,0,0,0,0,0,0,0,0,0,0,0,0,0,0,0,0,0,23,112.75,136.5,96,100,7897,35,100.0,170,38,83,107,13.8,25.5
157000,12.7,25.6,0.000,9.711,86.9,303,63.67,0.00,0,1,0,0,0.00,0,0,10.94,2000,1,0,0,0,0,0,0,0,0,0,0,0,0,0,0,0,0,0,0,0,0,0,0,0,0,0,0,0,0,0,0,0,0,0,0,0,0,0,0,0,0,0,0,0,0,0,0,0,0,0,0,0,0,0,0,0,0,0,0,0,0,0,0,0,0,0,0,0,0,0,0,0,0,0,23,112.75,136.5,96,100,7908,35,100.0,170,38,83,108,13.8,25.5
157100,12.7,25.6,0.000,9.711,86.9,303,63.67,0.00,0,1,0,0,0.00,0,0,10.94,2000,1,0,0,0,0,0,0,0,0,0,0,0,0,0,0,0,0,0,0,0,0,0,0,0,0,0,0,0,0,0,0,0,0,0,0,0,0,0,0,0,0,0,0,0,0,0,0,0,0,0,0,0,0,0,0,0,0,0,0,0,0,0,0,0,0,0,0,0,0,0,0,0,0,0,22,107.84,136.5,96,100,7919,35,100.0,170,38,83,108,13.8,25.5
157200,12.7,25.6,0.000,9.711,86.9,303,63.67,0.00,0,1,0,0,0.00,0,0,10.94,2000,1,0,0,0,0,0,0,0,0,0,0,0,0,0,0,0,0,0,0,0,0,0,0,0,0,0,0,0,0,0,0,0,0,0,0,0,0,0,0,0,0,0,0,0,0,0,0,0,0,0,0,0,0,0,0,0,0,0,0,0,0,0,0,0,0,0,0,0,0,0,0,0,0,0,23,112.75,136.5,96,100,7915,35,100.0,170,38,83,108,13.8,25.5
157300,12.7,25.6,0.000,9.711,86.9,303,63.67,0.00,0,1,0,0,0.00,0,0,10.94,2000,1,0,0,0,0,0,0,0,0,0,0,0,0,0,0,0,0,0,0,0,0,0,0,0,0,0,0,0,0,0,0,0,0,0,0,0,0,0,0,0,0,0,0,0,0,0,0,0,0,0,0,0,0,0,0,0,0,0,0,0,0,0,0,0,0,0,0,0,0,0,0,0,0,0,23,112.75,136.5,96,100,7915,35,100.0,170,38,83,108,13.8,25.5
157400,12.7,25.6,0.000,9.711,86.9,303,63.67,0.00,0,1,0,0,0.00,0,0,10.94,2000,1,0,0,0,0,0,0,0,0,0,0,0,0,0,0,0,0,0,0,0,0,0,0,0,0,0,0,0,0,0,0,0,0,0,0,0,0,0,0,0,0,0,0,0,0,0,0,0,0,0,0,0,0,0,0,0,0,0,0,0,0,0,0,0,0,0,0,0,0,0,0,0,0,0,23,112.75,137.9,96,100,7915,35,100.0,170,38,83,109,13.8,25.5
157500,12.7,25.6,0.000,9.711,86.9,303,63.67,0.00,0,1,0,0,0.00,0,0,10.94,2000,1,0,0,0,0,0,0,0,0,0,0,0,0,0,0,0,0,0,0,0,0,0,0,0,0,0,0,0,0,0,0,0,0,0,0,0,0,0,0,0,0,0,0,0,0,0,0,0,0,0,0,0,0,0,0,0,0,0,0,0,0,0,0,0,0,0,0,0,0,0,0,0,0,0,24,117.65,137.9,96,100,7905,35,100.0,170,38,83,108,13.8,25.5
157600,12.7,25.6,0.000,9.711,86.9,303,63.67,0.00,0,1,0,0,0.00,0,0,10.94,2000,1,0,0,0,0,0,0,0,0,0,0,0,0,0,0,0,0,0,0,0,0,0,0,0,0,0,0,0,0,0,0,0,0,0,0,0,0,0,0,0,0,0,0,0,0,0,0,0,0,0,0,0,0,0,0,0,0,0,0,0,0,0,0,0,0,0,0,0,0,0,0,0,0,0,24,117.65,137.9,96,100,7905,35,100.0,170,38,83,108,13.8,25.5
157700,12.7,25.6,0.000,9.711,86.9,303,63.67,0.00,0,1,0,0,0.00,0,0,10.94,2000,1,0,0,0,0,0,0,0,0,0,0,0,0,0,0,0,0,0,0,0,0,0,0,0,0,0,0,0,0,0,0,0,0,0,0,0,0,0,0,0,0,0,0,0,0,0,0,0,0,0,0,0,0,0,0,0,0,0,0,0,0,0,0,0,0,0,0,0,0,0,0,0,0,0,23,112.75,137.9,96,100,7879,35,100.0,170,38,83,108,13.8,25.5
157800,12.7,25.6,0.000,9.711,86.9,303,63.67,0.00,0,1,0,0,0.00,0,0,10.94,2000,1,0,0,0,0,0,0,0,0,0,0,0,0,0,0,0,0,0,0,0,0,0,0,0,0,0,0,0,0,0,0,0,0,0,0,0,0,0,0,0,0,0,0,0,0,0,0,0,0,0,0,0,0,0,0,0,0,0,0,0,0,0,0,0,0,0,0,0,0,0,0,0,0,0,23,112.75,137.9,96,100,7883,35,100.0,170,38,83,107,13.8,25.5
157900,12.7,25.6,0.000,9.711,86.9,303,63.67,0.00,0,1,0,0,0.00,0,0,10.94,2000,1,0,0,0,0,0,0,0,0,0,0,0,0,0,0,0,0,0,0,0,0,0,0,0,0,0,0,0,0,0,0,0,0,0,0,0,0,0,0,0,0,0,0,0,0,0,0,0,0,0,0,0,0,0,0,0,0,0,0,0,0,0,0,0,0,0,0,0,0,0,0,0,0,0,23,112.75,137.9,96,100,7883,35,100.0,170,38,83,108,13.8,25.5
158000,12.7,25.6,0.000,9.711,86.9,303,63.67,0.00,0,1,0,0,0.00,0,0,10.94,2000,1,0,0,0,0,0,0,0,0,0,0,0,0,0,0,0,0,0,0,0,0,0,0,0,0,0,0,0,0,0,0,0,0,0,0,0,0,0,0,0,0,0,0,0,0,0,0,0,0,0,0,0,0,0,0,0,0,0,0,0,0,0,0,0,0,0,0,0,0,0,0,0,0,0,24,117.65,137.9,96,100,7905,35,100.0,170,38,83,107,13.8,25.5
158100,12.7,25.6,0.000,9.711,86.9,303,63.67,0.00,0,1,0,0,0.00,0,0,10.94,2000,1,0,0,0,0,0,0,0,0,0,0,0,0,0,0,0,0,0,0,0,0,0,0,0,0,0,0,0,0,0,0,0,0,0,0,0,0,0,0,0,0,0,0,0,0,0,0,0,0,0,0,0,0,0,0,0,0,0,0,0,0,0,0,0,0,0,0,0,0,0,0,0,0,0,24,117.65,137.9,96,100,7905,35,100.0,170,38,83,107,13.8,25.5
158200,12.7,25.6,0.000,9.711,86.9,303,63.67,0.00,0,1,0,0,0.00,0,0,10.94,2000,1,0,0,0,0,0,0,0,0,0,0,0,0,0,0,0,0,0,0,0,0,0,0,0,0,0,0,0,0,0,0,0,0,0,0,0,0,0,0,0,0,0,0,0,0,0,0,0,0,0,0,0,0,0,0,0,0,0,0,0,0,0,0,0,0,0,0,0,0,0,0,0,0,0,23,112.75,137.9,96,100,7879,35,100.0,170,38,83,106,13.8,25.5
158300,12.7,25.6,0.000,9.711,86.9,303,63.67,0.00,0,1,0,0,0.00,0,0,10.94,2000,1,0,0,0,0,0,0,0,0,0,0,0,0,0,0,0,0,0,0,0,0,0,0,0,0,0,0,0,0,0,0,0,0,0,0,0,0,0,0,0,0,0,0,0,0,0,0,0,0,0,0,0,0,0,0,0,0,0,0,0,0,0,0,0,0,0,0,0,0,0,0,0,0,0,23,112.75,137.9,96,100,7879,35,100.0,170,38,83,106,13.8,25.5
158400,12.7,25.6,0.000,9.711,86.9,303,63.67,0.00,0,1,0,0,0.00,0,0,10.94,2000,1,0,0,0,0,0,0,0,0,0,0,0,0,0,0,0,0,0,0,0,0,0,0,0,0,0,0,0,0,0,0,0,0,0,0,0,0,0,0,0,0,0,0,0,0,0,0,0,0,0,0,0,0,0,0,0,0,0,0,0,0,0,0,0,0,0,0,0,0,0,0,0,0,0,23,112.75,139.7,96,100,7879,35,100.0,170,38,83,106,13.8,25.5
158500,12.7,25.6,0.000,9.711,86.9,303,63.67,0.00,0,1,0,0,0.00,0,0,10.94,2000,1,0,0,0,0,0,0,0,0,0,0,0,0,0,0,0,0,0,0,0,0,0,0,0,0,0,0,0,0,0,0,0,0,0,0,0,0,0,0,0,0,0,0,0,0,0,0,0,0,0,0,0,0,0,0,0,0,0,0,0,0,0,0,0,0,0,0,0,0,0,0,0,0,0,24,117.65,139.7,96,100,7894,35,100.0,170,38,83,107,13.8,25.5
158600,12.7,25.6,0.000,9.711,86.9,303,63.67,0.00,0,1,0,0,0.00,0,0,10.94,2000,1,0,0,0,0,0,0,0,0,0,0,0,0,0,0,0,0,0,0,0,0,0,0,0,0,0,0,0,0,0,0,0,0,0,0,0,0,0,0,0,0,0,0,0,0,0,0,0,0,0,0,0,0,0,0,0,0,0,0,0,0,0,0,0,0,0,0,0,0,0,0,0,0,0,24,117.65,139.7,96,100,7894,35,100.0,170,38,83,107,13.8,25.5
158700,12.7,25.6,0.000,9.711,86.9,303,63.67,0.00,0,1,0,0,0.00,0,0,10.94,2000,1,0,0,0,0,0,0,0,0,0,0,0,0,0,0,0,0,0,0,0,0,0,0,0,0,0,0,0,0,0,0,0,0,0,0,0,0,0,0,0,0,0,0,0,0,0,0,0,0,0,0,0,0,0,0,0,0,0,0,0,0,0,0,0,0,0,0,0,0,0,0,0,0,0,23,112.75,139.7,96,100,7887,35,100.0,170,38,83,107,13.8,25.5
158800,12.7,25.6,0.000,9.711,86.9,303,63.67,0.00,0,1,0,0,0.00,0,0,10.94,2000,1,0,0,0,0,0,0,0,0,0,0,0,0,0,0,0,0,0,0,0,0,0,0,0,0,0,0,0,0,0,0,0,0,0,0,0,0,0,0,0,0,0,0,0,0,0,0,0,0,0,0,0,0,0,0,0,0,0,0,0,0,0,0,0,0,0,0,0,0,0,0,0,0,0,23,112.75,139.7,96,100,7883,35,100.0,170,38,83,107,13.8,25.5
158900,12.7,25.6,0.000,9.711,86.9,303,63.67,0.00,0,1,0,0,0.00,0,0,10.94,2000,1,0,0,0,0,0,0,0,0,0,0,0,0,0,0,0,0,0,0,0,0,0,0,0,0,0,0,0,0,0,0,0,0,0,0,0,0,0,0,0,0,0,0,0,0,0,0,0,0,0,0,0,0,0,0,0,0,0,0,0,0,0,0,0,0,0,0,0,0,0,0,0,0,0,23,112.75,139.7,96,100,7883,35,100.0,170,38,83,107,13.8,25.5
159000,12.7,25.6,0.000,9.711,86.9,303,63.28,0.00,0,1,0,0,0.00,0,0,10.94,2000,1,0,0,0,0,0,0,0,0,0,0,0,0,0,0,0,0,0,0,0,0,0,0,0,0,0,0,0,0,0,0,0,0,0,0,0,0,0,0,0,0,0,0,0,0,0,0,0,0,0,0,0,0,0,0,0,0,0,0,0,0,0,0,0,0,0,0,0,0,0,0,0,0,0,22,107.84,139.7,96,100,7872,35,100.0,170,38,83,107,13.9,25.5
159100,12.7,25.6,0.000,9.711,86.9,303,63.67,0.00,0,1,0,0,0.00,0,0,10.94,2000,1,0,0,0,0,0,0,0,0,0,0,0,0,0,0,0,0,0,0,0,0,0,0,0,0,0,0,0,0,0,0,0,0,0,0,0,0,0,0,0,0,0,0,0,0,0,0,0,0,0,0,0,0,0,0,0,0,0,0,0,0,0,0,0,0,0,0,0,0,0,0,0,0,0,22,107.84,139.7,96,100,7876,35,100.0,170,38,83,106,13.8,25.5
159200,12.7,25.6,0.000,9.711,86.9,303,63.67,0.00,0,1,0,0,0.00,0,0,10.94,2000,1,0,0,0,0,0,0,0,0,0,0,0,0,0,0,0,0,0,0,0,0,0,0,0,0,0,0,0,0,0,0,0,0,0,0,0,0,0,0,0,0,0,0,0,0,0,0,0,0,0,0,0,0,0,0,0,0,0,0,0,0,0,0,0,0,0,0,0,0,0,0,0,0,0,23,112.75,139.7,96,100,7897,35,100.0,170,38,83,107,13.8,25.5
159300,12.7,25.6,0.000,9.711,86.9,303,63.67,0.00,0,1,0,0,0.00,0,0,10.94,2000,1,0,0,0,0,0,0,0,0,0,0,0,0,0,0,0,0,0,0,0,0,0,0,0,0,0,0,0,0,0,0,0,0,0,0,0,0,0,0,0,0,0,0,0,0,0,0,0,0,0,0,0,0,0,0,0,0,0,0,0,0,0,0,0,0,0,0,0,0,0,0,0,0,0,23,112.75,139.7,96,100,7897,35,100.0,170,38,83,107,13.8,25.5
159400,12.7,25.6,0.000,9.711,86.9,303,63.67,0.00,0,1,0,0,0.00,0,0,10.94,2000,1,0,0,0,0,0,0,0,0,0,0,0,0,0,0,0,0,0,0,0,0,0,0,0,0,0,0,0,0,0,0,0,0,0,0,0,0,0,0,0,0,0,0,0,0,0,0,0,0,0,0,0,0,0,0,0,0,0,0,0,0,0,0,0,0,0,0,0,0,0,0,0,0,0,23,112.75,141.2,97,100,7897,35,100.0,170,38,83,107,13.8,25.5
159500,12.7,25.6,0.000,9.711,86.9,303,63.67,0.00,0,1,0,0,0.00,0,0,10.94,2000,1,0,0,0,0,0,0,0,0,0,0,0,0,0,0,0,0,0,0,0,0,0,0,0,0,0,0,0,0,0,0,0,0,0,0,0,0,0,0,0,0,0,0,0,0,0,0,0,0,0,0,0,0,0,0,0,0,0,0,0,0,0,0,0,0,0,0,0,0,0,0,0,0,0,23,112.75,141.2,97,100,7894,35,100.0,170,38,83,107,13.8,25.5
159600,12.7,25.6,0.000,9.711,86.9,303,63.67,0.00,0,1,0,0,0.00,0,0,10.94,2000,1,0,0,0,0,0,0,0,0,0,0,0,0,0,0,0,0,0,0,0,0,0,0,0,0,0,0,0,0,0,0,0,0,0,0,0,0,0,0,0,0,0,0,0,0,0,0,0,0,0,0,0,0,0,0,0,0,0,0,0,0,0,0,0,0,0,0,0,0,0,0,0,0,0,23,112.75,141.2,97,100,7894,35,100.0,170,38,83,107,13.8,25.5
159700,12.7,25.6,0.000,9.711,86.9,303,63.67,0.00,0,1,0,0,0.00,0,0,10.94,2000,1,0,0,0,0,0,0,0,0,0,0,0,0,0,0,0,0,0,0,0,0,0,0,0,0,0,0,0,0,0,0,0,0,0,0,0,0,0,0,0,0,0,0,0,0,0,0,0,0,0,0,0,0,0,0,0,0,0,0,0,0,0,0,0,0,0,0,0,0,0,0,0,0,0,23,112.75,141.2,97,100,7869,35,100.0,170,38,83,107,13.8,25.5
159800,12.7,25.6,0.000,9.711,86.9,303,63.67,0.00,0,1,0,0,0.00,0,0,10.94,2000,1,0,0,0,0,0,0,0,0,0,0,0,0,0,0,0,0,0,0,0,0,0,0,0,0,0,0,0,0,0,0,0,0,0,0,0,0,0,0,0,0,0,0,0,0,0,0,0,0,0,0,0,0,0,0,0,0,0,0,0,0,0,0,0,0,0,0,0,0,0,0,0,0,0,23,112.75,141.2,97,100,7872,35,100.0,170,38,83,107,13.8,25.5
159900,12.7,25.6,0.000,9.711,86.9,303,63.67,0.00,0,1,0,0,0.00,0,0,10.94,2000,1,0,0,0,0,0,0,0,0,0,0,0,0,0,0,0,0,0,0,0,0,0,0,0,0,0,0,0,0,0,0,0,0,0,0,0,0,0,0,0,0,0,0,0,0,0,0,0,0,0,0,0,0,0,0,0,0,0,0,0,0,0,0,0,0,0,0,0,0,0,0,0,0,0,23,112.75,141.2,97,100,7876,35,100.0,170,38,83,106,13.8,25.5
160000,12.7,25.6,0.000,9.711,86.9,303,63.67,0.00,0,1,0,0,0.00,0,0,10.94,2000,1,0,0,0,0,0,0,0,0,0,0,0,0,0,0,0,0,0,0,0,0,0,0,0,0,0,0,0,0,0,0,0,0,0,0,0,0,0,0,0,0,0,0,0,0,0,0,0,0,0,0,0,0,0,0,0,0,0,0,0,0,0,0,0,0,0,0,0,0,0,0,0,0,0,23,112.75,141.2,97,100,7894,35,100.0,170,38,83,107,13.8,25.5
160100,12.7,25.6,0.000,9.711,86.9,303,63.67,0.00,0,1,0,0,0.00,0,0,10.94,2000,1,0,0,0,0,0,0,0,0,0,0,0,0,0,0,0,0,0,0,0,0,0,0,0,0,0,0,0,0,0,0,0,0,0,0,0,0,0,0,0,0,0,0,0,0,0,0,0,0,0,0,0,0,0,0,0,0,0,0,0,0,0,0,0,0,0,0,0,0,0,0,0,0,0,23,112.75,141.2,97,100,7894,35,100.0,170,38,83,107,13.8,25.5
160200,12.7,25.6,0.000,9.680,86.9,302,63.28,0.00,0,1,0,0,0.00,0,0,10.94,2000,1,0,0,0,0,0,0,0,0,0,0,0,0,0,0,0,0,0,0,0,0,0,0,0,0,0,0,0,0,0,0,0,0,0,0,0,0,0,0,0,0,0,0,0,0,0,0,0,0,0,0,0,0,0,0,0,0,0,0,0,0,0,0,0,0,0,0,0,0,0,0,0,0,0,23,112.75,141.2,97,100,7865,35,100.0,170,38,83,106,13.8,25.5
160300,12.7,25.6,0.000,9.711,86.9,303,63.28,0.00,0,1,0,0,0.00,0,0,10.94,2000,1,0,0,0,0,0,0,0,0,0,0,0,0,0,0,0,0,0,0,0,0,0,0,0,0,0,0,0,0,0,0,0,0,0,0,0,0,0,0,0,0,0,0,0,0,0,0,0,0,0,0,0,0,0,0,0,0,0,0,0,0,0,0,0,0,0,0,0,0,0,0,0,0,0,24,117.65,141.2,97,100,7894,35,100.0,170,38,83,106,13.8,25.5
160400,12.7,25.6,0.000,9.711,86.9,303,63.67,0.00,0,1,0,0,0.00,0,0,10.94,2000,1,0,0,0,0,0,0,0,0,0,0,0,0,0,0,0,0,0,0,0,0,0,0,0,0,0,0,0,0,0,0,0,0,0,0,0,0,0,0,0,0,0,0,0,0,0,0,0,0,0,0,0,0,0,0,0,0,0,0,0,0,0,0,0,0,0,0,0,0,0,0,0,0,0,23,112.75,143.1,96,100,7876,35,100.0,170,38,83,106,13.8,25.5
160500,12.7,25.6,0.000,9.711,86.9,303,63.28,0.00,0,1,0,0,0.00,0,0,10.94,2000,1,0,0,0,0,0,0,0,0,0,0,0,0,0,0,0,0,0,0,0,0,0,0,0,0,0,0,0,0,0,0,0,0,0,0,0,0,0,0,0,0,0,0,0,0,0,0,0,0,0,0,0,0,0,0,0,0,0,0,0,0,0,0,0,0,0,0,0,0,0,0,0,0,0,24,117.65,143.1,96,100,7894,35,100.0,170,38,83,106,13.8,25.5
160600,12.7,25.6,0.000,9.711,86.9,303,63.28,0.00,0,1,0,0,0.00,0,0,10.94,2000,1,0,0,0,0,0,0,0,0,0,0,0,0,0,0,0,0,0,0,0,0,0,0,0,0,0,0,0,0,0,0,0,0,0,0,0,0,0,0,0,0,0,0,0,0,0,0,0,0,0,0,0,0,0,0,0,0,0,0,0,0,0,0,0,0,0,0,0,0,0,0,0,0,0,24,117.65,143.1,96,100,7894,35,100.0,170,38,83,106,13.8,25.5
160700,12.7,25.6,0.000,9.711,86.9,303,63.67,0.00,0,1,0,0,0.00,0,0,10.94,2000,1,0,0,0,0,0,0,0,0,0,0,0,0,0,0,0,0,0,0,0,0,0,0,0,0,0,0,0,0,0,0,0,0,0,0,0,0,0,0,0,0,0,0,0,0,0,0,0,0,0,0,0,0,0,0,0,0,0,0,0,0,0,0,0,0,0,0,0,0,0,0,0,0,0,24,117.65,143.1,96,100,7890,35,100.0,170,38,83,106,13.8,25.5
160800,12.7,25.6,0.000,9.711,86.9,303,63.67,0.00,0,1,0,0,0.00,0,0,10.94,2000,1,0,0,0,0,0,0,0,0,0,0,0,0,0,0,0,0,0,0,0,0,0,0,0,0,0,0,0,0,0,0,0,0,0,0,0,0,0,0,0,0,0,0,0,0,0,0,0,0,0,0,0,0,0,0,0,0,0,0,0,0,0,0,0,0,0,0,0,0,0,0,0,0,0,24,117.65,143.1,96,100,7890,35,100.0,170,38,83,106,13.8,25.5
160900,12.7,25.6,0.000,9.680,86.9,302,63.28,0.00,0,1,0,0,0.00,0,0,10.94,2000,1,0,0,0,0,0,0,0,0,0,0,0,0,0,0,0,0,0,0,0,0,0,0,0,0,0,0,0,0,0,0,0,0,0,0,0,0,0,0,0,0,0,0,0,0,0,0,0,0,0,0,0,0,0,0,0,0,0,0,0,0,0,0,0,0,0,0,0,0,0,0,0,0,0,23,112.75,143.1,96,100,7865,35,100.0,170,38,83,105,13.8,25.5
161000,12.7,25.6,0.000,9.711,86.9,303,63.28,0.00,0,1,0,0,0.00,0,0,10.94,2000,1,0,0,0,0,0,0,0,0,0,0,0,0,0,0,0,0,0,0,0,0,0,0,0,0,0,0,0,0,0,0,0,0,0,0,0,0,0,0,0,0,0,0,0,0,0,0,0,0,0,0,0,0,0,0,0,0,0,0,0,0,0,0,0,0,0,0,0,0,0,0,0,0,0,24,117.65,143.1,96,100,7879,35,100.0,170,38,83,106,13.8,25.5
161100,12.7,25.6,0.000,9.680,86.9,302,63.28,0.00,0,1,0,0,0.00,0,0,10.94,2000,1,0,0,0,0,0,0,0,0,0,0,0,0,0,0,0,0,0,0,0,0,0,0,0,0,0,0,0,0,0,0,0,0,0,0,0,0,0,0,0,0,0,0,0,0,0,0,0,0,0,0,0,0,0,0,0,0,0,0,0,0,0,0,0,0,0,0,0,0,0,0,0,0,0,22,107.84,143.1,96,100,7865,35,100.0,170,38,83,107,13.8,25.5
161200,12.7,25.6,0.000,9.680,86.9,302,63.28,0.00,0,1,0,0,0.00,0,0,10.94,2000,1,0,0,0,0,0,0,0,0,0,0,0,0,0,0,0,0,0,0,0,0,0,0,0,0,0,0,0,0,0,0,0,0,0,0,0,0,0,0,0,0,0,0,0,0,0,0,0,0,0,0,0,0,0,0,0,0,0,0,0,0,0,0,0,0,0,0,0,0,0,0,0,0,0,22,107.84,143.1,96,100,7865,35,100.0,170,38,83,107,13.8,25.5
161300,12.7,25.6,0.000,9.711,86.9,303,63.28,0.00,0,1,0,0,0.00,0,0,10.94,2000,1,0,0,0,0,0,0,0,0,0,0,0,0,0,0,0,0,0,0,0,0,0,0,0,0,0,0,0,0,0,0,0,0,0,0,0,0,0,0,0,0,0,0,0,0,0,0,0,0,0,0,0,0,0,0,0,0,0,0,0,0,0,0,0,0,0,0,0,0,0,0,0,0,0,23,112.75,143.1,96,100,7883,35,100.0,170,38,83,106,13.8,25.5
161400,12.7,25.6,0.000,9.680,86.9,302,63.28,0.00,0,1,0,0,0.00,0,0,10.94,2000,1,0,0,0,0,0,0,0,0,0,0,0,0,0,0,0,0,0,0,0,0,0,0,0,0,0,0,0,0,0,0,0,0,0,0,0,0,0,0,0,0,0,0,0,0,0,0,0,0,0,0,0,0,0,0,0,0,0,0,0,0,0,0,0,0,0,0,0,0,0,0,0,0,0,23,112.75,144.4,95,100,7862,35,100.0,170,38,83,106,13.8,25.5
161500,12.7,25.6,0.000,9.711,86.9,303,63.28,0.00,0,1,0,0,0.00,0,0,10.94,2000,1,0,0,0,0,0,0,0,0,0,0,0,0,0,0,0,0,0,0,0,0,0,0,0,0,0,0,0,0,0,0,0,0,0,0,0,0,0,0,0,0,0,0,0,0,0,0,0,0,0,0,0,0,0,0,0,0,0,0,0,0,0,0,0,0,0,0,0,0,0,0,0,0,0,24,117.65,144.4,95,100,7872,35,100.0,170,38,83,106,13.8,25.5
161600,12.7,25.6,0.000,9.680,86.9,302,63.28,0.00,0,1,0,0,0.00,0,0,10.94,2000,1,0,0,0,0,0,0,0,0,0,0,0,0,0,0,0,0,0,0,0,0,0,0,0,0,0,0,0,0,0,0,0,0,0,0,0,0,0,0,0,0,0,0,0,0,0,0,0,0,0,0,0,0,0,0,0,0,0,0,0,0,0,0,0,0,0,0,0,0,0,0,0,0,0,24,117.65,144.4,95,100,7847,35,100.0,170,38,83,107,13.8,25.5
161700,12.7,25.6,0.000,9.680,86.9,302,63.28,0.00,0,1,0,0,0.00,0,0,10.94,2000,1,0,0,0,0,0,0,0,0,0,0,0,0,0,0,0,0,0,0,0,0,0,0,0,0,0,0,0,0,0,0,0,0,0,0,0,0,0,0,0,0,0,0,0,0,0,0,0,0,0,0,0,0,0,0,0,0,0,0,0,0,0,0,0,0,0,0,0,0,0,0,0,0,0,24,117.65,144.4,95,100,7847,35,100.0,170,38,83,107,13.8,25.5
161800,12.7,25.6,0.000,9.680,86.9,302,63.28,0.00,0,1,0,0,0.00,0,0,10.94,2000,1,0,0,0,0,0,0,0,0,0,0,0,0,0,0,0,0,0,0,0,0,0,0,0,0,0,0,0,0,0,0,0,0,0,0,0,0,0,0,0,0,0,0,0,0,0,0,0,0,0,0,0,0,0,0,0,0,0,0,0,0,0,0,0,0,0,0,0,0,0,0,0,0,0,23,112.75,144.4,95,100,7865,35,100.0,170,38,83,106,13.8,25.5
161900,12.7,25.6,0.000,9.680,86.9,302,62.89,0.00,0,1,0,0,0.00,0,0,10.94,2000,1,0,0,0,0,0,0,0,0,0,0,0,0,0,0,0,0,0,0,0,0,0,0,0,0,0,0,0,0,0,0,0,0,0,0,0,0,0,0,0,0,0,0,0,0,0,0,0,0,0,0,0,0,0,0,0,0,0,0,0,0,0,0,0,0,0,0,0,0,0,0,0,0,0,24,117.65,144.4,95,100,7854,35,100.0,170,38,83,106,13.8,25.5
162000,12.7,25.6,0.000,9.680,86.9,302,62.89,0.00,0,1,0,0,0.00,0,0,10.94,2000,1,0,0,0,0,0,0,0,0,0,0,0,0,0,0,0,0,0,0,0,0,0,0,0,0,0,0,0,0,0,0,0,0,0,0,0,0,0,0,0,0,0,0,0,0,0,0,0,0,0,0,0,0,0,0,0,0,0,0,0,0,0,0,0,0,0,0,0,0,0,0,0,0,0,24,117.65,144.4,95,100,7854,35,100.0,170,38,83,106,13.8,25.5
162100,12.7,25.6,0.000,9.680,86.9,302,62.89,0.00,0,1,0,0,0.00,0,0,10.94,2000,1,0,0,0,0,0,0,0,0,0,0,0,0,0,0,0,0,0,0,0,0,0,0,0,0,0,0,0,0,0,0,0,0,0,0,0,0,0,0,0,0,0,0,0,0,0,0,0,0,0,0,0,0,0,0,0,0,0,0,0,0,0,0,0,0,0,0,0,0,0,0,0,0,0,23,112.75,144.4,95,100,7840,35,100.0,170,38,83,105,13.9,25.5
162200,12.7,25.6,0.000,9.680,86.9,302,62.89,0.00,0,1,0,0,0.00,0,0,10.94,2000,1,0,0,0,0,0,0,0,0,0,0,0,0,0,0,0,0,0,0,0,0,0,0,0,0,0,0,0,0,0,0,0,0,0,0,0,0,0,0,0,0,0,0,0,0,0,0,0,0,0,0,0,0,0,0,0,0,0,0,0,0,0,0,0,0,0,0,0,0,0,0,0,0,0,24,117.65,144.4,95,100,7847,35,100.0,170,38,83,105,13.8,25.5
162300,12.7,25.6,0.000,9.680,86.9,302,62.89,0.00,0,1,0,0,0.00,0,0,10.94,2000,1,0,0,0,0,0,0,0,0,0,0,0,0,0,0,0,0,0,0,0,0,0,0,0,0,0,0,0,0,0,0,0,0,0,0,0,0,0,0,0,0,0,0,0,0,0,0,0,0,0,0,0,0,0,0,0,0,0,0,0,0,0,0,0,0,0,0,0,0,0,0,0,0,0,24,117.65,144.4,95,100,7837,35,100.0,170,38,83,106,13.8,25.5
162400,12.7,25.6,0.000,9.680,86.9,302,62.89,0.00,0,1,0,0,0.00,0,0,10.94,2000,1,0,0,0,0,0,0,0,0,0,0,0,0,0,0,0,0,0,0,0,0,0,0,0,0,0,0,0,0,0,0,0,0,0,0,0,0,0,0,0,0,0,0,0,0,0,0,0,0,0,0,0,0,0,0,0,0,0,0,0,0,0,0,0,0,0,0,0,0,0,0,0,0,0,24,117.65,145.8,95,100,7847,35,100.0,170,38,83,106,13.8,25.5
162500,12.7,25.6,0.000,9.680,86.9,302,62.89,0.00,0,1,0,0,0.00,0,0,10.94,2000,1,0,0,0,0,0,0,0,0,0,0,0,0,0,0,0,0,0,0,0,0,0,0,0,0,0,0,0,0,0,0,0,0,0,0,0,0,0,0,0,0,0,0,0,0,0,0,0,0,0,0,0,0,0,0,0,0,0,0,0,0,0,0,0,0,0,0,0,0,0,0,0,0,0,24,117.65,145.8,95,100,7847,35,100.0,170,38,83,106,13.8,25.5
162600,12.7,25.6,0.000,9.680,86.9,302,62.89,0.00,0,1,0,0,0.00,0,0,10.94,2000,1,0,0,0,0,0,0,0,0,0,0,0,0,0,0,0,0,0,0,0,0,0,0,0,0,0,0,0,0,0,0,0,0,0,0,0,0,0,0,0,0,0,0,0,0,0,0,0,0,0,0,0,0,0,0,0,0,0,0,0,0,0,0,0,0,0,0,0,0,0,0,0,0,0,24,117.65,145.8,95,100,7837,35,100.0,170,38,83,105,13.8,25.5
162700,12.7,25.6,0.000,9.680,86.9,302,62.89,0.00,0,1,0,0,0.00,0,0,10.94,2000,1,0,0,0,0,0,0,0,0,0,0,0,0,0,0,0,0,0,0,0,0,0,0,0,0,0,0,0,0,0,0,0,0,0,0,0,0,0,0,0,0,0,0,0,0,0,0,0,0,0,0,0,0,0,0,0,0,0,0,0,0,0,0,0,0,0,0,0,0,0,0,0,0,0,23,112.75,145.8,95,100,7858,35,100.0,170,38,83,105,13.8,25.5
162800,12.7,25.6,0.000,9.680,86.9,302,62.89,0.00,0,1,0,0,0.00,0,0,10.94,2000,1,0,0,0,0,0,0,0,0,0,0,0,0,0,0,0,0,0,0,0,0,0,0,0,0,0,0,0,0,0,0,0,0,0,0,0,0,0,0,0,0,0,0,0,0,0,0,0,0,0,0,0,0,0,0,0,0,0,0,0,0,0,0,0,0,0,0,0,0,0,0,0,0,0,23,112.75,145.8,95,100,7858,35,100.0,170,38,83,105,13.8,25.5
162900,12.7,25.6,0.000,9.680,86.9,302,63.28,0.00,0,1,0,0,0.00,0,0,10.94,2000,1,0,0,0,0,0,0,0,0,0,0,0,0,0,0,0,0,0,0,0,0,0,0,0,0,0,0,0,0,0,0,0,0,0,0,0,0,0,0,0,0,0,0,0,0,0,0,0,0,0,0,0,0,0,0,0,0,0,0,0,0,0,0,0,0,0,0,0,0,0,0,0,0,0,24,117.65,145.8,95,100,7854,35,100.0,170,38,83,105,13.8,25.5
163000,12.7,25.6,0.000,9.680,86.9,302,63.28,0.00,0,1,0,0,0.00,0,0,10.94,2000,1,0,0,0,0,0,0,0,0,0,0,0,0,0,0,0,0,0,0,0,0,0,0,0,0,0,0,0,0,0,0,0,0,0,0,0,0,0,0,0,0,0,0,0,0,0,0,0,0,0,0,0,0,0,0,0,0,0,0,0,0,0,0,0,0,0,0,0,0,0,0,0,0,0,24,117.65,145.8,95,100,7854,35,100.0,170,38,83,105,13.8,25.5
163100,12.7,25.6,0.000,9.680,86.9,302,62.89,0.00,0,1,0,0,0.00,0,0,10.94,2000,1,0,0,0,0,0,0,0,0,0,0,0,0,0,0,0,0,0,0,0,0,0,0,0,0,0,0,0,0,0,0,0,0,0,0,0,0,0,0,0,0,0,0,0,0,0,0,0,0,0,0,0,0,0,0,0,0,0,0,0,0,0,0,0,0,0,0,0,0,0,0,0,0,0,24,117.65,145.8,95,100,7837,35,100.0,170,38,83,105,13.8,25.5
163200,12.7,25.6,0.000,9.680,86.9,302,62.89,0.00,0,1,0,0,0.00,0,0,10.94,2000,1,0,0,0,0,0,0,0,0,0,0,0,0,0,0,0,0,0,0,0,0,0,0,0,0,0,0,0,0,0,0,0,0,0,0,0,0,0,0,0,0,0,0,0,0,0,0,0,0,0,0,0,0,0,0,0,0,0,0,0,0,0,0,0,0,0,0,0,0,0,0,0,0,0,23,112.75,145.8,95,100,7830,35,100.0,170,38,83,104,13.8,25.5
163300,12.7,25.6,0.000,9.680,86.9,302,62.89,0.00,0,1,0,0,0.00,0,0,10.94,2000,1,0,0,0,0,0,0,0,0,0,0,0,0,0,0,0,0,0,0,0,0,0,0,0,0,0,0,0,0,0,0,0,0,0,0,0,0,0,0,0,0,0,0,0,0,0,0,0,0,0,0,0,0,0,0,0,0,0,0,0,0,0,0,0,0,0,0,0,0,0,0,0,0,0,23,112.75,145.8,95,100,7830,35,100.0,170,38,83,105,13.8,25.5
163400,12.7,25.6,0.000,9.680,86.9,302,62.89,0.00,0,1,0,0,0.00,0,0,10.94,2000,1,0,0,0,0,0,0,0,0,0,0,0,0,0,0,0,0,0,0,0,0,0,0,0,0,0,0,0,0,0,0,0,0,0,0,0,0,0,0,0,0,0,0,0,0,0,0,0,0,0,0,0,0,0,0,0,0,0,0,0,0,0,0,0,0,0,0,0,0,0,0,0,0,0,23,112.75,146.4,92,100,7844,35,100.0,170,38,83,106,13.8,25.5
163500,12.7,25.6,0.000,9.680,86.9,302,62.89,0.00,0,1,0,0,0.00,0,0,10.94,2000,1,0,0,0,0,0,0,0,0,0,0,0,0,0,0,0,0,0,0,0,0,0,0,0,0,0,0,0,0,0,0,0,0,0,0,0,0,0,0,0,0,0,0,0,0,0,0,0,0,0,0,0,0,0,0,0,0,0,0,0,0,0,0,0,0,0,0,0,0,0,0,0,0,0,23,112.75,146.4,92,100,7844,35,100.0,170,38,83,106,13.8,25.5
163600,12.7,25.6,0.000,9.680,86.9,302,62.89,0.00,0,1,0,0,0.00,0,0,10.94,2000,1,0,0,0,0,0,0,0,0,0,0,0,0,0,0,0,0,0,0,0,0,0,0,0,0,0,0,0,0,0,0,0,0,0,0,0,0,0,0,0,0,0,0,0,0,0,0,0,0,0,0,0,0,0,0,0,0,0,0,0,0,0,0,0,0,0,0,0,0,0,0,0,0,0,24,117.65,146.4,92,100,7847,35,100.0,170,38,83,105,13.8,25.5
163700,12.7,25.6,0.000,9.680,86.9,302,62.89,0.00,0,1,0,0,0.00,0,0,10.94,2000,1,0,0,0,0,0,0,0,0,0,0,0,0,0,0,0,0,0,0,0,0,0,0,0,0,0,0,0,0,0,0,0,0,0,0,0,0,0,0,0,0,0,0,0,0,0,0,0,0,0,0,0,0,0,0,0,0,0,0,0,0,0,0,0,0,0,0,0,0,0,0,0,0,0,24,117.65,146.4,92,100,7847,35,100.0,170,38,83,105,13.8,25.5
163800,12.7,25.6,0.000,9.680,86.9,302,62.89,0.00,0,1,0,0,0.00,0,0,10.94,2000,1,0,0,0,0,0,0,0,0,0,0,0,0,0,0,0,0,0,0,0,0,0,0,0,0,0,0,0,0,0,0,0,0,0,0,0,0,0,0,0,0,0,0,0,0,0,0,0,0,0,0,0,0,0,0,0,0,0,0,0,0,0,0,0,0,0,0,0,0,0,0,0,0,0,24,117.65,146.4,92,100,7837,35,100.0,170,38,83,105,13.8,25.5
163900,12.7,25.6,0.000,9.680,86.9,302,62.89,0.00,0,1,0,0,0.00,0,0,10.94,2000,1,0,0,0,0,0,0,0,0,0,0,0,0,0,0,0,0,0,0,0,0,0,0,0,0,0,0,0,0,0,0,0,0,0,0,0,0,0,0,0,0,0,0,0,0,0,0,0,0,0,0,0,0,0,0,0,0,0,0,0,0,0,0,0,0,0,0,0,0,0,0,0,0,0,24,117.65,146.4,92,100,7844,35,100.0,170,38,83,104,13.8,25.5
164000,12.7,25.6,0.000,9.680,86.9,302,62.89,0.00,0,1,0,0,0.00,0,0,10.94,2000,1,0,0,0,0,0,0,0,0,0,0,0,0,0,0,0,0,0,0,0,0,0,0,0,0,0,0,0,0,0,0,0,0,0,0,0,0,0,0,0,0,0,0,0,0,0,0,0,0,0,0,0,0,0,0,0,0,0,0,0,0,0,0,0,0,0,0,0,0,0,0,0,0,0,24,117.65,146.4,92,100,7844,35,100.0,170,38,83,104,13.8,25.5
164100,12.7,25.6,0.000,9.680,86.9,302,62.89,0.00,0,1,0,0,0.00,0,0,10.94,2000,1,0,0,0,0,0,0,0,0,0,0,0,0,0,0,0,0,0,0,0,0,0,0,0,0,0,0,0,0,0,0,0,0,0,0,0,0,0,0,0,0,0,0,0,0,0,0,0,0,0,0,0,0,0,0,0,0,0,0,0,0,0,0,0,0,0,0,0,0,0,0,0,0,0,24,117.65,146.4,92,100,7840,35,100.0,170,38,83,104,13.8,25.5
164200,12.7,25.6,0.000,9.680,86.9,302,62.89,0.00,0,1,0,0,0.00,0,0,10.94,2000,1,0,0,0,0,0,0,0,0,0,0,0,0,0,0,0,0,0,0,0,0,0,0,0,0,0,0,0,0,0,0,0,0,0,0,0,0,0,0,0,0,0,0,0,0,0,0,0,0,0,0,0,0,0,0,0,0,0,0,0,0,0,0,0,0,0,0,0,0,0,0,0,0,0,24,117.65,146.4,92,100,7840,35,100.0,170,38,83,104,13.8,25.5
164300,12.7,25.6,0.000,9.680,86.9,302,62.89,0.00,0,1,0,0,0.00,0,0,10.94,2000,1,0,0,0,0,0,0,0,0,0,0,0,0,0,0,0,0,0,0,0,0,0,0,0,0,0,0,0,0,0,0,0,0,0,0,0,0,0,0,0,0,0,0,0,0,0,0,0,0,0,0,0,0,0,0,0,0,0,0,0,0,0,0,0,0,0,0,0,0,0,0,0,0,0,24,117.65,146.0,93,100,7826,35,100.0,170,38,83,104,13.8,25.5
164400,12.7,25.6,0.000,9.680,86.9,302,62.89,0.00,0,1,0,0,0.00,0,0,10.94,2000,1,0,0,0,0,0,0,0,0,0,0,0,0,0,0,0,0,0,0,0,0,0,0,0,0,0,0,0,0,0,0,0,0,0,0,0,0,0,0,0,0,0,0,0,0,0,0,0,0,0,0,0,0,0,0,0,0,0,0,0,0,0,0,0,0,0,0,0,0,0,0,0,0,0,24,117.65,146.0,93,100,7844,35,100.0,170,38,83,104,13.8,25.5
164500,12.7,25.6,0.000,9.680,86.9,302,62.89,0.00,0,1,0,0,0.00,0,0,10.94,2000,1,0,0,0,0,0,0,0,0,0,0,0,0,0,0,0,0,0,0,0,0,0,0,0,0,0,0,0,0,0,0,0,0,0,0,0,0,0,0,0,0,0,0,0,0,0,0,0,0,0,0,0,0,0,0,0,0,0,0,0,0,0,0,0,0,0,0,0,0,0,0,0,0,0,24,117.65,146.0,93,100,7837,35,100.0,170,38,83,105,13.8,25.5
164600,12.7,25.6,0.000,9.680,86.9,302,62.89,0.00,0,1,0,0,0.00,0,0,10.94,2000,1,0,0,0,0,0,0,0,0,0,0,0,0,0,0,0,0,0,0,0,0,0,0,0,0,0,0,0,0,0,0,0,0,0,0,0,0,0,0,0,0,0,0,0,0,0,0,0,0,0,0,0,0,0,0,0,0,0,0,0,0,0,0,0,0,0,0,0,0,0,0,0,0,0,24,117.65,146.0,93,100,7851,35,100.0,170,38,83,104,13.8,25.5
164700,12.7,25.6,0.000,9.680,86.9,302,62.89,0.00,0,1,0,0,0.00,0,0,10.94,2000,1,0,0,0,0,0,0,0,0,0,0,0,0,0,0,0,0,0,0,0,0,0,0,0,0,0,0,0,0,0,0,0,0,0,0,0,0,0,0,0,0,0,0,0,0,0,0,0,0,0,0,0,0,0,0,0,0,0,0,0,0,0,0,0,0,0,0,0,0,0,0,0,0,0,24,117.65,146.0,93,100,7851,35,100.0,170,38,83,104,13.8,25.5
164800,12.7,25.6,0.000,9.680,86.9,302,62.89,0.00,0,1,0,0,0.00,0,0,10.94,2000,1,0,0,0,0,0,0,0,0,0,0,0,0,0,0,0,0,0,0,0,0,0,0,0,0,0,0,0,0,0,0,0,0,0,0,0,0,0,0,0,0,0,0,0,0,0,0,0,0,0,0,0,0,0,0,0,0,0,0,0,0,0,0,0,0,0,0,0,0,0,0,0,0,0,24,117.65,146.0,93,100,7833,35,100.0,170,38,83,105,13.8,25.5
164900,12.7,25.6,0.000,9.680,86.9,302,62.89,0.00,0,1,0,0,0.00,0,0,10.94,2000,1,0,0,0,0,0,0,0,0,0,0,0,0,0,0,0,0,0,0,0,0,0,0,0,0,0,0,0,0,0,0,0,0,0,0,0,0,0,0,0,0,0,0,0,0,0,0,0,0,0,0,0,0,0,0,0,0,0,0,0,0,0,0,0,0,0,0,0,0,0,0,0,0,0,24,117.65,146.0,93,100,7847,35,100.0,170,38,83,105,13.8,25.5
165000,12.7,25.6,0.000,9.680,86.9,302,62.89,0.00,0,1,0,0,0.00,0,0,10.94,2000,1,0,0,0,0,0,0,0,0,0,0,0,0,0,0,0,0,0,0,0,0,0,0,0,0,0,0,0,0,0,0,0,0,0,0,0,0,0,0,0,0,0,0,0,0,0,0,0,0,0,0,0,0,0,0,0,0,0,0,0,0,0,0,0,0,0,0,0,0,0,0,0,0,0,24,117.65,146.0,93,100,7826,35,100.0,170,38,84,105,13.8,25.5
165100,12.7,25.6,0.000,9.680,86.9,302,62.89,0.00,0,1,0,0,0.00,0,0,10.94,2000,1,0,0,0,0,0,0,0,0,0,0,0,0,0,0,0,0,0,0,0,0,0,0,0,0,0,0,0,0,0,0,0,0,0,0,0,0,0,0,0,0,0,0,0,0,0,0,0,0,0,0,0,0,0,0,0,0,0,0,0,0,0,0,0,0,0,0,0,0,0,0,0,0,0,23,112.75,146.0,93,100,7851,35,100.0,170,38,84,105,13.8,25.5
165200,12.7,25.6,0.000,9.680,86.9,302,62.89,0.00,0,1,0,0,0.00,0,0,10.94,2000,1,0,0,0,0,0,0,0,0,0,0,0,0,0,0,0,0,0,0,0,0,0,0,0,0,0,0,0,0,0,0,0,0,0,0,0,0,0,0,0,0,0,0,0,0,0,0,0,0,0,0,0,0,0,0,0,0,0,0,0,0,0,0,0,0,0,0,0,0,0,0,0,0,0,23,112.75,146.0,93,100,7851,35,100.0,170,38,84,105,13.8,25.5
165300,12.7,25.6,0.000,9.680,86.9,302,62.89,0.00,0,1,0,0,0.00,0,0,10.94,2000,1,0,0,0,0,0,0,0,0,0,0,0,0,0,0,0,0,0,0,0,0,0,0,0,0,0,0,0,0,0,0,0,0,0,0,0,0,0,0,0,0,0,0,0,0,0,0,0,0,0,0,0,0,0,0,0,0,0,0,0,0,0,0,0,0,0,0,0,0,0,0,0,0,0,24,117.65,147.5,93,100,7837,35,100.0,170,38,84,106,13.8,25.5
165400,12.7,25.6,0.000,9.680,86.9,302,62.89,0.00,0,1,0,0,0.00,0,0,10.94,2000,1,0,0,0,0,0,0,0,0,0,0,0,0,0,0,0,0,0,0,0,0,0,0,0,0,0,0,0,0,0,0,0,0,0,0,0,0,0,0,0,0,0,0,0,0,0,0,0,0,0,0,0,0,0,0,0,0,0,0,0,0,0,0,0,0,0,0,0,0,0,0,0,0,0,24,117.65,147.5,93,100,7837,35,100.0,170,38,84,106,13.8,25.5
165500,12.7,25.6,0.000,9.680,86.9,302,62.89,0.00,0,1,0,0,0.00,0,0,10.94,2000,1,0,0,0,0,0,0,0,0,0,0,0,0,0,0,0,0,0,0,0,0,0,0,0,0,0,0,0,0,0,0,0,0,0,0,0,0,0,0,0,0,0,0,0,0,0,0,0,0,0,0,0,0,0,0,0,0,0,0,0,0,0,0,0,0,0,0,0,0,0,0,0,0,0,24,117.65,147.5,93,100,7830,35,100.0,170,38,84,105,13.8,25.5
165600,12.7,25.6,0.000,9.680,86.9,302,62.89,0.00,0,1,0,0,0.00,0,0,10.94,2000,1,0,0,0,0,0,0,0,0,0,0,0,0,0,0,0,0,0,0,0,0,0,0,0,0,0,0,0,0,0,0,0,0,0,0,0,0,0,0,0,0,0,0,0,0,0,0,0,0,0,0,0,0,0,0,0,0,0,0,0,0,0,0,0,0,0,0,0,0,0,0,0,0,0,24,117.65,147.5,93,100,7830,35,100.0,170,38,84,104,13.8,25.5
165700,12.7,25.6,0.000,9.680,86.9,302,62.89,0.00,0,1,0,0,0.00,0,0,10.94,2000,1,0,0,0,0,0,0,0,0,0,0,0,0,0,0,0,0,0,0,0,0,0,0,0,0,0,0,0,0,0,0,0,0,0,0,0,0,0,0,0,0,0,0,0,0,0,0,0,0,0,0,0,0,0,0,0,0,0,0,0,0,0,0,0,0,0,0,0,0,0,0,0,0,0,24,117.65,147.5,93,100,7847,35,100.0,170,38,84,105,13.8,25.5
165800,12.7,25.6,0.000,9.680,86.9,302,62.89,0.00,0,1,0,0,0.00,0,0,10.94,2000,1,0,0,0,0,0,0,0,0,0,0,0,0,0,0,0,0,0,0,0,0,0,0,0,0,0,0,0,0,0,0,0,0,0,0,0,0,0,0,0,0,0,0,0,0,0,0,0,0,0,0,0,0,0,0,0,0,0,0,0,0,0,0,0,0,0,0,0,0,0,0,0,0,0,24,117.65,147.5,93,100,7847,35,100.0,170,38,84,105,13.8,25.5
165900,12.7,25.6,0.000,9.680,86.9,302,62.89,0.00,0,1,0,0,0.00,0,0,10.94,2000,1,0,0,0,0,0,0,0,0,0,0,0,0,0,0,0,0,0,0,0,0,0,0,0,0,0,0,0,0,0,0,0,0,0,0,0,0,0,0,0,0,0,0,0,0,0,0,0,0,0,0,0,0,0,0,0,0,0,0,0,0,0,0,0,0,0,0,0,0,0,0,0,0,0,24,117.65,147.5,93,100,7847,35,100.0,170,38,84,105,13.8,25.5
166000,12.7,25.6,0.000,9.680,86.9,302,62.89,0.00,0,1,0,0,0.00,0,0,10.94,2000,1,0,0,0,0,0,0,0,0,0,0,0,0,0,0,0,0,0,0,0,0,0,0,0,0,0,0,0,0,0,0,0,0,0,0,0,0,0,0,0,0,0,0,0,0,0,0,0,0,0,0,0,0,0,0,0,0,0,0,0,0,0,0,0,0,0,0,0,0,0,0,0,0,0,24,117.65,147.5,93,100,7847,35,100.0,170,38,84,105,13.8,25.5
166100,12.7,25.6,0.000,9.680,86.9,302,62.89,0.00,0,1,0,0,0.00,0,0,10.94,2000,1,0,0,0,0,0,0,0,0,0,0,0,0,0,0,0,0,0,0,0,0,0,0,0,0,0,0,0,0,0,0,0,0,0,0,0,0,0,0,0,0,0,0,0,0,0,0,0,0,0,0,0,0,0,0,0,0,0,0,0,0,0,0,0,0,0,0,0,0,0,0,0,0,0,24,117.65,147.5,93,100,7826,35,100.0,170,38,84,105,13.8,25.5
166200,12.7,25.6,0.000,9.680,86.9,302,62.89,0.00,0,1,0,0,0.00,0,0,10.94,2000,1,0,0,0,0,0,0,0,0,0,0,0,0,0,0,0,0,0,0,0,0,0,0,0,0,0,0,0,0,0,0,0,0,0,0,0,0,0,0,0,0,0,0,0,0,0,0,0,0,0,0,0,0,0,0,0,0,0,0,0,0,0,0,0,0,0,0,0,0,0,0,0,0,0,24,117.65,147.5,93,100,7830,35,100.0,170,38,84,104,13.8,25.5
166300,12.7,25.6,0.000,9.680,86.9,302,62.89,0.00,0,1,0,0,0.00,0,0,10.94,2000,1,0,0,0,0,0,0,0,0,0,0,0,0,0,0,0,0,0,0,0,0,0,0,0,0,0,0,0,0,0,0,0,0,0,0,0,0,0,0,0,0,0,0,0,0,0,0,0,0,0,0,0,0,0,0,0,0,0,0,0,0,0,0,0,0,0,0,0,0,0,0,0,0,0,24,117.65,148.6,95,100,7830,35,100.0,170,38,84,104,13.8,25.5
166400,12.7,25.6,0.000,9.680,86.9,302,62.89,0.00,0,1,0,0,0.00,0,0,10.94,2000,1,0,0,0,0,0,0,0,0,0,0,0,0,0,0,0,0,0,0,0,0,0,0,0,0,0,0,0,0,0,0,0,0,0,0,0,0,0,0,0,0,0,0,0,0,0,0,0,0,0,0,0,0,0,0,0,0,0,0,0,0,0,0,0,0,0,0,0,0,0,0,0,0,0,24,117.65,148.6,95,100,7854,35,100.0,170,38,84,105,13.8,25.5
166500,12.7,25.6,0.000,9.680,86.9,302,62.89,0.00,0,1,0,0,0.00,0,0,10.94,2000,1,0,0,0,0,0,0,0,0,0,0,0,0,0,0,0,0,0,0,0,0,0,0,0,0,0,0,0,0,0,0,0,0,0,0,0,0,0,0,0,0,0,0,0,0,0,0,0,0,0,0,0,0,0,0,0,0,0,0,0,0,0,0,0,0,0,0,0,0,0,0,0,0,0,24,117.65,148.6,95,100,7854,35,100.0,170,38,84,105,13.8,25.5
166600,12.7,25.6,0.000,9.680,86.9,302,62.89,0.00,0,1,0,0,0.00,0,0,10.94,2000,1,0,0,0,0,0,0,0,0,0,0,0,0,0,0,0,0,0,0,0,0,0,0,0,0,0,0,0,0,0,0,0,0,0,0,0,0,0,0,0,0,0,0,0,0,0,0,0,0,0,0,0,0,0,0,0,0,0,0,0,0,0,0,0,0,0,0,0,0,0,0,0,0,0,24,117.65,148.6,95,100,7833,35,100.0,170,38,84,105,13.8,25.5
166700,12.7,25.6,0.000,9.680,86.9,302,62.89,0.00,0,1,0,0,0.00,0,0,10.94,2000,1,0,0,0,0,0,0,0,0,0,0,0,0,0,0,0,0,0,0,0,0,0,0,0,0,0,0,0,0,0,0,0,0,0,0,0,0,0,0,0,0,0,0,0,0,0,0,0,0,0,0,0,0,0,0,0,0,0,0,0,0,0,0,0,0,0,0,0,0,0,0,0,0,0,25,122.55,148.6,95,100,7851,35,100.0,170,38,84,104,13.8,25.5
166800,12.7,25.6,0.000,9.680,86.9,302,62.89,0.00,0,1,0,0,0.00,0,0,10.94,2000,1,0,0,0,0,0,0,0,0,0,0,0,0,0,0,0,0,0,0,0,0,0,0,0,0,0,0,0,0,0,0,0,0,0,0,0,0,0,0,0,0,0,0,0,0,0,0,0,0,0,0,0,0,0,0,0,0,0,0,0,0,0,0,0,0,0,0,0,0,0,0,0,0,0,24,117.65,148.6,95,100,7830,35,100.0,170,38,84,105,13.8,25.5
166900,12.7,25.6,0.000,9.680,86.9,302,62.89,0.00,0,1,0,0,0.00,0,0,10.94,2000,1,0,0,0,0,0,0,0,0,0,0,0,0,0,0,0,0,0,0,0,0,0,0,0,0,0,0,0,0,0,0,0,0,0,0,0,0,0,0,0,0,0,0,0,0,0,0,0,0,0,0,0,0,0,0,0,0,0,0,0,0,0,0,0,0,0,0,0,0,0,0,0,0,0,24,117.65,148.6,95,100,7830,35,100.0,170,38,84,105,13.8,25.5
167000,12.7,25.6,0.000,9.680,86.9,302,62.89,0.00,0,1,0,0,0.00,0,0,10.94,2000,1,0,0,0,0,0,0,0,0,0,0,0,0,0,0,0,0,0,0,0,0,0,0,0,0,0,0,0,0,0,0,0,0,0,0,0,0,0,0,0,0,0,0,0,0,0,0,0,0,0,0,0,0,0,0,0,0,0,0,0,0,0,0,0,0,0,0,0,0,0,0,0,0,0,24,117.65,148.6,95,100,7854,35,100.0,170,38,84,106,13.8,25.5
167100,12.7,25.6,0.000,9.680,86.9,302,63.28,0.00,0,1,0,0,0.00,0,0,10.94,2000,1,0,0,0,0,0,0,0,0,0,0,0,0,0,0,0,0,0,0,0,0,0,0,0,0,0,0,0,0,0,0,0,0,0,0,0,0,0,0,0,0,0,0,0,0,0,0,0,0,0,0,0,0,0,0,0,0,0,0,0,0,0,0,0,0,0,0,0,0,0,0,0,0,0,24,117.65,148.6,95,100,7847,35,100.0,170,38,84,105,13.8,25.5
167200,12.7,25.6,0.000,9.680,86.9,302,62.89,0.00,0,1,0,0,0.00,0,0,10.94,2000,1,0,0,0,0,0,0,0,0,0,0,0,0,0,0,0,0,0,0,0,0,0,0,0,0,0,0,0,0,0,0,0,0,0,0,0,0,0,0,0,0,0,0,0,0,0,0,0,0,0,0,0,0,0,0,0,0,0,0,0,0,0,0,0,0,0,0,0,0,0,0,0,0,0,24,117.65,148.6,95,100,7858,35,100.0,170,38,84,105,13.8,25.5
167300,12.7,25.6,0.000,9.680,86.9,302,62.89,0.00,0,1,0,0,0.00,0,0,10.94,2000,1,0,0,0,0,0,0,0,0,0,0,0,0,0,0,0,0,0,0,0,0,0,0,0,0,0,0,0,0,0,0,0,0,0,0,0,0,0,0,0,0,0,0,0,0,0,0,0,0,0,0,0,0,0,0,0,0,0,0,0,0,0,0,0,0,0,0,0,0,0,0,0,0,0,24,117.65,150.7,94,100,7837,35,100.0,170,38,84,105,13.8,25.5
167400,12.7,25.6,0.000,9.680,86.9,302,62.89,0.00,0,1,0,0,0.00,0,0,10.94,2000,1,0,0,0,0,0,0,0,0,0,0,0,0,0,0,0,0,0,0,0,0,0,0,0,0,0,0,0,0,0,0,0,0,0,0,0,0,0,0,0,0,0,0,0,0,0,0,0,0,0,0,0,0,0,0,0,0,0,0,0,0,0,0,0,0,0,0,0,0,0,0,0,0,0,24,117.65,150.7,94,100,7858,35,100.0,170,38,84,105,13.8,25.5
167500,12.7,25.6,0.000,9.680,86.9,302,62.89,0.00,0,1,0,0,0.00,0,0,10.94,2000,1,0,0,0,0,0,0,0,0,0,0,0,0,0,0,0,0,0,0,0,0,0,0,0,0,0,0,0,0,0,0,0,0,0,0,0,0,0,0,0,0,0,0,0,0,0,0,0,0,0,0,0,0,0,0,0,0,0,0,0,0,0,0,0,0,0,0,0,0,0,0,0,0,0,24,117.65,150.7,94,100,7858,35,100.0,170,38,84,105,13.8,25.5
167600,12.7,25.6,0.000,9.680,86.9,302,62.89,0.00,0,1,0,0,0.00,0,0,10.94,2000,1,0,0,0,0,0,0,0,0,0,0,0,0,0,0,0,0,0,0,0,0,0,0,0,0,0,0,0,0,0,0,0,0,0,0,0,0,0,0,0,0,0,0,0,0,0,0,0,0,0,0,0,0,0,0,0,0,0,0,0,0,0,0,0,0,0,0,0,0,0,0,0,0,0,24,117.65,150.7,94,100,7840,35,100.0,170,38,84,106,13.8,25.5
167700,12.7,25.6,0.000,9.680,86.9,302,62.89,0.00,0,1,0,0,0.00,0,0,10.94,2000,1,0,0,0,0,0,0,0,0,0,0,0,0,0,0,0,0,0,0,0,0,0,0,0,0,0,0,0,0,0,0,0,0,0,0,0,0,0,0,0,0,0,0,0,0,0,0,0,0,0,0,0,0,0,0,0,0,0,0,0,0,0,0,0,0,0,0,0,0,0,0,0,0,0,24,117.65,150.7,94,100,7869,35,100.0,170,38,84,105,13.8,25.5
167800,12.7,25.6,0.000,9.680,86.9,302,62.89,0.00,0,1,0,0,0.00,0,0,10.94,2000,1,0,0,0,0,0,0,0,0,0,0,0,0,0,0,0,0,0,0,0,0,0,0,0,0,0,0,0,0,0,0,0,0,0,0,0,0,0,0,0,0,0,0,0,0,0,0,0,0,0,0,0,0,0,0,0,0,0,0,0,0,0,0,0,0,0,0,0,0,0,0,0,0,0,23,112.75,150.7,94,100,7840,35,100.0,170,38,84,105,13.8,25.5
167900,12.7,25.6,0.000,9.680,86.9,302,62.89,0.00,0,1,0,0,0.00,0,0,10.94,2000,1,0,0,0,0,0,0,0,0,0,0,0,0,0,0,0,0,0,0,0,0,0,0,0,0,0,0,0,0,0,0,0,0,0,0,0,0,0,0,0,0,0,0,0,0,0,0,0,0,0,0,0,0,0,0,0,0,0,0,0,0,0,0,0,0,0,0,0,0,0,0,0,0,0,24,117.65,150.7,94,100,7869,35,100.0,170,38,84,106,13.8,25.5
168000,12.7,25.6,0.000,9.680,86.9,302,62.89,0.00,0,1,0,0,0.00,0,0,10.94,2000,1,0,0,0,0,0,0,0,0,0,0,0,0,0,0,0,0,0,0,0,0,0,0,0,0,0,0,0,0,0,0,0,0,0,0,0,0,0,0,0,0,0,0,0,0,0,0,0,0,0,0,0,0,0,0,0,0,0,0,0,0,0,0,0,0,0,0,0,0,0,0,0,0,0,24,117.65,150.7,94,100,7869,35,100.0,170,38,84,106,13.8,25.5
168100,12.7,25.6,0.000,9.680,86.9,302,62.89,0.00,0,1,0,0,0.00,0,0,10.94,2000,1,0,0,0,0,0,0,0,0,0,0,0,0,0,0,0,0,0,0,0,0,0,0,0,0,0,0,0,0,0,0,0,0,0,0,0,0,0,0,0,0,0,0,0,0,0,0,0,0,0,0,0,0,0,0,0,0,0,0,0,0,0,0,0,0,0,0,0,0,0,0,0,0,0,25,122.55,150.7,94,100,7858,35,100.0,170,38,84,105,13.8,25.5
168200,12.7,25.6,0.000,9.680,86.9,302,62.89,0.00,0,1,0,0,0.00,0,0,10.94,2000,1,0,0,0,0,0,0,0,0,0,0,0,0,0,0,0,0,0,0,0,0,0,0,0,0,0,0,0,0,0,0,0,0,0,0,0,0,0,0,0,0,0,0,0,0,0,0,0,0,0,0,0,0,0,0,0,0,0,0,0,0,0,0,0,0,0,0,0,0,0,0,0,0,0,25,122.55,150.7,94,100,7858,35,100.0,170,38,84,105,13.8,25.5
168300,12.7,25.6,0.000,9.680,86.9,302,62.89,0.00,0,1,0,0,0.00,0,0,10.94,2000,1,0,0,0,0,0,0,0,0,0,0,0,0,0,0,0,0,0,0,0,0,0,0,0,0,0,0,0,0,0,0,0,0,0,0,0,0,0,0,0,0,0,0,0,0,0,0,0,0,0,0,0,0,0,0,0,0,0,0,0,0,0,0,0,0,0,0,0,0,0,0,0,0,0,25,122.55,152.0,95,100,7844,35,100.0,170,38,84,105,13.8,25.5
168400,12.7,25.6,0.000,9.680,86.9,302,62.89,0.00,0,1,0,0,0.00,0,0,10.94,2000,1,0,0,0,0,0,0,0,0,0,0,0,0,0,0,0,0,0,0,0,0,0,0,0,0,0,0,0,0,0,0,0,0,0,0,0,0,0,0,0,0,0,0,0,0,0,0,0,0,0,0,0,0,0,0,0,0,0,0,0,0,0,0,0,0,0,0,0,0,0,0,0,0,0,24,117.65,152.0,95,100,7862,35,100.0,170,38,84,105,13.8,25.5
168500,12.7,25.6,0.000,9.680,86.9,302,62.89,0.00,0,1,0,0,0.00,0,0,10.94,2000,1,0,0,0,0,0,0,0,0,0,0,0,0,0,0,0,0,0,0,0,0,0,0,0,0,0,0,0,0,0,0,0,0,0,0,0,0,0,0,0,0,0,0,0,0,0,0,0,0,0,0,0,0,0,0,0,0,0,0,0,0,0,0,0,0,0,0,0,0,0,0,0,0,0,24,117.65,152.0,95,100,7862,35,100.0,170,38,84,105,13.8,25.5
168600,12.7,25.6,0.000,9.680,86.9,302,62.89,0.00,0,1,0,0,0.00,0,0,10.94,2000,1,0,0,0,0,0,0,0,0,0,0,0,0,0,0,0,0,0,0,0,0,0,0,0,0,0,0,0,0,0,0,0,0,0,0,0,0,0,0,0,0,0,0,0,0,0,0,0,0,0,0,0,0,0,0,0,0,0,0,0,0,0,0,0,0,0,0,0,0,0,0,0,0,0,24,117.65,152.0,95,100,7840,35,100.0,170,38,84,105,13.8,25.5
168700,12.7,25.6,0.000,9.680,86.9,302,62.89,0.00,0,1,0,0,0.00,0,0,10.94,2000,1,0,0,0,0,0,0,0,0,0,0,0,0,0,0,0,0,0,0,0,0,0,0,0,0,0,0,0,0,0,0,0,0,0,0,0,0,0,0,0,0,0,0,0,0,0,0,0,0,0,0,0,0,0,0,0,0,0,0,0,0,0,0,0,0,0,0,0,0,0,0,0,0,0,24,117.65,152.0,95,100,7840,35,100.0,170,38,84,105,13.9,25.5
168800,12.7,25.6,0.000,9.680,86.9,302,62.89,0.00,0,1,0,0,0.00,0,0,10.94,2000,1,0,0,0,0,0,0,0,0,0,0,0,0,0,0,0,0,0,0,0,0,0,0,0,0,0,0,0,0,0,0,0,0,0,0,0,0,0,0,0,0,0,0,0,0,0,0,0,0,0,0,0,0,0,0,0,0,0,0,0,0,0,0,0,0,0,0,0,0,0,0,0,0,0,24,117.65,152.0,95,100,7851,35,100.0,170,38,84,106,13.8,25.5
168900,12.7,25.6,0.000,9.680,86.9,302,63.28,0.00,0,1,0,0,0.00,0,0,10.94,2000,1,0,0,0,0,0,0,0,0,0,0,0,0,0,0,0,0,0,0,0,0,0,0,0,0,0,0,0,0,0,0,0,0,0,0,0,0,0,0,0,0,0,0,0,0,0,0,0,0,0,0,0,0,0,0,0,0,0,0,0,0,0,0,0,0,0,0,0,0,0,0,0,0,0,25,122.55,152.0,95,100,7872,35,100.0,170,38,84,105,13.8,25.5
169000,12.7,25.6,0.000,9.680,86.9,302,63.28,0.00,0,1,0,0,0.00,0,0,10.94,2000,1,0,0,0,0,0,0,0,0,0,0,0,0,0,0,0,0,0,0,0,0,0,0,0,0,0,0,0,0,0,0,0,0,0,0,0,0,0,0,0,0,0,0,0,0,0,0,0,0,0,0,0,0,0,0,0,0,0,0,0,0,0,0,0,0,0,0,0,0,0,0,0,0,0,25,122.55,152.0,95,100,7872,35,100.0,170,38,84,105,13.8,25.5
169100,12.7,25.6,0.000,9.680,86.9,302,63.28,0.00,0,1,0,0,0.00,0,0,10.94,2000,1,0,0,0,0,0,0,0,0,0,0,0,0,0,0,0,0,0,0,0,0,0,0,0,0,0,0,0,0,0,0,0,0,0,0,0,0,0,0,0,0,0,0,0,0,0,0,0,0,0,0,0,0,0,0,0,0,0,0,0,0,0,0,0,0,0,0,0,0,0,0,0,0,0,24,117.65,152.0,95,100,7869,35,100.0,170,38,84,105,13.8,25.5
169200,12.7,25.6,0.000,9.680,86.9,302,63.28,0.00,0,1,0,0,0.00,0,0,10.94,2000,1,0,0,0,0,0,0,0,0,0,0,0,0,0,0,0,0,0,0,0,0,0,0,0,0,0,0,0,0,0,0,0,0,0,0,0,0,0,0,0,0,0,0,0,0,0,0,0,0,0,0,0,0,0,0,0,0,0,0,0,0,0,0,0,0,0,0,0,0,0,0,0,0,0,25,122.55,152.0,95,100,7858,35,100.0,170,38,84,106,13.8,25.5
169300,12.7,25.6,0.000,9.680,86.9,302,63.28,0.00,0,1,0,0,0.00,0,0,10.94,2000,1,0,0,0,0,0,0,0,0,0,0,0,0,0,0,0,0,0,0,0,0,0,0,0,0,0,0,0,0,0,0,0,0,0,0,0,0,0,0,0,0,0,0,0,0,0,0,0,0,0,0,0,0,0,0,0,0,0,0,0,0,0,0,0,0,0,0,0,0,0,0,0,0,0,25,122.55,153.2,94,100,7858,35,100.0,170,38,84,106,13.8,25.5
169400,12.7,25.6,0.000,9.711,86.9,303,63.67,0.00,0,1,0,0,0.00,0,0,10.94,2000,1,0,0,0,0,0,0,0,0,0,0,0,0,0,0,0,0,0,0,0,0,0,0,0,0,0,0,0,0,0,0,0,0,0,0,0,0,0,0,0,0,0,0,0,0,0,0,0,0,0,0,0,0,0,0,0,0,0,0,0,0,0,0,0,0,0,0,0,0,0,0,0,0,0,25,122.55,153.2,94,100,7869,35,100.0,170,38,84,106,13.8,25.5
169500,12.7,25.6,0.000,9.711,86.9,303,63.67,0.00,0,1,0,0,0.00,0,0,10.94,2000,1,0,0,0,0,0,0,0,0,0,0,0,0,0,0,0,0,0,0,0,0,0,0,0,0,0,0,0,0,0,0,0,0,0,0,0,0,0,0,0,0,0,0,0,0,0,0,0,0,0,0,0,0,0,0,0,0,0,0,0,0,0,0,0,0,0,0,0,0,0,0,0,0,0,25,122.55,153.2,94,100,7869,35,100.0,170,38,84,106,13.8,25.5
169600,12.7,25.6,0.000,9.711,86.9,303,63.67,0.00,0,1,0,0,0.00,0,0,10.94,2000,1,0,0,0,0,0,0,0,0,0,0,0,0,0,0,0,0,0,0,0,0,0,0,0,0,0,0,0,0,0,0,0,0,0,0,0,0,0,0,0,0,0,0,0,0,0,0,0,0,0,0,0,0,0,0,0,0,0,0,0,0,0,0,0,0,0,0,0,0,0,0,0,0,0,25,122.55,153.2,94,100,7890,35,100.0,170,38,84,106,13.8,25.5
169700,12.7,25.6,0.000,9.711,86.9,303,63.28,0.00,0,1,0,0,0.00,0,0,10.94,2000,1,0,0,0,0,0,0,0,0,0,0,0,0,0,0,0,0,0,0,0,0,0,0,0,0,0,0,0,0,0,0,0,0,0,0,0,0,0,0,0,0,0,0,0,0,0,0,0,0,0,0,0,0,0,0,0,0,0,0,0,0,0,0,0,0,0,0,0,0,0,0,0,0,0,25,122.55,153.2,94,100,7865,35,100.0,170,38,84,107,13.8,25.5
169800,12.7,25.6,0.000,9.711,86.9,303,63.28,0.00,0,1,0,0,0.00,0,0,10.94,2000,1,0,0,0,0,0,0,0,0,0,0,0,0,0,0,0,0,0,0,0,0,0,0,0,0,0,0,0,0,0,0,0,0,0,0,0,0,0,0,0,0,0,0,0,0,0,0,0,0,0,0,0,0,0,0,0,0,0,0,0,0,0,0,0,0,0,0,0,0,0,0,0,0,0,24,117.65,153.2,94,100,7887,35,100.0,170,38,84,107,13.8,25.5
169900,12.7,25.6,0.000,9.711,86.9,303,63.67,0.00,0,1,0,0,0.00,0,0,10.94,2000,1,0,0,0,0,0,0,0,0,0,0,0,0,0,0,0,0,0,0,0,0,0,0,0,0,0,0,0,0,0,0,0,0,0,0,0,0,0,0,0,0,0,0,0,0,0,0,0,0,0,0,0,0,0,0,0,0,0,0,0,0,0,0,0,0,0,0,0,0,0,0,0,0,0,24,117.65,153.2,94,100,7872,35,100.0,170,38,84,108,13.8,25.5
170000,12.7,25.6,0.000,9.711,86.9,303,63.67,0.00,0,1,0,0,0.00,0,0,10.94,2000,1,0,0,0,0,0,0,0,0,0,0,0,0,0,0,0,0,0,0,0,0,0,0,0,0,0,0,0,0,0,0,0,0,0,0,0,0,0,0,0,0,0,0,0,0,0,0,0,0,0,0,0,0,0,0,0,0,0,0,0,0,0,0,0,0,0,0,0,0,0,0,0,0,0,24,117.65,153.2,94,100,7872,35,100.0,170,38,84,108,13.8,25.5
170100,12.7,25.6,0.000,9.711,86.9,303,63.67,0.00,0,1,0,0,0.00,0,0,10.94,2000,1,0,0,0,0,0,0,0,0,0,0,0,0,0,0,0,0,0,0,0,0,0,0,0,0,0,0,0,0,0,0,0,0,0,0,0,0,0,0,0,0,0,0,0,0,0,0,0,0,0,0,0,0,0,0,0,0,0,0,0,0,0,0,0,0,0,0,0,0,0,0,0,0,0,25,122.55,153.2,94,100,7872,35,100.0,170,38,84,108,13.8,25.5
170200,12.7,25.6,0.000,9.711,86.9,303,63.67,0.00,0,1,0,0,0.00,0,0,10.94,2000,1,0,0,0,0,0,0,0,0,0,0,0,0,0,0,0,0,0,0,0,0,0,0,0,0,0,0,0,0,0,0,0,0,0,0,0,0,0,0,0,0,0,0,0,0,0,0,0,0,0,0,0,0,0,0,0,0,0,0,0,0,0,0,0,0,0,0,0,0,0,0,0,0,0,25,122.55,153.2,94,100,7872,35,100.0,170,38,84,108,13.8,25.5
170300,12.7,25.6,0.000,9.711,86.9,303,63.67,0.00,0,1,0,0,0.00,0,0,10.94,2000,1,0,0,0,0,0,0,0,0,0,0,0,0,0,0,0,0,0,0,0,0,0,0,0,0,0,0,0,0,0,0,0,0,0,0,0,0,0,0,0,0,0,0,0,0,0,0,0,0,0,0,0,0,0,0,0,0,0,0,0,0,0,0,0,0,0,0,0,0,0,0,0,0,0,25,122.55,153.2,97,100,7890,35,100.0,170,38,84,107,13.8,25.5
170400,12.7,25.6,0.000,9.711,86.9,303,63.67,0.00,0,1,0,0,0.00,0,0,10.94,2000,1,0,0,0,0,0,0,0,0,0,0,0,0,0,0,0,0,0,0,0,0,0,0,0,0,0,0,0,0,0,0,0,0,0,0,0,0,0,0,0,0,0,0,0,0,0,0,0,0,0,0,0,0,0,0,0,0,0,0,0,0,0,0,0,0,0,0,0,0,0,0,0,0,0,25,122.55,153.2,97,100,7887,35,100.0,170,38,84,108,13.8,25.5
170500,12.7,25.6,0.000,9.711,86.9,303,63.67,0.00,0,1,0,0,0.00,0,0,10.94,2000,1,0,0,0,0,0,0,0,0,0,0,0,0,0,0,0,0,0,0,0,0,0,0,0,0,0,0,0,0,0,0,0,0,0,0,0,0,0,0,0,0,0,0,0,0,0,0,0,0,0,0,0,0,0,0,0,0,0,0,0,0,0,0,0,0,0,0,0,0,0,0,0,0,0,25,122.55,153.2,97,100,7887,35,100.0,170,38,84,108,13.8,25.5
170600,12.7,25.6,0.000,9.711,86.9,303,63.67,0.00,0,1,0,0,0.00,0,0,10.94,2000,1,0,0,0,0,0,0,0,0,0,0,0,0,0,0,0,0,0,0,0,0,0,0,0,0,0,0,0,0,0,0,0,0,0,0,0,0,0,0,0,0,0,0,0,0,0,0,0,0,0,0,0,0,0,0,0,0,0,0,0,0,0,0,0,0,0,0,0,0,0,0,0,0,0,25,122.55,153.2,97,100,7890,35,100.0,170,38,84,108,13.8,25.5
170700,12.7,25.6,0.000,9.711,86.9,303,63.67,0.00,0,1,0,0,0.00,0,0,10.94,2000,1,0,0,0,0,0,0,0,0,0,0,0,0,0,0,0,0,0,0,0,0,0,0,0,0,0,0,0,0,0,0,0,0,0,0,0,0,0,0,0,0,0,0,0,0,0,0,0,0,0,0,0,0,0,0,0,0,0,0,0,0,0,0,0,0,0,0,0,0,0,0,0,0,0,25,122.55,153.2,97,100,7919,35,100.0,170,38,84,108,13.8,25.5
170800,12.7,25.6,0.000,9.711,86.9,303,63.67,0.00,0,1,0,0,0.00,0,0,10.94,2000,1,0,0,0,0,0,0,0,0,0,0,0,0,0,0,0,0,0,0,0,0,0,0,0,0,0,0,0,0,0,0,0,0,0,0,0,0,0,0,0,0,0,0,0,0,0,0,0,0,0,0,0,0,0,0,0,0,0,0,0,0,0,0,0,0,0,0,0,0,0,0,0,0,0,25,122.55,153.2,97,100,7919,35,100.0,170,38,84,108,13.8,25.5
170900,12.7,25.6,0.000,9.711,86.9,303,63.67,0.00,0,1,0,0,0.00,0,0,10.94,2000,1,0,0,0,0,0,0,0,0,0,0,0,0,0,0,0,0,0,0,0,0,0,0,0,0,0,0,0,0,0,0,0,0,0,0,0,0,0,0,0,0,0,0,0,0,0,0,0,0,0,0,0,0,0,0,0,0,0,0,0,0,0,0,0,0,0,0,0,0,0,0,0,0,0,24,117.65,153.2,97,100,7894,35,100.0,170,38,84,108,13.8,25.5
171000,12.7,25.6,0.000,9.711,86.9,303,63.67,0.00,0,1,0,0,0.00,0,0,10.94,2000,1,0,0,0,0,0,0,0,0,0,0,0,0,0,0,0,0,0,0,0,0,0,0,0,0,0,0,0,0,0,0,0,0,0,0,0,0,0,0,0,0,0,0,0,0,0,0,0,0,0,0,0,0,0,0,0,0,0,0,0,0,0,0,0,0,0,0,0,0,0,0,0,0,0,24,117.65,153.2,97,100,7923,35,100.0,170,38,84,108,13.8,25.5
171100,12.7,25.6,0.000,9.711,86.9,303,63.67,0.00,0,1,0,0,0.00,0,0,10.94,2000,1,0,0,0,0,0,0,0,0,0,0,0,0,0,0,0,0,0,0,0,0,0,0,0,0,0,0,0,0,0,0,0,0,0,0,0,0,0,0,0,0,0,0,0,0,0,0,0,0,0,0,0,0,0,0,0,0,0,0,0,0,0,0,0,0,0,0,0,0,0,0,0,0,0,25,122.55,153.2,97,100,7908,35,100.0,170,38,84,108,13.8,25.5
171200,12.7,25.6,0.000,9.711,86.9,303,63.67,0.00,0,1,0,0,0.00,0,0,10.94,2000,1,0,0,0,0,0,0,0,0,0,0,0,0,0,0,0,0,0,0,0,0,0,0,0,0,0,0,0,0,0,0,0,0,0,0,0,0,0,0,0,0,0,0,0,0,0,0,0,0,0,0,0,0,0,0,0,0,0,0,0,0,0,0,0,0,0,0,0,0,0,0,0,0,0,24,117.65,153.2,97,100,7919,35,100.0,170,38,84,107,13.8,25.5
171300,12.7,25.6,0.000,9.711,86.9,303,63.67,0.00,0,1,0,0,0.00,0,0,10.94,2000,1,0,0,0,0,0,0,0,0,0,0,0,0,0,0,0,0,0,0,0,0,0,0,0,0,0,0,0,0,0,0,0,0,0,0,0,0,0,0,0,0,0,0,0,0,0,0,0,0,0,0,0,0,0,0,0,0,0,0,0,0,0,0,0,0,0,0,0,0,0,0,0,0,0,24,117.65,153.9,95,100,7919,35,100.0,170,38,84,107,13.8,25.5
171400,12.7,25.6,0.000,9.711,86.9,303,63.67,0.00,0,1,0,0,0.00,0,0,10.94,2000,1,0,0,0,0,0,0,0,0,0,0,0,0,0,0,0,0,0,0,0,0,0,0,0,0,0,0,0,0,0,0,0,0,0,0,0,0,0,0,0,0,0,0,0,0,0,0,0,0,0,0,0,0,0,0,0,0,0,0,0,0,0,0,0,0,0,0,0,0,0,0,0,0,0,25,122.55,153.9,95,100,7901,35,100.0,170,38,84,108,13.8,25.5
171500,12.7,25.6,0.000,9.711,86.9,303,63.67,0.00,0,1,0,0,0.00,0,0,10.94,2000,1,0,0,0,0,0,0,0,0,0,0,0,0,0,0,0,0,0,0,0,0,0,0,0,0,0,0,0,0,0,0,0,0,0,0,0,0,0,0,0,0,0,0,0,0,0,0,0,0,0,0,0,0,0,0,0,0,0,0,0,0,0,0,0,0,0,0,0,0,0,0,0,0,0,25,122.55,153.9,95,100,7894,35,100.0,170,38,84,108,13.8,25.5
171600,12.7,25.6,0.000,9.711,86.9,303,63.67,0.00,0,1,0,0,0.00,0,0,10.94,2000,1,0,0,0,0,0,0,0,0,0,0,0,0,0,0,0,0,0,0,0,0,0,0,0,0,0,0,0,0,0,0,0,0,0,0,0,0,0,0,0,0,0,0,0,0,0,0,0,0,0,0,0,0,0,0,0,0,0,0,0,0,0,0,0,0,0,0,0,0,0,0,0,0,0,24,117.65,153.9,95,100,7915,35,100.0,170,38,84,107,13.8,25.5
171700,12.7,25.6,0.000,9.711,86.9,303,63.67,0.00,0,1,0,0,0.00,0,0,10.94,2000,1,0,0,0,0,0,0,0,0,0,0,0,0,0,0,0,0,0,0,0,0,0,0,0,0,0,0,0,0,0,0,0,0,0,0,0,0,0,0,0,0,0,0,0,0,0,0,0,0,0,0,0,0,0,0,0,0,0,0,0,0,0,0,0,0,0,0,0,0,0,0,0,0,0,24,117.65,153.9,95,100,7915,35,100.0,170,38,84,107,13.8,25.5
171800,12.7,25.6,0.000,9.711,86.9,303,63.67,0.00,0,1,0,0,0.00,0,0,10.94,2000,1,0,0,0,0,0,0,0,0,0,0,0,0,0,0,0,0,0,0,0,0,0,0,0,0,0,0,0,0,0,0,0,0,0,0,0,0,0,0,0,0,0,0,0,0,0,0,0,0,0,0,0,0,0,0,0,0,0,0,0,0,0,0,0,0,0,0,0,0,0,0,0,0,0,24,117.65,153.9,95,100,7894,35,100.0,170,38,84,108,13.9,25.5
171900,12.7,25.6,0.000,9.711,86.9,303,63.67,0.00,0,1,0,0,0.00,0,0,10.94,2000,1,0,0,0,0,0,0,0,0,0,0,0,0,0,0,0,0,0,0,0,0,0,0,0,0,0,0,0,0,0,0,0,0,0,0,0,0,0,0,0,0,0,0,0,0,0,0,0,0,0,0,0,0,0,0,0,0,0,0,0,0,0,0,0,0,0,0,0,0,0,0,0,0,0,24,117.65,153.9,95,100,7894,35,100.0,170,38,84,108,13.9,25.5
172000,12.7,25.6,0.000,9.711,86.9,303,63.67,0.00,0,1,0,0,0.00,0,0,10.94,2000,1,0,0,0,0,0,0,0,0,0,0,0,0,0,0,0,0,0,0,0,0,0,0,0,0,0,0,0,0,0,0,0,0,0,0,0,0,0,0,0,0,0,0,0,0,0,0,0,0,0,0,0,0,0,0,0,0,0,0,0,0,0,0,0,0,0,0,0,0,0,0,0,0,0,25,122.55,153.9,95,100,7887,35,100.0,170,38,84,108,13.8,25.5
172100,12.7,25.6,0.000,9.711,86.9,303,63.67,0.00,0,1,0,0,0.00,0,0,10.94,2000,1,0,0,0,0,0,0,0,0,0,0,0,0,0,0,0,0,0,0,0,0,0,0,0,0,0,0,0,0,0,0,0,0,0,0,0,0,0,0,0,0,0,0,0,0,0,0,0,0,0,0,0,0,0,0,0,0,0,0,0,0,0,0,0,0,0,0,0,0,0,0,0,0,0,24,117.65,153.9,95,100,7912,35,100.0,170,38,84,108,13.9,25.5
172200,12.7,25.6,0.000,9.711,86.9,303,63.67,0.00,0,1,0,0,0.00,0,0,10.94,2000,1,0,0,0,0,0,0,0,0,0,0,0,0,0,0,0,0,0,0,0,0,0,0,0,0,0,0,0,0,0,0,0,0,0,0,0,0,0,0,0,0,0,0,0,0,0,0,0,0,0,0,0,0,0,0,0,0,0,0,0,0,0,0,0,0,0,0,0,0,0,0,0,0,0,24,117.65,153.9,95,100,7915,35,100.0,170,38,84,108,13.8,25.5
172300,12.7,25.6,0.000,9.711,86.9,303,63.67,0.00,0,1,0,0,0.00,0,0,10.94,2000,1,0,0,0,0,0,0,0,0,0,0,0,0,0,0,0,0,0,0,0,0,0,0,0,0,0,0,0,0,0,0,0,0,0,0,0,0,0,0,0,0,0,0,0,0,0,0,0,0,0,0,0,0,0,0,0,0,0,0,0,0,0,0,0,0,0,0,0,0,0,0,0,0,0,25,122.55,154.2,96,100,7923,35,100.0,170,38,84,108,13.8,25.5
172400,12.7,25.6,0.000,9.711,86.9,303,63.67,0.00,0,1,0,0,0.00,0,0,10.94,2000,1,0,0,0,0,0,0,0,0,0,0,0,0,0,0,0,0,0,0,0,0,0,0,0,0,0,0,0,0,0,0,0,0,0,0,0,0,0,0,0,0,0,0,0,0,0,0,0,0,0,0,0,0,0,0,0,0,0,0,0,0,0,0,0,0,0,0,0,0,0,0,0,0,0,25,122.55,154.2,96,100,7923,35,100.0,170,38,84,108,13.8,25.5
172500,12.7,25.6,0.000,9.742,86.9,304,64.06,0.00,0,1,0,0,0.00,0,0,10.94,2000,1,0,0,0,0,0,0,0,0,0,0,0,0,0,0,0,0,0,0,0,0,0,0,0,0,0,0,0,0,0,0,0,0,0,0,0,0,0,0,0,0,0,0,0,0,0,0,0,0,0,0,0,0,0,0,0,0,0,0,0,0,0,0,0,0,0,0,0,0,0,0,0,0,0,24,117.65,154.2,96,100,7923,35,100.0,170,38,84,109,13.8,25.5
172600,12.7,25.6,0.000,9.742,86.9,304,64.06,0.00,0,1,0,0,0.00,0,0,10.94,2000,1,0,0,0,0,0,0,0,0,0,0,0,0,0,0,0,0,0,0,0,0,0,0,0,0,0,0,0,0,0,0,0,0,0,0,0,0,0,0,0,0,0,0,0,0,0,0,0,0,0,0,0,0,0,0,0,0,0,0,0,0,0,0,0,0,0,0,0,0,0,0,0,0,0,25,122.55,154.2,96,100,7934,35,100.0,170,38,84,108,13.8,25.5
172700,12.7,25.6,0.000,9.742,86.9,304,64.06,0.00,0,1,0,0,0.00,0,0,10.94,2000,1,0,0,0,0,0,0,0,0,0,0,0,0,0,0,0,0,0,0,0,0,0,0,0,0,0,0,0,0,0,0,0,0,0,0,0,0,0,0,0,0,0,0,0,0,0,0,0,0,0,0,0,0,0,0,0,0,0,0,0,0,0,0,0,0,0,0,0,0,0,0,0,0,0,25,122.55,154.2,96,100,7926,35,100.0,170,38,84,108,13.8,25.5
172800,12.7,25.6,0.000,9.742,86.9,304,64.06,0.00,0,1,0,0,0.00,0,0,10.94,2000,1,0,0,0,0,0,0,0,0,0,0,0,0,0,0,0,0,0,0,0,0,0,0,0,0,0,0,0,0,0,0,0,0,0,0,0,0,0,0,0,0,0,0,0,0,0,0,0,0,0,0,0,0,0,0,0,0,0,0,0,0,0,0,0,0,0,0,0,0,0,0,0,0,0,25,122.55,154.2,96,100,7919,35,100.0,170,38,84,109,13.8,25.5
172900,12.7,25.6,0.000,9.742,86.9,304,64.06,0.00,0,1,0,0,0.00,0,0,10.94,2000,1,0,0,0,0,0,0,0,0,0,0,0,0,0,0,0,0,0,0,0,0,0,0,0,0,0,0,0,0,0,0,0,0,0,0,0,0,0,0,0,0,0,0,0,0,0,0,0,0,0,0,0,0,0,0,0,0,0,0,0,0,0,0,0,0,0,0,0,0,0,0,0,0,0,25,122.55,154.2,96,100,7941,35,100.0,170,38,84,108,13.8,25.5
173000,12.7,25.6,0.000,9.742,86.9,304,64.06,0.00,0,1,0,0,0.00,0,0,10.94,2000,1,0,0,0,0,0,0,0,0,0,0,0,0,0,0,0,0,0,0,0,0,0,0,0,0,0,0,0,0,0,0,0,0,0,0,0,0,0,0,0,0,0,0,0,0,0,0,0,0,0,0,0,0,0,0,0,0,0,0,0,0,0,0,0,0,0,0,0,0,0,0,0,0,0,25,122.55,154.2,96,100,7915,35,100.0,170,38,84,109,13.8,25.5
173100,12.7,25.6,0.000,9.742,86.9,304,64.06,0.00,0,1,0,0,0.00,0,0,10.94,2000,1,0,0,0,0,0,0,0,0,0,0,0,0,0,0,0,0,0,0,0,0,0,0,0,0,0,0,0,0,0,0,0,0,0,0,0,0,0,0,0,0,0,0,0,0,0,0,0,0,0,0,0,0,0,0,0,0,0,0,0,0,0,0,0,0,0,0,0,0,0,0,0,0,0,24,117.65,154.2,96,100,7919,35,100.0,170,38,84,109,13.9,25.5
173200,12.7,25.6,0.000,9.742,86.9,304,64.06,0.00,0,1,0,0,0.00,0,0,10.94,2000,1,0,0,0,0,0,0,0,0,0,0,0,0,0,0,0,0,0,0,0,0,0,0,0,0,0,0,0,0,0,0,0,0,0,0,0,0,0,0,0,0,0,0,0,0,0,0,0,0,0,0,0,0,0,0,0,0,0,0,0,0,0,0,0,0,0,0,0,0,0,0,0,0,0,24,117.65,154.2,96,100,7919,35,100.0,170,38,84,109,13.9,25.5
173300,12.7,25.6,0.000,9.742,86.9,304,64.06,0.00,0,1,0,0,0.00,0,0,10.94,2000,1,0,0,0,0,0,0,0,0,0,0,0,0,0,0,0,0,0,0,0,0,0,0,0,0,0,0,0,0,0,0,0,0,0,0,0,0,0,0,0,0,0,0,0,0,0,0,0,0,0,0,0,0,0,0,0,0,0,0,0,0,0,0,0,0,0,0,0,0,0,0,0,0,0,25,122.55,154.2,96,100,7912,35,100.0,170,38,84,108,13.8,25.5
173400,12.7,25.6,0.000,9.711,86.9,303,63.67,0.00,0,1,0,0,0.00,0,0,10.94,2000,1,0,0,0,0,0,0,0,0,0,0,0,0,0,0,0,0,0,0,0,0,0,0,0,0,0,0,0,0,0,0,0,0,0,0,0,0,0,0,0,0,0,0,0,0,0,0,0,0,0,0,0,0,0,0,0,0,0,0,0,0,0,0,0,0,0,0,0,0,0,0,0,0,0,25,122.55,154.2,96,100,7901,35,100.0,170,38,84,108,13.9,25.5
173500,12.7,25.6,0.000,9.711,86.9,303,63.67,0.00,0,1,0,0,0.00,0,0,10.94,2000,1,0,0,0,0,0,0,0,0,0,0,0,0,0,0,0,0,0,0,0,0,0,0,0,0,0,0,0,0,0,0,0,0,0,0,0,0,0,0,0,0,0,0,0,0,0,0,0,0,0,0,0,0,0,0,0,0,0,0,0,0,0,0,0,0,0,0,0,0,0,0,0,0,0,25,122.55,154.2,96,100,7908,35,100.0,170,38,84,109,13.8,25.5
173600,12.7,25.6,0.000,9.711,86.9,303,63.67,0.00,0,1,0,0,0.00,0,0,10.94,2000,1,0,0,0,0,0,0,0,0,0,0,0,0,0,0,0,0,0,0,0,0,0,0,0,0,0,0,0,0,0,0,0,0,0,0,0,0,0,0,0,0,0,0,0,0,0,0,0,0,0,0,0,0,0,0,0,0,0,0,0,0,0,0,0,0,0,0,0,0,0,0,0,0,0,24,117.65,154.2,96,100,7901,35,100.0,170,38,84,108,13.9,25.5
173700,12.7,25.6,0.000,9.742,86.9,304,64.06,0.00,0,1,0,0,0.00,0,0,10.94,2000,1,0,0,0,0,0,0,0,0,0,0,0,0,0,0,0,0,0,0,0,0,0,0,0,0,0,0,0,0,0,0,0,0,0,0,0,0,0,0,0,0,0,0,0,0,0,0,0,0,0,0,0,0,0,0,0,0,0,0,0,0,0,0,0,0,0,0,0,0,0,0,0,0,0,24,117.65,154.2,96,100,7901,35,100.0,170,38,84,108,13.8,25.5
173800,12.7,25.6,0.000,9.742,86.9,304,64.06,0.00,0,1,0,0,0.00,0,0,10.94,2000,1,0,0,0,0,0,0,0,0,0,0,0,0,0,0,0,0,0,0,0,0,0,0,0,0,0,0,0,0,0,0,0,0,0,0,0,0,0,0,0,0,0,0,0,0,0,0,0,0,0,0,0,0,0,0,0,0,0,0,0,0,0,0,0,0,0,0,0,0,0,0,0,0,0,25,122.55,154.2,96,100,7923,35,100.0,170,38,84,109,13.9,25.5
173900,12.7,25.6,0.000,9.711,86.9,303,63.67,0.00,0,1,0,0,0.00,0,0,10.94,2000,1,0,0,0,0,0,0,0,0,0,0,0,0,0,0,0,0,0,0,0,0,0,0,0,0,0,0,0,0,0,0,0,0,0,0,0,0,0,0,0,0,0,0,0,0,0,0,0,0,0,0,0,0,0,0,0,0,0,0,0,0,0,0,0,0,0,0,0,0,0,0,0,0,0,25,122.55,154.2,96,100,7923,35,100.0,170,38,84,109,13.9,25.5
174000,12.7,25.6,0.000,9.742,86.9,304,64.06,0.00,0,1,0,0,0.00,0,0,10.94,2000,1,0,0,0,0,0,0,0,0,0,0,0,0,0,0,0,0,0,0,0,0,0,0,0,0,0,0,0,0,0,0,0,0,0,0,0,0,0,0,0,0,0,0,0,0,0,0,0,0,0,0,0,0,0,0,0,0,0,0,0,0,0,0,0,0,0,0,0,0,0,0,0,0,0,25,122.55,154.2,96,100,7923,35,100.0,170,38,84,109,13.8,25.5
174100,12.7,25.6,0.000,9.742,86.9,304,64.06,0.00,0,1,0,0,0.00,0,0,10.94,2000,1,0,0,0,0,0,0,0,0,0,0,0,0,0,0,0,0,0,0,0,0,0,0,0,0,0,0,0,0,0,0,0,0,0,0,0,0,0,0,0,0,0,0,0,0,0,0,0,0,0,0,0,0,0,0,0,0,0,0,0,0,0,0,0,0,0,0,0,0,0,0,0,0,0,25,122.55,154.2,96,100,7912,35,100.0,170,38,84,109,13.8,25.5
174200,12.7,25.6,0.000,9.742,86.9,304,64.06,0.00,0,1,0,0,0.00,0,0,10.94,2000,1,0,0,0,0,0,0,0,0,0,0,0,0,0,0,0,0,0,0,0,0,0,0,0,0,0,0,0,0,0,0,0,0,0,0,0,0,0,0,0,0,0,0,0,0,0,0,0,0,0,0,0,0,0,0,0,0,0,0,0,0,0,0,0,0,0,0,0,0,0,0,0,0,0,25,122.55,154.2,96,100,7930,35,100.0,170,38,84,109,13.8,25.5
174300,12.7,25.6,0.000,9.742,86.9,304,64.06,0.00,0,1,0,0,0.00,0,0,10.94,2000,1,0,0,0,0,0,0,0,0,0,0,0,0,0,0,0,0,0,0,0,0,0,0,0,0,0,0,0,0,0,0,0,0,0,0,0,0,0,0,0,0,0,0,0,0,0,0,0,0,0,0,0,0,0,0,0,0,0,0,0,0,0,0,0,0,0,0,0,0,0,0,0,0,0,25,122.55,154.5,96,100,7912,35,100.0,170,38,84,109,13.8,25.5
174400,12.7,25.6,0.000,9.742,86.9,304,64.06,0.00,0,1,0,0,0.00,0,0,10.94,2000,1,0,0,0,0,0,0,0,0,0,0,0,0,0,0,0,0,0,0,0,0,0,0,0,0,0,0,0,0,0,0,0,0,0,0,0,0,0,0,0,0,0,0,0,0,0,0,0,0,0,0,0,0,0,0,0,0,0,0,0,0,0,0,0,0,0,0,0,0,0,0,0,0,0,24,117.65,154.5,96,100,7930,35,100.0,170,38,84,109,13.8,25.5
174500,12.7,25.6,0.000,9.742,86.9,304,64.06,0.00,0,1,0,0,0.00,0,0,10.94,2000,1,0,0,0,0,0,0,0,0,0,0,0,0,0,0,0,0,0,0,0,0,0,0,0,0,0,0,0,0,0,0,0,0,0,0,0,0,0,0,0,0,0,0,0,0,0,0,0,0,0,0,0,0,0,0,0,0,0,0,0,0,0,0,0,0,0,0,0,0,0,0,0,0,0,24,117.65,154.5,96,100,7930,35,100.0,170,38,84,109,13.8,25.5
174600,12.7,25.6,0.000,9.711,86.9,303,63.67,0.00,0,1,0,0,0.00,0,0,10.94,2000,1,0,0,0,0,0,0,0,0,0,0,0,0,0,0,0,0,0,0,0,0,0,0,0,0,0,0,0,0,0,0,0,0,0,0,0,0,0,0,0,0,0,0,0,0,0,0,0,0,0,0,0,0,0,0,0,0,0,0,0,0,0,0,0,0,0,0,0,0,0,0,0,0,0,24,117.65,154.5,96,100,7908,35,100.0,170,38,84,108,13.8,25.5
174700,12.7,25.6,0.000,9.742,86.9,304,64.06,0.00,0,1,0,0,0.00,0,0,10.94,2000,1,0,0,0,0,0,0,0,0,0,0,0,0,0,0,0,0,0,0,0,0,0,0,0,0,0,0,0,0,0,0,0,0,0,0,0,0,0,0,0,0,0,0,0,0,0,0,0,0,0,0,0,0,0,0,0,0,0,0,0,0,0,0,0,0,0,0,0,0,0,0,0,0,0,24,117.65,154.5,96,100,7908,35,100.0,170,38,84,108,13.8,25.5
174800,12.7,25.6,0.000,9.711,86.9,303,63.67,0.00,0,1,0,0,0.00,0,0,10.94,2000,1,0,0,0,0,0,0,0,0,0,0,0,0,0,0,0,0,0,0,0,0,0,0,0,0,0,0,0,0,0,0,0,0,0,0,0,0,0,0,0,0,0,0,0,0,0,0,0,0,0,0,0,0,0,0,0,0,0,0,0,0,0,0,0,0,0,0,0,0,0,0,0,0,0,25,122.55,154.5,96,100,7908,35,100.0,170,38,84,109,13.8,25.5
174900,12.7,25.6,0.000,9.742,86.9,304,64.06,0.00,0,1,0,0,0.00,0,0,10.94,2000,1,0,0,0,0,0,0,0,0,0,0,0,0,0,0,0,0,0,0,0,0,0,0,0,0,0,0,0,0,0,0,0,0,0,0,0,0,0,0,0,0,0,0,0,0,0,0,0,0,0,0,0,0,0,0,0,0,0,0,0,0,0,0,0,0,0,0,0,0,0,0,0,0,0,25,122.55,154.5,96,100,7912,35,100.0,170,38,84,109,13.8,25.5
175000,12.7,25.6,0.000,9.742,86.9,304,64.06,0.00,0,1,0,0,0.00,0,0,10.94,2000,1,0,0,0,0,0,0,0,0,0,0,0,0,0,0,0,0,0,0,0,0,0,0,0,0,0,0,0,0,0,0,0,0,0,0,0,0,0,0,0,0,0,0,0,0,0,0,0,0,0,0,0,0,0,0,0,0,0,0,0,0,0,0,0,0,0,0,0,0,0,0,0,0,0,25,122.55,154.5,96,100,7912,35,100.0,170,38,84,109,13.8,25.5
175100,12.7,25.6,0.000,9.742,86.9,304,64.06,0.00,0,1,0,0,0.00,0,0,10.94,2000,1,0,0,0,0,0,0,0,0,0,0,0,0,0,0,0,0,0,0,0,0,0,0,0,0,0,0,0,0,0,0,0,0,0,0,0,0,0,0,0,0,0,0,0,0,0,0,0,0,0,0,0,0,0,0,0,0,0,0,0,0,0,0,0,0,0,0,0,0,0,0,0,0,0,24,117.65,154.5,96,100,7926,35,100.0,170,38,84,108,13.8,25.5
175200,12.7,25.6,0.000,9.742,86.9,304,64.06,0.00,0,1,0,0,0.00,0,0,10.94,2000,1,0,0,0,0,0,0,0,0,0,0,0,0,0,0,0,0,0,0,0,0,0,0,0,0,0,0,0,0,0,0,0,0,0,0,0,0,0,0,0,0,0,0,0,0,0,0,0,0,0,0,0,0,0,0,0,0,0,0,0,0,0,0,0,0,0,0,0,0,0,0,0,0,0,24,117.65,154.5,96,100,7908,35,100.0,170,38,84,110,13.8,25.5
175300,12.7,25.6,0.000,9.742,86.9,304,64.06,0.00,0,1,0,0,0.00,0,0,10.94,2000,1,0,0,0,0,0,0,0,0,0,0,0,0,0,0,0,0,0,0,0,0,0,0,0,0,0,0,0,0,0,0,0,0,0,0,0,0,0,0,0,0,0,0,0,0,0,0,0,0,0,0,0,0,0,0,0,0,0,0,0,0,0,0,0,0,0,0,0,0,0,0,0,0,0,25,122.55,154.6,97,100,7923,35,100.0,170,38,84,109,13.8,25.5
175400,12.7,25.6,0.000,9.742,86.9,304,64.06,0.00,0,1,0,0,0.00,0,0,10.94,2000,1,0,0,0,0,0,0,0,0,0,0,0,0,0,0,0,0,0,0,0,0,0,0,0,0,0,0,0,0,0,0,0,0,0,0,0,0,0,0,0,0,0,0,0,0,0,0,0,0,0,0,0,0,0,0,0,0,0,0,0,0,0,0,0,0,0,0,0,0,0,0,0,0,0,25,122.55,154.6,97,100,7926,35,100.0,170,38,84,108,13.8,25.5
175500,12.7,25.6,0.000,9.742,86.9,304,64.06,0.00,0,1,0,0,0.00,0,0,10.94,2000,1,0,0,0,0,0,0,0,0,0,0,0,0,0,0,0,0,0,0,0,0,0,0,0,0,0,0,0,0,0,0,0,0,0,0,0,0,0,0,0,0,0,0,0,0,0,0,0,0,0,0,0,0,0,0,0,0,0,0,0,0,0,0,0,0,0,0,0,0,0,0,0,0,0,25,122.55,154.6,97,100,7926,35,100.0,170,38,84,108,13.8,25.5
175600,12.7,25.6,0.000,9.711,86.9,303,63.67,0.00,0,1,0,0,0.00,0,0,10.94,2000,1,0,0,0,0,0,0,0,0,0,0,0,0,0,0,0,0,0,0,0,0,0,0,0,0,0,0,0,0,0,0,0,0,0,0,0,0,0,0,0,0,0,0,0,0,0,0,0,0,0,0,0,0,0,0,0,0,0,0,0,0,0,0,0,0,0,0,0,0,0,0,0,0,0,25,122.55,154.6,97,100,7930,35,100.0,170,38,84,108,13.8,25.5
175700,12.7,25.6,0.000,9.711,86.9,303,63.67,0.00,0,1,0,0,0.00,0,0,10.94,2000,1,0,0,0,0,0,0,0,0,0,0,0,0,0,0,0,0,0,0,0,0,0,0,0,0,0,0,0,0,0,0,0,0,0,0,0,0,0,0,0,0,0,0,0,0,0,0,0,0,0,0,0,0,0,0,0,0,0,0,0,0,0,0,0,0,0,0,0,0,0,0,0,0,0,25,122.55,154.6,97,100,7926,35,100.0,170,38,84,108,13.8,25.5
175800,12.7,25.6,0.000,9.711,86.9,303,63.67,0.00,0,1,0,0,0.00,0,0,10.94,2000,1,0,0,0,0,0,0,0,0,0,0,0,0,0,0,0,0,0,0,0,0,0,0,0,0,0,0,0,0,0,0,0,0,0,0,0,0,0,0,0,0,0,0,0,0,0,0,0,0,0,0,0,0,0,0,0,0,0,0,0,0,0,0,0,0,0,0,0,0,0,0,0,0,0,25,122.55,154.6,97,100,7908,35,100.0,170,38,84,109,13.8,25.5
175900,12.7,25.6,0.000,9.742,86.9,304,64.06,0.00,0,1,0,0,0.00,0,0,10.94,2000,1,0,0,0,0,0,0,0,0,0,0,0,0,0,0,0,0,0,0,0,0,0,0,0,0,0,0,0,0,0,0,0,0,0,0,0,0,0,0,0,0,0,0,0,0,0,0,0,0,0,0,0,0,0,0,0,0,0,0,0,0,0,0,0,0,0,0,0,0,0,0,0,0,0,25,122.55,154.6,97,100,7908,35,100.0,170,38,84,109,13.8,25.5
176000,12.7,25.6,0.000,9.742,86.9,304,64.06,0.00,0,1,0,0,0.00,0,0,10.94,2000,1,0,0,0,0,0,0,0,0,0,0,0,0,0,0,0,0,0,0,0,0,0,0,0,0,0,0,0,0,0,0,0,0,0,0,0,0,0,0,0,0,0,0,0,0,0,0,0,0,0,0,0,0,0,0,0,0,0,0,0,0,0,0,0,0,0,0,0,0,0,0,0,0,0,24,117.65,154.6,97,100,7908,35,100.0,170,38,84,109,13.8,25.5
176100,12.7,25.6,0.000,9.742,86.9,304,64.06,0.00,0,1,0,0,0.00,0,0,10.94,2000,1,0,0,0,0,0,0,0,0,0,0,0,0,0,0,0,0,0,0,0,0,0,0,0,0,0,0,0,0,0,0,0,0,0,0,0,0,0,0,0,0,0,0,0,0,0,0,0,0,0,0,0,0,0,0,0,0,0,0,0,0,0,0,0,0,0,0,0,0,0,0,0,0,0,24,117.65,154.6,97,100,7915,35,100.0,170,38,84,110,13.8,25.5
176200,12.7,25.6,0.000,9.742,86.9,304,64.06,0.00,0,1,0,0,0.00,0,0,10.94,2000,1,0,0,0,0,0,0,0,0,0,0,0,0,0,0,0,0,0,0,0,0,0,0,0,0,0,0,0,0,0,0,0,0,0,0,0,0,0,0,0,0,0,0,0,0,0,0,0,0,0,0,0,0,0,0,0,0,0,0,0,0,0,0,0,0,0,0,0,0,0,0,0,0,0,25,122.55,154.6,97,100,7919,35,100.0,170,38,84,108,13.8,25.5
176300,12.7,25.6,0.000,9.742,86.9,304,64.06,0.00,0,1,0,0,0.00,0,0,10.94,2000,1,0,0,0,0,0,0,0,0,0,0,0,0,0,0,0,0,0,0,0,0,0,0,0,0,0,0,0,0,0,0,0,0,0,0,0,0,0,0,0,0,0,0,0,0,0,0,0,0,0,0,0,0,0,0,0,0,0,0,0,0,0,0,0,0,0,0,0,0,0,0,0,0,0,25,122.55,155.4,98,100,7908,35,100.0,170,38,84,109,13.8,25.5
176400,12.7,25.6,0.000,9.742,86.9,304,64.06,0.00,0,1,0,0,0.00,0,0,10.94,2000,1,0,0,0,0,0,0,0,0,0,0,0,0,0,0,0,0,0,0,0,0,0,0,0,0,0,0,0,0,0,0,0,0,0,0,0,0,0,0,0,0,0,0,0,0,0,0,0,0,0,0,0,0,0,0,0,0,0,0,0,0,0,0,0,0,0,0,0,0,0,0,0,0,0,25,122.55,155.4,98,100,7923,35,100.0,170,38,84,109,13.8,25.5
176500,12.7,25.6,0.000,9.742,86.9,304,64.06,0.00,0,1,0,0,0.00,0,0,10.94,2000,1,0,0,0,0,0,0,0,0,0,0,0,0,0,0,0,0,0,0,0,0,0,0,0,0,0,0,0,0,0,0,0,0,0,0,0,0,0,0,0,0,0,0,0,0,0,0,0,0,0,0,0,0,0,0,0,0,0,0,0,0,0,0,0,0,0,0,0,0,0,0,0,0,0,25,122.55,155.4,98,100,7923,35,100.0,170,38,84,109,13.8,25.5
176600,12.7,25.6,0.000,9.742,86.9,304,64.06,0.00,0,1,0,0,0.00,0,0,10.94,2000,1,0,0,0,0,0,0,0,0,0,0,0,0,0,0,0,0,0,0,0,0,0,0,0,0,0,0,0,0,0,0,0,0,0,0,0,0,0,0,0,0,0,0,0,0,0,0,0,0,0,0,0,0,0,0,0,0,0,0,0,0,0,0,0,0,0,0,0,0,0,0,0,0,0,25,122.55,155.4,98,100,7930,35,100.0,170,38,84,110,13.8,25.5
176700,12.7,25.6,0.000,9.742,86.9,304,64.06,0.00,0,1,0,0,0.00,0,0,10.94,2000,1,0,0,0,0,0,0,0,0,0,0,0,0,0,0,0,0,0,0,0,0,0,0,0,0,0,0,0,0,0,0,0,0,0,0,0,0,0,0,0,0,0,0,0,0,0,0,0,0,0,0,0,0,0,0,0,0,0,0,0,0,0,0,0,0,0,0,0,0,0,0,0,0,0,25,122.55,155.4,98,100,7930,35,100.0,170,38,84,110,13.8,25.5
176800,12.7,25.6,0.000,9.742,86.9,304,64.06,0.00,0,1,0,0,0.00,0,0,10.94,2000,1,0,0,0,0,0,0,0,0,0,0,0,0,0,0,0,0,0,0,0,0,0,0,0,0,0,0,0,0,0,0,0,0,0,0,0,0,0,0,0,0,0,0,0,0,0,0,0,0,0,0,0,0,0,0,0,0,0,0,0,0,0,0,0,0,0,0,0,0,0,0,0,0,0,25,122.55,155.4,98,100,7944,35,100.0,170,38,84,110,13.8,25.5
176900,12.7,25.6,0.000,9.742,86.9,304,64.06,0.00,0,1,0,0,0.00,0,0,10.94,2000,1,0,0,0,0,0,0,0,0,0,0,0,0,0,0,0,0,0,0,0,0,0,0,0,0,0,0,0,0,0,0,0,0,0,0,0,0,0,0,0,0,0,0,0,0,0,0,0,0,0,0,0,0,0,0,0,0,0,0,0,0,0,0,0,0,0,0,0,0,0,0,0,0,0,25,122.55,155.4,98,100,7941,35,100.0,170,38,84,109,13.8,25.5
177000,12.7,25.6,0.000,9.742,86.9,304,64.06,0.00,0,1,0,0,0.00,0,0,10.94,2000,1,0,0,0,0,0,0,0,0,0,0,0,0,0,0,0,0,0,0,0,0,0,0,0,0,0,0,0,0,0,0,0,0,0,0,0,0,0,0,0,0,0,0,0,0,0,0,0,0,0,0,0,0,0,0,0,0,0,0,0,0,0,0,0,0,0,0,0,0,0,0,0,0,0,25,122.55,155.4,98,100,7941,35,100.0,170,38,84,109,13.8,25.5
177100,12.7,25.6,0.000,9.742,86.9,304,64.06,0.00,0,1,0,0,0.00,0,0,10.94,2000,1,0,0,0,0,0,0,0,0,0,0,0,0,0,0,0,0,0,0,0,0,0,0,0,0,0,0,0,0,0,0,0,0,0,0,0,0,0,0,0,0,0,0,0,0,0,0,0,0,0,0,0,0,0,0,0,0,0,0,0,0,0,0,0,0,0,0,0,0,0,0,0,0,0,25,122.55,155.4,98,100,7941,35,100.0,170,38,84,109,13.8,25.5
177200,12.7,25.6,0.000,9.742,86.9,304,64.45,0.00,0,1,0,0,0.00,0,0,10.94,2000,1,0,0,0,0,0,0,0,0,0,0,0,0,0,0,0,0,0,0,0,0,0,0,0,0,0,0,0,0,0,0,0,0,0,0,0,0,0,0,0,0,0,0,0,0,0,0,0,0,0,0,0,0,0,0,0,0,0,0,0,0,0,0,0,0,0,0,0,0,0,0,0,0,0,25,122.55,155.4,98,100,7952,35,100.0,170,38,84,110,13.8,25.5
177300,12.7,25.6,0.000,9.742,86.9,304,64.06,0.00,0,1,0,0,0.00,0,0,10.94,2000,1,0,0,0,0,0,0,0,0,0,0,0,0,0,0,0,0,0,0,0,0,0,0,0,0,0,0,0,0,0,0,0,0,0,0,0,0,0,0,0,0,0,0,0,0,0,0,0,0,0,0,0,0,0,0,0,0,0,0,0,0,0,0,0,0,0,0,0,0,0,0,0,0,0,25,122.55,156.2,98,100,7937,35,100.0,170,38,84,110,13.8,25.5
177400,12.7,25.6,0.000,9.742,86.9,304,64.06,0.00,0,1,0,0,0.00,0,0,10.94,2000,1,0,0,0,0,0,0,0,0,0,0,0,0,0,0,0,0,0,0,0,0,0,0,0,0,0,0,0,0,0,0,0,0,0,0,0,0,0,0,0,0,0,0,0,0,0,0,0,0,0,0,0,0,0,0,0,0,0,0,0,0,0,0,0,0,0,0,0,0,0,0,0,0,0,25,122.55,156.2,98,100,7959,35,100.0,170,38,84,110,13.8,25.5
177500,12.7,25.6,0.000,9.742,86.9,304,64.06,0.00,0,1,0,0,0.00,0,0,10.94,2000,1,0,0,0,0,0,0,0,0,0,0,0,0,0,0,0,0,0,0,0,0,0,0,0,0,0,0,0,0,0,0,0,0,0,0,0,0,0,0,0,0,0,0,0,0,0,0,0,0,0,0,0,0,0,0,0,0,0,0,0,0,0,0,0,0,0,0,0,0,0,0,0,0,0,25,122.55,156.2,98,100,7937,35,100.0,170,38,84,110,13.8,25.5
177600,12.7,25.6,0.000,9.742,86.9,304,64.06,0.00,0,1,0,0,0.00,0,0,10.94,2000,1,0,0,0,0,0,0,0,0,0,0,0,0,0,0,0,0,0,0,0,0,0,0,0,0,0,0,0,0,0,0,0,0,0,0,0,0,0,0,0,0,0,0,0,0,0,0,0,0,0,0,0,0,0,0,0,0,0,0,0,0,0,0,0,0,0,0,0,0,0,0,0,0,0,25,122.55,156.2,98,100,7963,35,100.0,170,38,84,110,13.8,25.5
177700,12.7,25.6,0.000,9.742,86.9,304,64.06,0.00,0,1,0,0,0.00,0,0,10.94,2000,1,0,0,0,0,0,0,0,0,0,0,0,0,0,0,0,0,0,0,0,0,0,0,0,0,0,0,0,0,0,0,0,0,0,0,0,0,0,0,0,0,0,0,0,0,0,0,0,0,0,0,0,0,0,0,0,0,0,0,0,0,0,0,0,0,0,0,0,0,0,0,0,0,0,26,127.45,156.2,98,100,7937,35,100.0,170,38,84,110,13.8,25.5
177800,12.7,25.6,0.000,9.742,86.9,304,64.06,0.00,0,1,0,0,0.00,0,0,10.94,2000,1,0,0,0,0,0,0,0,0,0,0,0,0,0,0,0,0,0,0,0,0,0,0,0,0,0,0,0,0,0,0,0,0,0,0,0,0,0,0,0,0,0,0,0,0,0,0,0,0,0,0,0,0,0,0,0,0,0,0,0,0,0,0,0,0,0,0,0,0,0,0,0,0,0,26,127.45,156.2,98,100,7937,35,100.0,170,38,84,110,13.8,25.5
177900,12.7,25.6,0.000,9.742,86.9,304,64.45,0.00,0,1,0,0,0.00,0,0,10.94,2000,1,0,0,0,0,0,0,0,0,0,0,0,0,0,0,0,0,0,0,0,0,0,0,0,0,0,0,0,0,0,0,0,0,0,0,0,0,0,0,0,0,0,0,0,0,0,0,0,0,0,0,0,0,0,0,0,0,0,0,0,0,0,0,0,0,0,0,0,0,0,0,0,0,0,26,127.45,156.2,98,100,7948,35,100.0,170,38,84,110,13.8,25.5
178000,12.7,25.6,0.000,9.742,86.9,304,64.45,0.00,0,1,0,0,0.00,0,0,10.94,2000,1,0,0,0,0,0,0,0,0,0,0,0,0,0,0,0,0,0,0,0,0,0,0,0,0,0,0,0,0,0,0,0,0,0,0,0,0,0,0,0,0,0,0,0,0,0,0,0,0,0,0,0,0,0,0,0,0,0,0,0,0,0,0,0,0,0,0,0,0,0,0,0,0,0,26,127.45,156.2,98,100,7948,35,100.0,170,38,84,110,13.8,25.5
178100,12.7,25.6,0.000,9.742,86.9,304,64.45,0.00,0,1,0,0,0.00,0,0,10.94,2000,1,0,0,0,0,0,0,0,0,0,0,0,0,0,0,0,0,0,0,0,0,0,0,0,0,0,0,0,0,0,0,0,0,0,0,0,0,0,0,0,0,0,0,0,0,0,0,0,0,0,0,0,0,0,0,0,0,0,0,0,0,0,0,0,0,0,0,0,0,0,0,0,0,0,26,127.45,156.2,98,100,7941,35,100.0,170,38,84,110,13.8,25.5
178200,12.7,25.6,0.000,9.742,86.9,304,64.06,0.00,0,1,0,0,0.00,0,0,10.94,2000,1,0,0,0,0,0,0,0,0,0,0,0,0,0,0,0,0,0,0,0,0,0,0,0,0,0,0,0,0,0,0,0,0,0,0,0,0,0,0,0,0,0,0,0,0,0,0,0,0,0,0,0,0,0,0,0,0,0,0,0,0,0,0,0,0,0,0,0,0,0,0,0,0,0,26,127.45,156.2,98,100,7930,35,100.0,170,38,84,110,13.9,25.5
178300,12.7,25.6,0.000,9.742,86.9,304,64.06,0.00,0,1,0,0,0.00,0,0,10.94,2000,1,0,0,0,0,0,0,0,0,0,0,0,0,0,0,0,0,0,0,0,0,0,0,0,0,0,0,0,0,0,0,0,0,0,0,0,0,0,0,0,0,0,0,0,0,0,0,0,0,0,0,0,0,0,0,0,0,0,0,0,0,0,0,0,0,0,0,0,0,0,0,0,0,0,24,117.65,156.5,97,100,7923,35,100.0,170,38,84,110,13.8,25.5
178400,12.7,25.6,0.000,9.742,86.9,304,64.06,0.00,0,1,0,0,0.00,0,0,10.94,2000,1,0,0,0,0,0,0,0,0,0,0,0,0,0,0,0,0,0,0,0,0,0,0,0,0,0,0,0,0,0,0,0,0,0,0,0,0,0,0,0,0,0,0,0,0,0,0,0,0,0,0,0,0,0,0,0,0,0,0,0,0,0,0,0,0,0,0,0,0,0,0,0,0,0,25,122.55,156.5,97,100,7934,35,100.0,170,38,84,110,13.9,25.5
178500,12.7,25.6,0.000,9.742,86.9,304,64.06,0.00,0,1,0,0,0.00,0,0,10.94,2000,1,0,0,0,0,0,0,0,0,0,0,0,0,0,0,0,0,0,0,0,0,0,0,0,0,0,0,0,0,0,0,0,0,0,0,0,0,0,0,0,0,0,0,0,0,0,0,0,0,0,0,0,0,0,0,0,0,0,0,0,0,0,0,0,0,0,0,0,0,0,0,0,0,0,25,122.55,156.5,97,100,7934,35,100.0,170,38,84,110,13.9,25.5
178600,12.7,25.6,0.000,9.742,86.9,304,64.06,0.00,0,1,0,0,0.00,0,0,10.94,2000,1,0,0,0,0,0,0,0,0,0,0,0,0,0,0,0,0,0,0,0,0,0,0,0,0,0,0,0,0,0,0,0,0,0,0,0,0,0,0,0,0,0,0,0,0,0,0,0,0,0,0,0,0,0,0,0,0,0,0,0,0,0,0,0,0,0,0,0,0,0,0,0,0,0,25,122.55,156.5,97,100,7930,35,100.0,170,38,84,110,13.9,25.5
178700,12.7,25.6,0.000,9.742,86.9,304,64.06,0.00,0,1,0,0,0.00,0,0,10.94,2000,1,0,0,0,0,0,0,0,0,0,0,0,0,0,0,0,0,0,0,0,0,0,0,0,0,0,0,0,0,0,0,0,0,0,0,0,0,0,0,0,0,0,0,0,0,0,0,0,0,0,0,0,0,0,0,0,0,0,0,0,0,0,0,0,0,0,0,0,0,0,0,0,0,0,25,122.55,156.5,97,100,7930,35,100.0,170,38,84,110,13.9,25.5
178800,12.7,25.6,0.000,9.742,86.9,304,64.06,0.00,0,1,0,0,0.00,0,0,10.94,2000,1,0,0,0,0,0,0,0,0,0,0,0,0,0,0,0,0,0,0,0,0,0,0,0,0,0,0,0,0,0,0,0,0,0,0,0,0,0,0,0,0,0,0,0,0,0,0,0,0,0,0,0,0,0,0,0,0,0,0,0,0,0,0,0,0,0,0,0,0,0,0,0,0,0,26,127.45,156.5,97,100,7937,35,100.0,170,38,84,110,13.8,25.5
178900,12.7,25.6,0.000,9.711,86.9,303,64.06,0.00,0,1,0,0,0.00,0,0,10.94,2000,1,0,0,0,0,0,0,0,0,0,0,0,0,0,0,0,0,0,0,0,0,0,0,0,0,0,0,0,0,0,0,0,0,0,0,0,0,0,0,0,0,0,0,0,0,0,0,0,0,0,0,0,0,0,0,0,0,0,0,0,0,0,0,0,0,0,0,0,0,0,0,0,0,0,25,122.55,156.5,97,100,7919,35,100.0,170,38,84,110,13.8,25.5
179000,12.7,25.6,0.000,9.711,86.9,303,64.06,0.00,0,1,0,0,0.00,0,0,10.94,2000,1,0,0,0,0,0,0,0,0,0,0,0,0,0,0,0,0,0,0,0,0,0,0,0,0,0,0,0,0,0,0,0,0,0,0,0,0,0,0,0,0,0,0,0,0,0,0,0,0,0,0,0,0,0,0,0,0,0,0,0,0,0,0,0,0,0,0,0,0,0,0,0,0,0,25,122.55,156.5,97,100,7919,35,100.0,170,38,84,110,13.8,25.5
179100,12.7,25.6,0.000,9.742,86.9,304,64.06,0.00,0,1,0,0,0.00,0,0,10.94,2000,1,0,0,0,0,0,0,0,0,0,0,0,0,0,0,0,0,0,0,0,0,0,0,0,0,0,0,0,0,0,0,0,0,0,0,0,0,0,0,0,0,0,0,0,0,0,0,0,0,0,0,0,0,0,0,0,0,0,0,0,0,0,0,0,0,0,0,0,0,0,0,0,0,0,25,122.55,156.5,97,100,7937,35,100.0,170,38,84,109,13.8,25.5
179200,12.7,25.6,0.000,9.742,86.9,304,64.06,0.00,0,1,0,0,0.00,0,0,10.94,2000,1,0,0,0,0,0,0,0,0,0,0,0,0,0,0,0,0,0,0,0,0,0,0,0,0,0,0,0,0,0,0,0,0,0,0,0,0,0,0,0,0,0,0,0,0,0,0,0,0,0,0,0,0,0,0,0,0,0,0,0,0,0,0,0,0,0,0,0,0,0,0,0,0,0,25,122.55,156.5,97,100,7937,35,100.0,170,38,84,109,13.8,25.5
179300,12.7,25.6,0.000,9.742,86.9,304,64.06,0.00,0,1,0,0,0.00,0,0,10.94,2000,1,0,0,0,0,0,0,0,0,0,0,0,0,0,0,0,0,0,0,0,0,0,0,0,0,0,0,0,0,0,0,0,0,0,0,0,0,0,0,0,0,0,0,0,0,0,0,0,0,0,0,0,0,0,0,0,0,0,0,0,0,0,0,0,0,0,0,0,0,0,0,0,0,0,25,122.55,157.2,98,100,7934,35,100.0,170,38,84,110,13.8,25.5
179400,12.7,25.6,0.000,9.711,86.9,303,63.67,0.00,0,1,0,0,0.00,0,0,10.94,2000,1,0,0,0,0,0,0,0,0,0,0,0,0,0,0,0,0,0,0,0,0,0,0,0,0,0,0,0,0,0,0,0,0,0,0,0,0,0,0,0,0,0,0,0,0,0,0,0,0,0,0,0,0,0,0,0,0,0,0,0,0,0,0,0,0,0,0,0,0,0,0,0,0,0,26,127.45,157.2,98,100,7930,35,100.0,170,38,84,110,13.8,25.5
179500,12.7,25.6,0.000,9.711,86.9,303,63.67,0.00,0,1,0,0,0.00,0,0,10.94,2000,1,0,0,0,0,0,0,0,0,0,0,0,0,0,0,0,0,0,0,0,0,0,0,0,0,0,0,0,0,0,0,0,0,0,0,0,0,0,0,0,0,0,0,0,0,0,0,0,0,0,0,0,0,0,0,0,0,0,0,0,0,0,0,0,0,0,0,0,0,0,0,0,0,0,26,127.45,157.2,98,100,7919,35,100.0,170,38,84,110,13.8,25.5
179600,12.7,25.6,0.000,9.742,86.9,304,64.06,0.00,0,1,0,0,0.00,0,0,10.94,2000,1,0,0,0,0,0,0,0,0,0,0,0,0,0,0,0,0,0,0,0,0,0,0,0,0,0,0,0,0,0,0,0,0,0,0,0,0,0,0,0,0,0,0,0,0,0,0,0,0,0,0,0,0,0,0,0,0,0,0,0,0,0,0,0,0,0,0,0,0,0,0,0,0,0,26,127.45,157.2,98,100,7934,35,100.0,170,38,84,110,13.8,25.5
179700,12.7,25.6,0.000,9.742,86.9,304,64.06,0.00,0,1,0,0,0.00,0,0,10.94,2000,1,0,0,0,0,0,0,0,0,0,0,0,0,0,0,0,0,0,0,0,0,0,0,0,0,0,0,0,0,0,0,0,0,0,0,0,0,0,0,0,0,0,0,0,0,0,0,0,0,0,0,0,0,0,0,0,0,0,0,0,0,0,0,0,0,0,0,0,0,0,0,0,0,0,26,127.45,157.2,98,100,7934,35,100.0,170,38,84,110,13.8,25.5
179800,12.7,25.6,0.000,9.742,86.9,304,64.06,0.00,0,1,0,0,0.00,0,0,10.94,2000,1,0,0,0,0,0,0,0,0,0,0,0,0,0,0,0,0,0,0,0,0,0,0,0,0,0,0,0,0,0,0,0,0,0,0,0,0,0,0,0,0,0,0,0,0,0,0,0,0,0,0,0,0,0,0,0,0,0,0,0,0,0,0,0,0,0,0,0,0,0,0,0,0,0,25,122.55,157.2,98,100,7923,35,100.0,170,38,84,110,13.8,25.5
179900,12.7,25.6,0.000,9.742,86.9,304,64.06,0.00,0,1,0,0,0.00,0,0,10.94,2000,1,0,0,0,0,0,0,0,0,0,0,0,0,0,0,0,0,0,0,0,0,0,0,0,0,0,0,0,0,0,0,0,0,0,0,0,0,0,0,0,0,0,0,0,0,0,0,0,0,0,0,0,0,0,0,0,0,0,0,0,0,0,0,0,0,0,0,0,0,0,0,0,0,0,25,122.55,157.2,98,100,7915,35,100.0,170,38,84,109,13.9,25.5
180000,12.7,25.6,0.000,9.742,86.9,304,64.06,0.00,0,1,0,0,0.00,0,0,10.94,2000,1,0,0,0,0,0,0,0,0,0,0,0,0,0,0,0,0,0,0,0,0,0,0,0,0,0,0,0,0,0,0,0,0,0,0,0,0,0,0,0,0,0,0,0,0,0,0,0,0,0,0,0,0,0,0,0,0,0,0,0,0,0,0,0,0,0,0,0,0,0,0,0,0,0,26,127.45,157.2,98,100,7915,35,100.0,170,38,84,110,13.8,25.5
180100,12.7,25.6,0.000,9.711,86.9,303,64.06,0.00,0,1,0,0,0.00,0,0,10.94,2000,1,0,0,0,0,0,0,0,0,0,0,0,0,0,0,0,0,0,0,0,0,0,0,0,0,0,0,0,0,0,0,0,0,0,0,0,0,0,0,0,0,0,0,0,0,0,0,0,0,0,0,0,0,0,0,0,0,0,0,0,0,0,0,0,0,0,0,0,0,0,0,0,0,0,26,127.45,157.2,98,100,7919,35,100.0,170,38,84,110,13.8,25.5
180200,12.7,25.6,0.000,9.711,86.9,303,64.06,0.00,0,1,0,0,0.00,0,0,10.94,2000,1,0,0,0,0,0,0,0,0,0,0,0,0,0,0,0,0,0,0,0,0,0,0,0,0,0,0,0,0,0,0,0,0,0,0,0,0,0,0,0,0,0,0,0,0,0,0,0,0,0,0,0,0,0,0,0,0,0,0,0,0,0,0,0,0,0,0,0,0,0,0,0,0,0,26,127.45,157.2,98,100,7919,35,100.0,170,38,84,110,13.8,25.5
180300,12.7,25.6,0.000,9.742,86.9,304,64.06,0.00,0,1,0,0,0.00,0,0,10.94,2000,1,0,0,0,0,0,0,0,0,0,0,0,0,0,0,0,0,0,0,0,0,0,0,0,0,0,0,0,0,0,0,0,0,0,0,0,0,0,0,0,0,0,0,0,0,0,0,0,0,0,0,0,0,0,0,0,0,0,0,0,0,0,0,0,0,0,0,0,0,0,0,0,0,0,25,122.55,157.9,98,100,7905,35,100.0,170,38,84,110,13.9,25.5
180400,12.7,25.6,0.000,9.711,86.9,303,63.67,0.00,0,1,0,0,0.00,0,0,10.94,2000,1,0,0,0,0,0,0,0,0,0,0,0,0,0,0,0,0,0,0,0,0,0,0,0,0,0,0,0,0,0,0,0,0,0,0,0,0,0,0,0,0,0,0,0,0,0,0,0,0,0,0,0,0,0,0,0,0,0,0,0,0,0,0,0,0,0,0,0,0,0,0,0,0,0,25,122.55,157.9,98,100,7905,35,100.0,170,38,84,110,13.9,25.5
180500,12.7,25.6,0.000,9.742,86.9,304,64.06,0.00,0,1,0,0,0.00,0,0,10.94,2000,1,0,0,0,0,0,0,0,0,0,0,0,0,0,0,0,0,0,0,0,0,0,0,0,0,0,0,0,0,0,0,0,0,0,0,0,0,0,0,0,0,0,0,0,0,0,0,0,0,0,0,0,0,0,0,0,0,0,0,0,0,0,0,0,0,0,0,0,0,0,0,0,0,0,26,127.45,157.9,98,100,7930,35,98.8,168,38,85,110,13.8,25.5
180600,12.8,25.6,0.000,8.213,61.9,321,53.91,0.00,0,0,0,0,0.00,0,0,10.94,2000,0,0,0,0,0,0,0,0,0,0,0,0,0,0,0,0,0,0,0,0,0,0,0,0,0,0,0,0,0,0,0,0,0,0,0,0,0,0,0,0,0,0,0,0,0,0,0,0,0,0,0,0,0,0,0,0,0,0,0,0,0,0,0,0,0,0,0,0,0,0,0,0,0,0,26,127.45,157.9,98,100,7887,35,37.6,64,38,85,109,13.8,25.5
180700,12.8,25.6,0.000,8.213,61.9,321,53.91,0.00,0,0,0,0,0.00,0,0,10.94,2000,0,0,0,0,0,0,0,0,0,0,0,0,0,0,0,0,0,0,0,0,0,0,0,0,0,0,0,0,0,0,0,0,0,0,0,0,0,0,0,0,0,0,0,0,0,0,0,0,0,0,0,0,0,0,0,0,0,0,0,0,0,0,0,0,0,0,0,0,0,0,0,0,0,0,26,127.45,157.9,98,100,7887,35,37.6,64,38,85,109,13.8,25.5
180800,13.0,25.6,0.000,3.536,33.0,290,21.09,0.00,0,0,0,0,0.00,0,0,10.94,2000,0,0,0,0,0,0,0,0,0,0,0,0,0,0,0,0,0,0,0,0,0,0,0,0,0,0,0,0,0,0,0,0,0,0,0,0,0,0,0,0,0,0,0,0,0,0,0,0,0,0,0,0,0,0,0,0,0,0,0,0,0,0,0,0,0,0,0,0,0,0,0,0,0,0,26,127.45,157.9,98,100,6693,15,0.4,1,38,85,109,13.9,25.5
180900,13.3,25.6,0.000,3.577,35.3,283,19.53,0.00,0,0,0,0,0.00,0,0,10.94,2000,0,0,0,0,0,0,0,0,0,0,0,0,0,0,0,0,0,0,0,0,0,0,0,0,0,0,0,0,0,0,0,0,0,0,0,0,0,0,0,0,0,0,0,0,0,0,0,0,0,0,0,0,0,0,0,0,0,0,0,0,0,0,0,0,0,0,0,0,0,0,0,0,0,0,25,122.55,157.9,98,100,6582,15,0.4,1,38,85,107,14.0,25.5
181000,13.3,25.6,0.000,3.577,35.3,283,19.53,0.00,0,0,0,0,0.00,0,0,10.94,2000,0,0,0,0,0,0,0,0,0,0,0,0,0,0,0,0,0,0,0,0,0,0,0,0,0,0,0,0,0,0,0,0,0,0,0,0,0,0,0,0,0,0,0,0,0,0,0,0,0,0,0,0,0,0,0,0,0,0,0,0,0,0,0,0,0,0,0,0,0,0,0,0,0,0,25,122.55,157.9,98,100,6582,15,0.4,1,38,85,107,14.0,25.5
181100,13.3,25.6,0.000,3.626,36.1,281,19.14,0.00,0,0,0,0,0.00,0,0,10.94,2000,0,0,0,0,0,0,0,0,0,0,0,0,0,0,0,0,0,0,0,0,0,0,0,0,0,0,0,0,0,0,0,0,0,0,0,0,0,0,0,0,0,0,0,0,0,0,0,0,0,0,0,0,0,0,0,0,0,0,0,0,0,0,0,0,0,0,0,0,0,0,0,0,0,0,26,127.45,157.9,98,100,6322,15,0.4,1,38,85,107,13.9,25.5
181200,13.3,25.6,0.000,3.601,36.5,277,18.75,0.00,0,0,0,0,0.00,0,0,10.94,2000,0,0,0,0,0,0,0,0,0,0,0,0,0,0,0,0,0,0,0,0,0,0,0,0,0,0,0,0,0,0,0,0,0,0,0,0,0,0,0,0,0,0,0,0,0,0,0,0,0,0,0,0,0,0,0,0,0,0,0,0,0,0,0,0,0,0,0,0,0,0,0,0,0,0,26,127.45,159.7,97,100,6306,15,0.4,1,38,85,106,13.9,25.5
181300,13.3,25.6,0.000,3.601,36.5,277,18.75,0.00,0,0,0,0,0.00,0,0,10.94,2000,0,0,0,0,0,0,0,0,0,0,0,0,0,0,0,0,0,0,0,0,0,0,0,0,0,0,0,0,0,0,0,0,0,0,0,0,0,0,0,0,0,0,0,0,0,0,0,0,0,0,0,0,0,0,0,0,0,0,0,0,0,0,0,0,0,0,0,0,0,0,0,0,0,0,26,127.45,159.7,97,100,6306,15,0.4,1,38,85,106,13.9,25.5
181400,13.3,25.6,0.000,3.612,36.9,275,18.75,0.00,0,0,0,0,0.00,0,0,10.94,2000,0,0,0,0,0,0,0,0,0,0,0,0,0,0,0,0,0,0,0,0,0,0,0,0,0,0,0,0,0,0,0,0,0,0,0,0,0,0,0,0,0,0,0,0,0,0,0,0,0,0,0,0,0,0,0,0,0,0,0,0,0,0,0,0,0,0,0,0,0,0,0,0,0,0,26,127.45,159.7,97,100,6223,15,0.4,1,38,85,105,13.9,25.5
181500,13.3,25.6,0.000,3.574,36.9,273,18.36,0.00,0,0,0,0,0.00,0,0,10.94,2000,0,0,0,0,0,0,0,0,0,0,0,0,0,0,0,0,0,0,0,0,0,0,0,0,0,0,0,0,0,0,0,0,0,0,0,0,0,0,0,0,0,0,0,0,0,0,0,0,0,0,0,0,0,0,0,0,0,0,0,0,0,0,0,0,0,0,0,0,0,0,0,0,0,0,26,127.45,159.7,97,100,6223,15,0.4,1,38,85,105,13.9,25.5
181600,13.3,25.6,0.000,3.549,37.3,271,17.97,0.00,0,0,0,0,0.00,0,0,10.94,2000,0,0,0,0,0,0,0,0,0,0,0,0,0,0,0,0,0,0,0,0,0,0,0,0,0,0,0,0,0,0,0,0,0,0,0,0,0,0,0,0,0,0,0,0,0,0,0,0,0,0,0,0,0,0,0,0,0,0,0,0,0,0,0,0,0,0,0,0,0,0,0,0,0,0,26,127.45,159.7,97,100,6180,16,0.4,1,38,85,103,13.9,25.5
181700,13.3,25.6,0.000,3.525,37.3,266,17.97,0.00,0,0,0,0,0.00,0,0,10.94,2000,0,0,0,0,0,0,0,0,0,0,0,0,0,0,0,0,0,0,0,0,0,0,0,0,0,0,0,0,0,0,0,0,0,0,0,0,0,0,0,0,0,0,0,0,0,0,0,0,0,0,0,0,0,0,0,0,0,0,0,0,0,0,0,0,0,0,0,0,0,0,0,0,0,0,26,127.45,159.7,97,100,6139,16,0.4,1,38,85,103,13.9,25.5
181800,13.3,25.6,0.000,3.525,37.3,266,17.97,0.00,0,0,0,0,0.00,0,0,10.94,2000,0,0,0,0,0,0,0,0,0,0,0,0,0,0,0,0,0,0,0,0,0,0,0,0,0,0,0,0,0,0,0,0,0,0,0,0,0,0,0,0,0,0,0,0,0,0,0,0,0,0,0,0,0,0,0,0,0,0,0,0,0,0,0,0,0,0,0,0,0,0,0,0,0,0,26,127.45,159.7,97,100,6139,16,0.4,1,38,85,103,13.9,25.5
181900,13.3,25.6,0.000,3.515,37.3,265,17.58,0.00,0,0,0,0,0.00,0,0,10.94,2000,0,0,0,0,0,0,0,0,0,0,0,0,0,0,0,0,0,0,0,0,0,0,0,0,0,0,0,0,0,0,0,0,0,0,0,0,0,0,0,0,0,0,0,0,0,0,0,0,0,0,0,0,0,0,0,0,0,0,0,0,0,0,0,0,0,0,0,0,0,0,0,0,0,0,26,127.45,159.7,97,100,6113,16,0.4,1,38,85,103,14.0,25.5
182000,13.3,25.6,0.000,3.487,37.7,259,17.58,0.00,0,0,0,0,0.00,0,0,10.94,2000,0,0,0,0,0,0,0,0,0,0,0,0,0,0,0,0,0,0,0,0,0,0,0,0,0,0,0,0,0,0,0,0,0,0,0,0,0,0,0,0,0,0,0,0,0,0,0,0,0,0,0,0,0,0,0,0,0,0,0,0,0,0,0,0,0,0,0,0,0,0,0,0,0,0,25,122.55,159.7,97,100,6074,18,0.4,1,38,85,101,13.9,25.5
182100,13.3,25.6,0.000,3.473,37.7,258,17.19,0.00,0,0,0,0,0.00,0,0,10.94,2000,0,0,0,0,0,0,0,0,0,0,0,0,0,0,0,0,0,0,0,0,0,0,0,0,0,0,0,0,0,0,0,0,0,0,0,0,0,0,0,0,0,0,0,0,0,0,0,0,0,0,0,0,0,0,0,0,0,0,0,0,0,0,0,0,0,0,0,0,0,0,0,0,0,0,25,122.55,159.7,97,100,6053,18,0.4,1,38,85,100,13.9,25.5
182200,13.3,25.6,0.000,3.473,37.7,258,17.19,0.00,0,0,0,0,0.00,0,0,10.94,2000,0,0,0,0,0,0,0,0,0,0,0,0,0,0,0,0,0,0,0,0,0,0,0,0,0,0,0,0,0,0,0,0,0,0,0,0,0,0,0,0,0,0,0,0,0,0,0,0,0,0,0,0,0,0,0,0,0,0,0,0,0,0,0,0,0,0,0,0,0,0,0,0,0,0,26,127.45,160.5,95,100,6028,18,0.4,1,38,85,100,13.9,25.5
182300,13.3,25.6,0.000,3.473,37.7,258,17.19,0.00,0,0,0,0,0.00,0,0,10.94,2000,0,0,0,0,0,0,0,0,0,0,0,0,0,0,0,0,0,0,0,0,0,0,0,0,0,0,0,0,0,0,0,0,0,0,0,0,0,0,0,0,0,0,0,0,0,0,0,0,0,0,0,0,0,0,0,0,0,0,0,0,0,0,0,0,0,0,0,0,0,0,0,0,0,0,26,127.45,160.5,95,100,6007,18,0.4,1,38,85,99,13.9,25.5
182400,13.3,25.6,0.000,3.432,37.7,252,16.80,0.00,0,0,0,0,0.00,0,0,10.94,2000,0,0,0,0,0,0,0,0,0,0,0,0,0,0,0,0,0,0,0,0,0,0,0,0,0,0,0,0,0,0,0,0,0,0,0,0,0,0,0,0,0,0,0,0,0,0,0,0,0,0,0,0,0,0,0,0,0,0,0,0,0,0,0,0,0,0,0,0,0,0,0,0,0,0,26,127.45,160.5,95,100,5984,19,0.4,1,38,85,98,13.9,25.5
182500,13.3,25.6,0.000,3.432,37.7,252,16.80,0.00,0,0,0,0,0.00,0,0,10.94,2000,0,0,0,0,0,0,0,0,0,0,0,0,0,0,0,0,0,0,0,0,0,0,0,0,0,0,0,0,0,0,0,0,0,0,0,0,0,0,0,0,0,0,0,0,0,0,0,0,0,0,0,0,0,0,0,0,0,0,0,0,0,0,0,0,0,0,0,0,0,0,0,0,0,0,26,127.45,160.5,95,100,5984,19,0.4,1,38,85,98,13.9,25.5
182600,13.3,25.6,0.000,3.387,37.7,250,16.80,0.00,0,0,0,0,0.00,0,0,10.94,2000,0,0,0,0,0,0,0,0,0,0,0,0,0,0,0,0,0,0,0,0,0,0,0,0,0,0,0,0,0,0,0,0,0,0,0,0,0,0,0,0,0,0,0,0,0,0,0,0,0,0,0,0,0,0,0,0,0,0,0,0,0,0,0,0,0,0,0,0,0,0,0,0,0,0,26,127.45,160.5,95,100,5962,19,0.4,1,38,85,96,14.0,25.5
182700,13.3,25.6,0.000,3.366,38.4,246,16.41,0.00,0,0,0,0,0.00,0,0,10.94,2000,0,0,0,0,0,0,0,0,0,0,0,0,0,0,0,0,0,0,0,0,0,0,0,0,0,0,0,0,0,0,0,0,0,0,0,0,0,0,0,0,0,0,0,0,0,0,0,0,0,0,0,0,0,0,0,0,0,0,0,0,0,0,0,0,0,0,0,0,0,0,0,0,0,0,26,127.45,160.5,95,100,5935,19,0.4,1,38,85,95,14.0,25.5
182800,13.3,25.6,0.000,3.352,38.0,245,16.41,0.00,0,0,0,0,0.00,0,0,10.94,2000,0,0,0,0,0,0,0,0,0,0,0,0,0,0,0,0,0,0,0,0,0,0,0,0,0,0,0,0,0,0,0,0,0,0,0,0,0,0,0,0,0,0,0,0,0,0,0,0,0,0,0,0,0,0,0,0,0,0,0,0,0,0,0,0,0,0,0,0,0,0,0,0,0,0,26,127.45,160.5,95,100,5919,20,0.4,1,38,85,94,14.0,25.5
182900,13.3,25.6,0.000,3.352,38.0,245,16.41,0.00,0,0,0,0,0.00,0,0,10.94,2000,0,0,0,0,0,0,0,0,0,0,0,0,0,0,0,0,0,0,0,0,0,0,0,0,0,0,0,0,0,0,0,0,0,0,0,0,0,0,0,0,0,0,0,0,0,0,0,0,0,0,0,0,0,0,0,0,0,0,0,0,0,0,0,0,0,0,0,0,0,0,0,0,0,0,26,127.45,160.5,95,100,5919,20,0.4,1,38,85,94,14.0,25.5
183000,13.3,25.6,0.000,3.342,38.4,243,16.02,0.00,0,0,0,0,0.00,0,0,10.94,2000,0,0,0,0,0,0,0,0,0,0,0,0,0,0,0,0,0,0,0,0,0,0,0,0,0,0,0,0,0,0,0,0,0,0,0,0,0,0,0,0,0,0,0,0,0,0,0,0,0,0,0,0,0,0,0,0,0,0,0,0,0,0,0,0,0,0,0,0,0,0,0,0,0,0,26,127.45,160.5,95,100,5873,20,0.4,1,38,85,92,13.9,25.5
183100,13.3,25.6,0.000,3.342,38.4,243,16.02,0.00,0,0,0,0,0.00,0,0,10.94,2000,0,0,0,0,0,0,0,0,0,0,0,0,0,0,0,0,0,0,0,0,0,0,0,0,0,0,0,0,0,0,0,0,0,0,0,0,0,0,0,0,0,0,0,0,0,0,0,0,0,0,0,0,0,0,0,0,0,0,0,0,0,0,0,0,0,0,0,0,0,0,0,0,0,0,26,127.45,160.5,95,100,5873,20,0.4,1,38,85,92,13.9,25.5
183200,13.3,25.6,0.000,3.304,38.8,240,16.02,0.00,0,0,0,0,0.00,0,0,10.94,2000,0,0,0,0,0,0,0,0,0,0,0,0,0,0,0,0,0,0,0,0,0,0,0,0,0,0,0,0,0,0,0,0,0,0,0,0,0,0,0,0,0,0,0,0,0,0,0,0,0,0,0,0,0,0,0,0,0,0,0,0,0,0,0,0,0,0,0,0,0,0,0,0,0,0,25,122.55,161.3,91,100,5843,21,0.4,1,38,85,91,13.9,25.5
183300,13.3,25.6,0.000,3.293,38.4,239,15.62,0.00,0,0,0,0,0.00,0,0,10.94,2000,0,0,0,0,0,0,0,0,0,0,0,0,0,0,0,0,0,0,0,0,0,0,0,0,0,0,0,0,0,0,0,0,0,0,0,0,0,0,0,0,0,0,0,0,0,0,0,0,0,0,0,0,0,0,0,0,0,0,0,0,0,0,0,0,0,0,0,0,0,0,0,0,0,0,26,127.45,161.3,91,100,5820,21,0.4,1,38,85,92,13.9,25.5
183400,13.3,25.6,0.000,3.293,38.4,239,15.62,0.00,0,0,0,0,0.00,0,0,10.94,2000,0,0,0,0,0,0,0,0,0,0,0,0,0,0,0,0,0,0,0,0,0,0,0,0,0,0,0,0,0,0,0,0,0,0,0,0,0,0,0,0,0,0,0,0,0,0,0,0,0,0,0,0,0,0,0,0,0,0,0,0,0,0,0,0,0,0,0,0,0,0,0,0,0,0,26,127.45,161.3,91,100,5790,20,0.4,1,38,85,90,14.0,25.5
183500,13.3,25.6,0.000,3.248,38.8,234,15.62,0.00,0,0,0,0,0.00,0,0,10.94,2000,0,0,0,0,0,0,0,0,0,0,0,0,0,0,0,0,0,0,0,0,0,0,0,0,0,0,0,0,0,0,0,0,0,0,0,0,0,0,0,0,0,0,0,0,0,0,0,0,0,0,0,0,0,0,0,0,0,0,0,0,0,0,0,0,0,0,0,0,0,0,0,0,0,0,26,127.45,161.3,91,100,5781,21,0.4,1,38,85,89,14.0,25.5
183600,13.3,25.6,0.000,3.248,38.8,234,15.62,0.00,0,0,0,0,0.00,0,0,10.94,2000,0,0,0,0,0,0,0,0,0,0,0,0,0,0,0,0,0,0,0,0,0,0,0,0,0,0,0,0,0,0,0,0,0,0,0,0,0,0,0,0,0,0,0,0,0,0,0,0,0,0,0,0,0,0,0,0,0,0,0,0,0,0,0,0,0,0,0,0,0,0,0,0,0,0,26,127.45,161.3,91,100,5781,21,0.4,1,38,85,89,14.0,25.5
183700,13.3,25.6,0.000,3.248,38.8,234,15.23,0.00,0,0,0,0,0.00,0,0,10.94,2000,0,0,0,0,0,0,0,0,0,0,0,0,0,0,0,0,0,0,0,0,0,0,0,0,0,0,0,0,0,0,0,0,0,0,0,0,0,0,0,0,0,0,0,0,0,0,0,0,0,0,0,0,0,0,0,0,0,0,0,0,0,0,0,0,0,0,0,0,0,0,0,0,0,0,26,127.45,161.3,91,100,5750,21,0.4,1,38,85,89,14.0,25.5
183800,13.3,25.6,0.000,3.242,39.2,230,15.23,0.00,0,0,0,0,0.00,0,0,10.94,2000,0,0,0,0,0,0,0,0,0,0,0,0,0,0,0,0,0,0,0,0,0,0,0,0,0,0,0,0,0,0,0,0,0,0,0,0,0,0,0,0,0,0,0,0,0,0,0,0,0,0,0,0,0,0,0,0,0,0,0,0,0,0,0,0,0,0,0,0,0,0,0,0,0,0,26,127.45,161.3,91,100,5727,23,0.4,1,38,85,88,13.9,25.5
183900,13.3,25.6,0.000,3.214,38.8,228,15.23,0.00,0,0,0,0,0.00,0,0,10.94,2000,0,0,0,0,0,0,0,0,0,0,0,0,0,0,0,0,0,0,0,0,0,0,0,0,0,0,0,0,0,0,0,0,0,0,0,0,0,0,0,0,0,0,0,0,0,0,0,0,0,0,0,0,0,0,0,0,0,0,0,0,0,0,0,0,0,0,0,0,0,0,0,0,0,0,26,127.45,161.3,91,100,5710,23,0.4,1,38,85,85,13.9,25.5
184000,13.3,25.6,0.000,3.203,39.2,227,14.84,0.00,0,0,0,0,0.00,0,0,10.94,2000,0,0,0,0,0,0,0,0,0,0,0,0,0,0,0,0,0,0,0,0,0,0,0,0,0,0,0,0,0,0,0,0,0,0,0,0,0,0,0,0,0,0,0,0,0,0,0,0,0,0,0,0,0,0,0,0,0,0,0,0,0,0,0,0,0,0,0,0,0,0,0,0,0,0,25,122.55,161.3,91,100,5662,23,0.4,1,38,85,85,13.9,25.5
184100,13.3,25.6,0.000,3.203,39.2,227,14.84,0.00,0,0,0,0,0.00,0,0,10.94,2000,0,0,0,0,0,0,0,0,0,0,0,0,0,0,0,0,0,0,0,0,0,0,0,0,0,0,0,0,0,0,0,0,0,0,0,0,0,0,0,0,0,0,0,0,0,0,0,0,0,0,0,0,0,0,0,0,0,0,0,0,0,0,0,0,0,0,0,0,0,0,0,0,0,0,26,127.45,161.3,91,100,5614,24,0.4,1,38,85,83,13.9,25.5
184200,13.3,25.6,0.000,3.186,39.6,224,14.84,0.00,0,0,0,0,0.00,0,0,10.94,2000,0,0,0,0,0,0,0,0,0,0,0,0,0,0,0,0,0,0,0,0,0,0,0,0,0,0,0,0,0,0,0,0,0,0,0,0,0,0,0,0,0,0,0,0,0,0,0,0,0,0,0,0,0,0,0,0,0,0,0,0,0,0,0,0,0,0,0,0,0,0,0,0,0,0,26,127.45,162.1,83,100,5550,24,0.4,1,38,85,81,13.9,25.5
184300,13.3,25.6,0.000,3.158,39.6,222,14.45,0.00,0,0,0,0,0.00,0,0,10.94,2000,0,0,0,0,0,0,0,0,0,0,0,0,0,0,0,0,0,0,0,0,0,0,0,0,0,0,0,0,0,0,0,0,0,0,0,0,0,0,0,0,0,0,0,0,0,0,0,0,0,0,0,0,0,0,0,0,0,0,0,0,0,0,0,0,0,0,0,0,0,0,0,0,0,0,26,127.45,162.1,83,100,5550,24,0.4,1,38,85,81,13.9,25.5
184400,13.3,25.6,0.000,3.162,40.0,220,14.45,0.00,0,0,0,0,0.00,0,0,10.94,2000,0,0,0,0,0,0,0,0,0,0,0,0,0,0,0,0,0,0,0,0,0,0,0,0,0,0,0,0,0,0,0,0,0,0,0,0,0,0,0,0,0,0,0,0,0,0,0,0,0,0,0,0,0,0,0,0,0,0,0,0,0,0,0,0,0,0,0,0,0,0,0,0,0,0,26,127.45,162.1,83,100,5464,25,0.4,1,38,85,77,13.9,25.5
184500,13.3,25.6,0.000,3.148,40.0,219,14.06,0.00,0,0,0,0,0.00,0,0,10.94,2000,0,0,0,0,0,0,0,0,0,0,0,0,0,0,0,0,0,0,0,0,0,0,0,0,0,0,0,0,0,0,0,0,0,0,0,0,0,0,0,0,0,0,0,0,0,0,0,0,0,0,0,0,0,0,0,0,0,0,0,0,0,0,0,0,0,0,0,0,0,0,0,0,0,0,26,127.45,162.1,83,100,5464,25,0.4,1,38,85,77,13.9,25.5
184600,13.3,25.6,0.000,3.165,40.4,218,14.06,0.00,0,0,0,0,0.00,0,0,10.94,2000,0,0,0,0,0,0,0,0,0,0,0,0,0,0,0,0,0,0,0,0,0,0,0,0,0,0,0,0,0,0,0,0,0,0,0,0,0,0,0,0,0,0,0,0,0,0,0,0,0,0,0,0,0,0,0,0,0,0,0,0,0,0,0,0,0,0,0,0,0,0,0,0,0,0,26,127.45,162.1,83,100,5382,24,0.4,1,38,85,76,13.9,25.5
184700,13.3,25.6,0.000,3.176,40.4,217,14.06,0.00,0,0,0,0,0.00,0,0,10.94,2000,0,0,0,0,0,0,0,0,0,0,0,0,0,0,0,0,0,0,0,0,0,0,0,0,0,0,0,0,0,0,0,0,0,0,0,0,0,0,0,0,0,0,0,0,0,0,0,0,0,0,0,0,0,0,0,0,0,0,0,0,0,0,0,0,0,0,0,0,0,0,0,0,0,0,26,127.45,162.1,83,100,5321,24,0.4,1,38,85,72,13.9,25.5
184800,13.3,25.6,0.000,3.176,40.4,217,14.06,0.00,0,0,0,0,0.00,0,0,10.94,2000,0,0,0,0,0,0,0,0,0,0,0,0,0,0,0,0,0,0,0,0,0,0,0,0,0,0,0,0,0,0,0,0,0,0,0,0,0,0,0,0,0,0,0,0,0,0,0,0,0,0,0,0,0,0,0,0,0,0,0,0,0,0,0,0,0,0,0,0,0,0,0,0,0,0,26,127.45,162.1,83,100,5321,24,0.4,1,38,85,72,13.9,25.5
184900,13.3,25.6,0.000,3.165,40.8,216,13.67,0.00,0,0,0,0,0.00,0,0,10.94,2000,0,0,0,0,0,0,0,0,0,0,0,0,0,0,0,0,0,0,0,0,0,0,0,0,0,0,0,0,0,0,0,0,0,0,0,0,0,0,0,0,0,0,0,0,0,0,0,0,0,0,0,0,0,0,0,0,0,0,0,0,0,0,0,0,0,0,0,0,0,0,0,0,0,0,25,122.55,162.1,83,100,5252,24,0.4,1,38,85,71,13.9,25.5
185000,13.3,25.6,0.000,3.176,41.2,215,13.67,0.00,0,0,0,0,0.00,0,0,10.94,2000,0,0,0,0,0,0,0,0,0,0,0,0,0,0,0,0,0,0,0,0,0,0,0,0,0,0,0,0,0,0,0,0,0,0,0,0,0,0,0,0,0,0,0,0,0,0,0,0,0,0,0,0,0,0,0,0,0,0,0,0,0,0,0,0,0,0,0,0,0,0,0,0,0,0,25,122.55,162.1,83,100,5152,23,0.4,1,38,84,69,13.9,25.5
185100,13.3,25.6,0.000,3.207,41.6,215,13.28,0.00,0,0,0,0,0.00,0,0,10.94,2000,0,0,0,0,0,0,0,0,0,0,0,0,0,0,0,0,0,0,0,0,0,0,0,0,0,0,0,0,0,0,0,0,0,0,0,0,0,0,0,0,0,0,0,0,0,0,0,0,0,0,0,0,0,0,0,0,0,0,0,0,0,0,0,0,0,0,0,0,0,0,0,0,0,0,26,127.45,162.1,83,100,5095,23,0.4,1,38,84,68,13.9,25.5
185200,13.3,25.6,0.000,3.207,41.6,215,13.28,0.00,0,0,0,0,0.00,0,0,10.94,2000,0,0,0,0,0,0,0,0,0,0,0,0,0,0,0,0,0,0,0,0,0,0,0,0,0,0,0,0,0,0,0,0,0,0,0,0,0,0,0,0,0,0,0,0,0,0,0,0,0,0,0,0,0,0,0,0,0,0,0,0,0,0,0,0,0,0,0,0,0,0,0,0,0,0,27,132.35,162.8,75,100,5050,22,0.4,1,38,84,68,13.9,25.5
185300,13.3,25.6,0.000,3.217,42.0,215,13.28,0.00,0,0,0,0,0.00,0,0,10.94,2000,0,0,0,0,0,0,0,0,0,0,0,0,0,0,0,0,0,0,0,0,0,0,0,0,0,0,0,0,0,0,0,0,0,0,0,0,0,0,0,0,0,0,0,0,0,0,0,0,0,0,0,0,0,0,0,0,0,0,0,0,0,0,0,0,0,0,0,0,0,0,0,0,0,0,26,127.45,162.8,75,100,5022,22,0.4,1,38,84,67,14.0,25.5
185400,13.3,25.6,0.000,3.217,42.0,215,13.28,0.00,0,0,0,0,0.00,0,0,10.94,2000,0,0,0,0,0,0,0,0,0,0,0,0,0,0,0,0,0,0,0,0,0,0,0,0,0,0,0,0,0,0,0,0,0,0,0,0,0,0,0,0,0,0,0,0,0,0,0,0,0,0,0,0,0,0,0,0,0,0,0,0,0,0,0,0,0,0,0,0,0,0,0,0,0,0,26,127.45,162.8,75,100,5022,22,0.4,1,38,84,67,14.0,25.5
185500,13.3,25.6,0.000,3.217,42.0,215,13.28,0.00,0,0,0,0,0.00,0,0,10.94,2000,0,0,0,0,0,0,0,0,0,0,0,0,0,0,0,0,0,0,0,0,0,0,0,0,0,0,0,0,0,0,0,0,0,0,0,0,0,0,0,0,0,0,0,0,0,0,0,0,0,0,0,0,0,0,0,0,0,0,0,0,0,0,0,0,0,0,0,0,0,0,0,0,0,0,26,127.45,162.8,75,100,4985,21,0.4,1,38,84,65,14.0,25.5
185600,13.3,25.6,0.000,3.203,42.0,214,13.28,0.00,0,0,0,0,0.00,0,0,10.94,2000,0,0,0,0,0,0,0,0,0,0,0,0,0,0,0,0,0,0,0,0,0,0,0,0,0,0,0,0,0,0,0,0,0,0,0,0,0,0,0,0,0,0,0,0,0,0,0,0,0,0,0,0,0,0,0,0,0,0,0,0,0,0,0,0,0,0,0,0,0,0,0,0,0,0,26,127.45,162.8,75,100,4985,21,0.4,1,38,84,65,14.0,25.5
185700,13.3,25.6,0.000,3.203,42.0,214,13.28,0.00,0,0,0,0,0.00,0,0,10.94,2000,0,0,0,0,0,0,0,0,0,0,0,0,0,0,0,0,0,0,0,0,0,0,0,0,0,0,0,0,0,0,0,0,0,0,0,0,0,0,0,0,0,0,0,0,0,0,0,0,0,0,0,0,0,0,0,0,0,0,0,0,0,0,0,0,0,0,0,0,0,0,0,0,0,0,26,127.45,162.8,75,100,4972,21,0.4,1,38,84,65,14.0,25.5
185800,13.3,25.6,0.000,3.203,42.0,214,12.89,0.00,0,0,0,0,0.00,0,0,10.94,2000,0,0,0,0,0,0,0,0,0,0,0,0,0,0,0,0,0,0,0,0,0,0,0,0,0,0,0,0,0,0,0,0,0,0,0,0,0,0,0,0,0,0,0,0,0,0,0,0,0,0,0,0,0,0,0,0,0,0,0,0,0,0,0,0,0,0,0,0,0,0,0,0,0,0,26,127.45,162.8,75,100,4958,21,0.4,1,38,84,65,13.9,25.5
185900,13.3,25.6,0.000,3.203,42.0,214,12.89,0.00,0,0,0,0,0.00,0,0,10.94,2000,0,0,0,0,0,0,0,0,0,0,0,0,0,0,0,0,0,0,0,0,0,0,0,0,0,0,0,0,0,0,0,0,0,0,0,0,0,0,0,0,0,0,0,0,0,0,0,0,0,0,0,0,0,0,0,0,0,0,0,0,0,0,0,0,0,0,0,0,0,0,0,0,0,0,26,127.45,162.8,75,100,4924,20,0.4,1,38,84,63,13.9,25.5
186000,13.3,25.6,0.000,3.245,42.3,214,12.89,0.00,0,0,0,0,0.00,0,0,10.94,2000,0,0,0,0,0,0,0,0,0,0,0,0,0,0,0,0,0,0,0,0,0,0,0,0,0,0,0,0,0,0,0,0,0,0,0,0,0,0,0,0,0,0,0,0,0,0,0,0,0,0,0,0,0,0,0,0,0,0,0,0,0,0,0,0,0,0,0,0,0,0,0,0,0,0,25,122.55,162.8,75,100,4892,20,0.4,1,38,84,61,13.9,25.5
186100,13.3,25.6,0.000,3.245,42.3,214,12.89,0.00,0,0,0,0,0.00,0,0,10.94,2000,0,0,0,0,0,0,0,0,0,0,0,0,0,0,0,0,0,0,0,0,0,0,0,0,0,0,0,0,0,0,0,0,0,0,0,0,0,0,0,0,0,0,0,0,0,0,0,0,0,0,0,0,0,0,0,0,0,0,0,0,0,0,0,0,0,0,0,0,0,0,0,0,0,0,25,122.55,162.8,75,100,4892,20,0.4,1,38,84,61,13.9,25.5
186200,13.3,25.6,0.000,3.231,42.7,213,12.89,0.00,0,0,0,0,0.00,0,0,10.94,2000,0,0,0,0,0,0,0,0,0,0,0,0,0,0,0,0,0,0,0,0,0,0,0,0,0,0,0,0,0,0,0,0,0,0,0,0,0,0,0,0,0,0,0,0,0,0,0,0,0,0,0,0,0,0,0,0,0,0,0,0,0,0,0,0,0,0,0,0,0,0,0,0,0,0,26,127.45,162.8,63,100,4847,20,0.4,1,38,84,60,13.9,25.5
186300,13.3,25.6,0.000,3.259,42.7,213,12.89,0.00,0,0,0,0,0.00,0,0,10.94,2000,0,0,0,0,0,0,0,0,0,0,0,0,0,0,0,0,0,0,0,0,0,0,0,0,0,0,0,0,0,0,0,0,0,0,0,0,0,0,0,0,0,0,0,0,0,0,0,0,0,0,0,0,0,0,0,0,0,0,0,0,0,0,0,0,0,0,0,0,0,0,0,0,0,0,27,132.35,162.8,63,100,4829,19,0.4,1,38,84,60,13.9,25.5
186400,13.3,25.6,0.000,3.259,42.7,213,12.89,0.00,0,0,0,0,0.00,0,0,10.94,2000,0,0,0,0,0,0,0,0,0,0,0,0,0,0,0,0,0,0,0,0,0,0,0,0,0,0,0,0,0,0,0,0,0,0,0,0,0,0,0,0,0,0,0,0,0,0,0,0,0,0,0,0,0,0,0,0,0,0,0,0,0,0,0,0,0,0,0,0,0,0,0,0,0,0,27,132.35,162.8,63,100,4783,19,0.4,1,38,84,59,13.9,25.5
186500,13.3,25.6,0.000,3.245,42.7,212,12.50,0.00,0,0,0,0,0.00,0,0,10.94,2000,0,0,0,0,0,0,0,0,0,0,0,0,0,0,0,0,0,0,0,0,0,0,0,0,0,0,0,0,0,0,0,0,0,0,0,0,0,0,0,0,0,0,0,0,0,0,0,0,0,0,0,0,0,0,0,0,0,0,0,0,0,0,0,0,0,0,0,0,0,0,0,0,0,0,25,122.55,162.8,63,100,4736,19,0.4,1,38,84,58,13.9,25.5
186600,13.3,25.6,0.000,3.245,42.7,212,12.50,0.00,0,0,0,0,0.00,0,0,10.94,2000,0,0,0,0,0,0,0,0,0,0,0,0,0,0,0,0,0,0,0,0,0,0,0,0,0,0,0,0,0,0,0,0,0,0,0,0,0,0,0,0,0,0,0,0,0,0,0,0,0,0,0,0,0,0,0,0,0,0,0,0,0,0,0,0,0,0,0,0,0,0,0,0,0,0,27,132.35,162.8,63,100,4691,19,0.4,1,38,84,57,13.9,25.5
186700,13.3,25.6,0.000,3.273,42.7,212,12.50,0.00,0,0,0,0,0.00,0,0,10.94,2000,0,0,0,0,0,0,0,0,0,0,0,0,0,0,0,0,0,0,0,0,0,0,0,0,0,0,0,0,0,0,0,0,0,0,0,0,0,0,0,0,0,0,0,0,0,0,0,0,0,0,0,0,0,0,0,0,0,0,0,0,0,0,0,0,0,0,0,0,0,0,0,0,0,0,25,122.55,162.8,63,100,4648,19,0.4,1,38,84,55,13.9,25.5
186800,13.3,25.6,0.000,3.273,43.1,212,12.50,0.00,0,0,0,0,0.00,0,0,10.94,2000,0,0,0,0,0,0,0,0,0,0,0,0,0,0,0,0,0,0,0,0,0,0,0,0,0,0,0,0,0,0,0,0,0,0,0,0,0,0,0,0,0,0,0,0,0,0,0,0,0,0,0,0,0,0,0,0,0,0,0,0,0,0,0,0,0,0,0,0,0,0,0,0,0,0,25,122.55,162.8,63,100,4648,19,0.4,1,38,84,55,13.9,25.5
186900,13.3,25.6,0.000,3.273,43.1,212,12.50,0.00,0,0,0,0,0.00,0,0,10.94,2000,0,0,0,0,0,0,0,0,0,0,0,0,0,0,0,0,0,0,0,0,0,0,0,0,0,0,0,0,0,0,0,0,0,0,0,0,0,0,0,0,0,0,0,0,0,0,0,0,0,0,0,0,0,0,0,0,0,0,0,0,0,0,0,0,0,0,0,0,0,0,0,0,0,0,26,127.45,162.8,63,100,4621,19,0.4,1,38,84,54,13.9,25.5
187000,13.3,25.6,0.000,3.273,43.1,212,12.50,0.00,0,0,0,0,0.00,0,0,10.94,2000,0,0,0,0,0,0,0,0,0,0,0,0,0,0,0,0,0,0,0,0,0,0,0,0,0,0,0,0,0,0,0,0,0,0,0,0,0,0,0,0,0,0,0,0,0,0,0,0,0,0,0,0,0,0,0,0,0,0,0,0,0,0,0,0,0,0,0,0,0,0,0,0,0,0,26,127.45,162.8,63,100,4612,19,0.4,1,38,84,53,13.9,25.5
187100,13.3,25.6,0.000,3.245,43.1,211,12.11,0.00,0,0,0,0,0.00,0,0,10.94,2000,0,0,0,0,0,0,0,0,0,0,0,0,0,0,0,0,0,0,0,0,0,0,0,0,0,0,0,0,0,0,0,0,0,0,0,0,0,0,0,0,0,0,0,0,0,0,0,0,0,0,0,0,0,0,0,0,0,0,0,0,0,0,0,0,0,0,0,0,0,0,0,0,0,0,26,127.45,162.8,63,100,4587,18,0.4,1,38,84,52,13.9,25.5
187200,13.3,25.6,0.000,3.245,43.1,211,12.11,0.00,0,0,0,0,0.00,0,0,10.94,2000,0,0,0,0,0,0,0,0,0,0,0,0,0,0,0,0,0,0,0,0,0,0,0,0,0,0,0,0,0,0,0,0,0,0,0,0,0,0,0,0,0,0,0,0,0,0,0,0,0,0,0,0,0,0,0,0,0,0,0,0,0,0,0,0,0,0,0,0,0,0,0,0,0,0,26,127.45,162.4,56,100,4537,18,0.4,1,38,84,51,13.9,25.5
187300,13.3,25.6,0.000,3.245,43.1,211,12.11,0.00,0,0,0,0,0.00,0,0,10.94,2000,0,0,0,0,0,0,0,0,0,0,0,0,0,0,0,0,0,0,0,0,0,0,0,0,0,0,0,0,0,0,0,0,0,0,0,0,0,0,0,0,0,0,0,0,0,0,0,0,0,0,0,0,0,0,0,0,0,0,0,0,0,0,0,0,0,0,0,0,0,0,0,0,0,0,26,127.45,162.4,56,100,4537,18,0.4,1,38,84,51,13.9,25.5
187400,13.3,25.6,0.000,3.245,43.1,211,12.11,0.00,0,0,0,0,0.00,0,0,10.94,2000,0,0,0,0,0,0,0,0,0,0,0,0,0,0,0,0,0,0,0,0,0,0,0,0,0,0,0,0,0,0,0,0,0,0,0,0,0,0,0,0,0,0,0,0,0,0,0,0,0,0,0,0,0,0,0,0,0,0,0,0,0,0,0,0,0,0,0,0,0,0,0,0,0,0,26,127.45,162.4,56,100,4483,18,0.4,1,38,84,49,13.9,25.5
187500,13.3,25.6,0.000,3.245,43.1,211,12.11,0.00,0,0,0,0,0.00,0,0,10.94,2000,0,0,0,0,0,0,0,0,0,0,0,0,0,0,0,0,0,0,0,0,0,0,0,0,0,0,0,0,0,0,0,0,0,0,0,0,0,0,0,0,0,0,0,0,0,0,0,0,0,0,0,0,0,0,0,0,0,0,0,0,0,0,0,0,0,0,0,0,0,0,0,0,0,0,26,127.45,162.4,56,100,4483,18,0.4,1,38,84,49,13.9,25.5
187600,13.3,25.6,0.000,3.231,43.1,210,11.72,0.00,0,0,0,0,0.00,0,0,10.94,2000,0,0,0,0,0,0,0,0,0,0,0,0,0,0,0,0,0,0,0,0,0,0,0,0,0,0,0,0,0,0,0,0,0,0,0,0,0,0,0,0,0,0,0,0,0,0,0,0,0,0,0,0,0,0,0,0,0,0,0,0,0,0,0,0,0,0,0,0,0,0,0,0,0,0,26,127.45,162.4,56,100,4463,18,0.4,1,38,84,48,13.9,25.5
187700,13.3,25.6,0.000,3.231,43.1,210,11.72,0.00,0,0,0,0,0.00,0,0,10.94,2000,0,0,0,0,0,0,0,0,0,0,0,0,0,0,0,0,0,0,0,0,0,0,0,0,0,0,0,0,0,0,0,0,0,0,0,0,0,0,0,0,0,0,0,0,0,0,0,0,0,0,0,0,0,0,0,0,0,0,0,0,0,0,0,0,0,0,0,0,0,0,0,0,0,0,27,132.35,162.4,56,100,4425,18,0.4,1,38,84,46,13.9,25.5
187800,13.3,25.6,0.000,3.231,43.1,210,11.72,0.00,0,0,0,0,0.00,0,0,10.94,2000,0,0,0,0,0,0,0,0,0,0,0,0,0,0,0,0,0,0,0,0,0,0,0,0,0,0,0,0,0,0,0,0,0,0,0,0,0,0,0,0,0,0,0,0,0,0,0,0,0,0,0,0,0,0,0,0,0,0,0,0,0,0,0,0,0,0,0,0,0,0,0,0,0,0,26,127.45,162.4,56,100,4403,18,0.4,1,38,84,46,13.9,25.5
187900,13.3,25.6,0.000,3.259,43.5,210,11.72,0.00,0,0,0,0,0.00,0,0,10.94,2000,0,0,0,0,0,0,0,0,0,0,0,0,0,0,0,0,0,0,0,0,0,0,0,0,0,0,0,0,0,0,0,0,0,0,0,0,0,0,0,0,0,0,0,0,0,0,0,0,0,0,0,0,0,0,0,0,0,0,0,0,0,0,0,0,0,0,0,0,0,0,0,0,0,0,27,132.35,162.4,56,100,4372,19,0.4,1,38,84,44,13.9,25.5
188000,13.3,25.6,0.000,3.259,43.5,210,11.72,0.00,0,0,0,0,0.00,0,0,10.94,2000,0,0,0,0,0,0,0,0,0,0,0,0,0,0,0,0,0,0,0,0,0,0,0,0,0,0,0,0,0,0,0,0,0,0,0,0,0,0,0,0,0,0,0,0,0,0,0,0,0,0,0,0,0,0,0,0,0,0,0,0,0,0,0,0,0,0,0,0,0,0,0,0,0,0,27,132.35,162.4,56,100,4372,19,0.4,1,38,84,44,13.9,25.5
188100,13.3,25.6,0.000,3.259,43.5,210,11.72,0.00,0,0,0,0,0.00,0,0,10.94,2000,0,0,0,0,0,0,0,0,0,0,0,0,0,0,0,0,0,0,0,0,0,0,0,0,0,0,0,0,0,0,0,0,0,0,0,0,0,0,0,0,0,0,0,0,0,0,0,0,0,0,0,0,0,0,0,0,0,0,0,0,0,0,0,0,0,0,0,0,0,0,0,0,0,0,27,132.35,162.4,56,100,4284,18,0.4,1,38,84,41,13.9,25.5
188200,13.3,25.6,0.000,3.245,43.5,209,11.33,0.00,0,0,0,0,0.00,0,0,10.94,2000,0,0,0,0,0,0,0,0,0,0,0,0,0,0,0,0,0,0,0,0,0,0,0,0,0,0,0,0,0,0,0,0,0,0,0,0,0,0,0,0,0,0,0,0,0,0,0,0,0,0,0,0,0,0,0,0,0,0,0,0,0,0,0,0,0,0,0,0,0,0,0,0,0,0,27,132.35,162.5,48,100,4284,18,0.4,1,38,84,41,13.9,25.5
188300,13.3,25.6,0.000,3.245,43.5,209,11.33,0.00,0,0,0,0,0.00,0,0,10.94,2000,0,0,0,0,0,0,0,0,0,0,0,0,0,0,0,0,0,0,0,0,0,0,0,0,0,0,0,0,0,0,0,0,0,0,0,0,0,0,0,0,0,0,0,0,0,0,0,0,0,0,0,0,0,0,0,0,0,0,0,0,0,0,0,0,0,0,0,0,0,0,0,0,0,0,26,127.45,162.5,48,100,4236,18,0.4,1,38,84,41,13.9,25.5
188400,13.3,25.6,0.000,3.245,43.5,209,11.33,0.00,0,0,0,0,0.00,0,0,10.94,2000,0,0,0,0,0,0,0,0,0,0,0,0,0,0,0,0,0,0,0,0,0,0,0,0,0,0,0,0,0,0,0,0,0,0,0,0,0,0,0,0,0,0,0,0,0,0,0,0,0,0,0,0,0,0,0,0,0,0,0,0,0,0,0,0,0,0,0,0,0,0,0,0,0,0,26,127.45,162.5,48,100,4236,18,0.4,1,38,84,41,13.9,25.5
188500,13.3,25.6,0.000,3.231,43.5,208,10.94,0.00,0,0,0,0,0.00,0,0,10.94,2000,0,0,0,0,0,0,0,0,0,0,0,0,0,0,0,0,0,0,0,0,0,0,0,0,0,0,0,0,0,0,0,0,0,0,0,0,0,0,0,0,0,0,0,0,0,0,0,0,0,0,0,0,0,0,0,0,0,0,0,0,0,0,0,0,0,0,0,0,0,0,0,0,0,0,26,127.45,162.5,48,100,4166,18,0.4,1,38,84,38,13.9,25.5
188600,13.3,25.6,0.000,3.273,43.9,209,10.94,0.00,0,0,0,0,0.00,0,0,10.94,2000,0,0,0,0,0,0,0,0,0,0,0,0,0,0,0,0,0,0,0,0,0,0,0,0,0,0,0,0,0,0,0,0,0,0,0,0,0,0,0,0,0,0,0,0,0,0,0,0,0,0,0,0,0,0,0,0,0,0,0,0,0,0,0,0,0,0,0,0,0,0,0,0,0,0,27,132.35,162.5,48,100,4104,19,0.4,1,38,84,38,13.9,25.5
188700,13.3,25.6,0.000,3.245,43.9,207,10.94,0.00,0,0,0,0,0.00,0,0,10.94,2000,0,0,0,0,0,0,0,0,0,0,0,0,0,0,0,0,0,0,0,0,0,0,0,0,0,0,0,0,0,0,0,0,0,0,0,0,0,0,0,0,0,0,0,0,0,0,0,0,0,0,0,0,0,0,0,0,0,0,0,0,0,0,0,0,0,0,0,0,0,0,0,0,0,0,27,132.35,162.5,48,100,4037,18,0.4,1,38,84,36,13.9,25.5
188800,13.3,25.6,0.000,3.245,43.9,207,10.55,0.00,0,0,0,0,0.00,0,0,10.94,2000,0,0,0,0,0,0,0,0,0,0,0,0,0,0,0,0,0,0,0,0,0,0,0,0,0,0,0,0,0,0,0,0,0,0,0,0,0,0,0,0,0,0,0,0,0,0,0,0,0,0,0,0,0,0,0,0,0,0,0,0,0,0,0,0,0,0,0,0,0,0,0,0,0,0,27,132.35,162.5,48,100,3974,18,0.4,1,38,84,35,13.9,25.5
188900,13.3,25.6,0.000,3.245,43.9,207,10.55,0.00,0,0,0,0,0.00,0,0,10.94,2000,0,0,0,0,0,0,0,0,0,0,0,0,0,0,0,0,0,0,0,0,0,0,0,0,0,0,0,0,0,0,0,0,0,0,0,0,0,0,0,0,0,0,0,0,0,0,0,0,0,0,0,0,0,0,0,0,0,0,0,0,0,0,0,0,0,0,0,0,0,0,0,0,0,0,27,132.35,162.5,48,100,3894,18,0.4,1,38,84,33,13.9,25.5
189000,13.3,25.6,0.000,3.245,44.3,207,10.55,0.00,0,0,0,0,0.00,0,0,10.94,2000,0,0,0,0,0,0,0,0,0,0,0,0,0,0,0,0,0,0,0,0,0,0,0,0,0,0,0,0,0,0,0,0,0,0,0,0,0,0,0,0,0,0,0,0,0,0,0,0,0,0,0,0,0,0,0,0,0,0,0,0,0,0,0,0,0,0,0,0,0,0,0,0,0,0,27,132.35,162.5,48,100,3894,18,0.4,1,38,84,33,13.9,25.5
189100,13.3,25.6,0.000,3.269,44.3,207,10.16,0.00,0,0,0,0,0.00,0,0,10.94,2000,0,0,0,0,0,0,0,0,0,0,0,0,0,0,0,0,0,0,0,0,0,0,0,0,0,0,0,0,0,0,0,0,0,0,0,0,0,0,0,0,0,0,0,0,0,0,0,0,0,0,0,0,0,0,0,0,0,0,0,0,0,0,0,0,0,0,0,0,0,0,0,0,0,0,27,132.35,162.5,48,100,3776,17,0.4,1,38,84,30,13.9,25.5
189200,13.3,25.6,0.000,3.255,44.3,206,10.16,0.00,0,0,0,0,0.00,0,0,10.94,2000,0,0,0,0,0,0,0,0,0,0,0,0,0,0,0,0,0,0,0,0,0,0,0,0,0,0,0,0,0,0,0,0,0,0,0,0,0,0,0,0,0,0,0,0,0,0,0,0,0,0,0,0,0,0,0,0,0,0,0,0,0,0,0,0,0,0,0,0,0,0,0,0,0,0,27,132.35,162.6,39,100,3776,17,0.4,1,38,84,30,13.9,25.5
189300,13.3,25.6,0.000,3.248,44.7,206,9.77,0.00,0,0,0,0,0.00,0,0,10.94,2000,0,0,0,0,0,0,0,0,0,0,0,0,0,0,0,0,0,0,0,0,0,0,0,0,0,0,0,0,0,0,0,0,0,0,0,0,0,0,0,0,0,0,0,0,0,0,0,0,0,0,0,0,0,0,0,0,0,0,0,0,0,0,0,0,0,0,0,0,0,0,0,0,0,0,27,132.35,162.6,39,100,3690,18,0.4,1,38,84,29,13.9,25.5
189400,13.3,25.6,0.000,3.273,44.7,206,9.77,0.00,0,0,0,0,0.00,0,0,10.94,2000,0,0,0,0,0,0,0,0,0,0,0,0,0,0,0,0,0,0,0,0,0,0,0,0,0,0,0,0,0,0,0,0,0,0,0,0,0,0,0,0,0,0,0,0,0,0,0,0,0,0,0,0,0,0,0,0,0,0,0,0,0,0,0,0,0,0,0,0,0,0,0,0,0,0,27,132.35,162.6,39,100,3602,18,0.4,1,38,84,27,13.9,25.5
189500,13.3,25.6,0.000,3.273,44.7,206,9.77,0.00,0,0,0,0,0.00,0,0,10.94,2000,0,0,0,0,0,0,0,0,0,0,0,0,0,0,0,0,0,0,0,0,0,0,0,0,0,0,0,0,0,0,0,0,0,0,0,0,0,0,0,0,0,0,0,0,0,0,0,0,0,0,0,0,0,0,0,0,0,0,0,0,0,0,0,0,0,0,0,0,0,0,0,0,0,0,27,132.35,162.6,39,100,3544,17,0.4,1,38,84,27,13.9,25.5
189600,13.3,25.6,0.000,3.300,45.1,206,9.38,0.00,0,0,0,0,0.00,0,0,10.94,2000,0,0,0,0,0,0,0,0,0,0,0,0,0,0,0,0,0,0,0,0,0,0,0,0,0,0,0,0,0,0,0,0,0,0,0,0,0,0,0,0,0,0,0,0,0,0,0,0,0,0,0,0,0,0,0,0,0,0,0,0,0,0,0,0,0,0,0,0,0,0,0,0,0,0,27,132.35,162.6,39,100,3448,6,0.4,1,38,84,25,13.9,25.5
189700,13.3,25.6,0.000,3.300,45.1,206,9.38,0.00,0,0,0,0,0.00,0,0,10.94,2000,0,0,0,0,0,0,0,0,0,0,0,0,0,0,0,0,0,0,0,0,0,0,0,0,0,0,0,0,0,0,0,0,0,0,0,0,0,0,0,0,0,0,0,0,0,0,0,0,0,0,0,0,0,0,0,0,0,0,0,0,0,0,0,0,0,0,0,0,0,0,0,0,0,0,27,132.35,162.6,39,100,3448,6,0.4,1,38,84,25,13.9,25.5
189800,13.3,25.6,0.000,3.300,45.1,206,8.98,0.00,0,0,0,0,0.00,0,0,10.94,2000,0,0,0,0,0,0,0,0,0,0,0,0,0,0,0,0,0,0,0,0,0,0,0,0,0,0,0,0,0,0,0,0,0,0,0,0,0,0,0,0,0,0,0,0,0,0,0,0,0,0,0,0,0,0,0,0,0,0,0,0,0,0,0,0,0,0,0,0,0,0,0,0,0,0,27,132.35,162.6,39,100,3286,6,0.4,1,38,84,22,13.9,25.5
189900,13.3,25.6,0.000,3.338,45.9,207,8.98,0.00,0,0,0,0,0.00,0,0,10.94,2000,0,0,0,0,0,0,0,0,0,0,0,0,0,0,0,0,0,0,0,0,0,0,0,0,0,0,0,0,0,0,0,0,0,0,0,0,0,0,0,0,0,0,0,0,0,0,0,0,0,0,0,0,0,0,0,0,0,0,0,0,0,0,0,0,0,0,0,0,0,0,0,0,0,0,27,132.35,162.6,39,100,3286,6,0.4,1,38,84,22,13.9,25.5
190000,13.3,25.6,0.000,3.338,45.5,207,8.59,0.00,0,0,0,0,0.00,0,0,10.94,2000,0,0,0,0,0,0,0,0,0,0,0,0,0,0,0,0,0,0,0,0,0,0,0,0,0,0,0,0,0,0,0,0,0,0,0,0,0,0,0,0,0,0,0,0,0,0,0,0,0,0,0,0,0,0,0,0,0,0,0,0,0,0,0,0,0,0,0,0,0,0,0,0,0,0,27,132.35,162.6,39,100,3174,6,0.4,1,38,84,21,13.9,25.5
190100,13.3,25.6,0.000,3.338,45.5,207,8.59,0.00,0,0,0,0,0.00,0,0,10.94,2000,0,0,0,0,0,0,0,0,0,0,0,0,0,0,0,0,0,0,0,0,0,0,0,0,0,0,0,0,0,0,0,0,0,0,0,0,0,0,0,0,0,0,0,0,0,0,0,0,0,0,0,0,0,0,0,0,0,0,0,0,0,0,0,0,0,0,0,0,0,0,0,0,0,0,27,132.35,162.6,39,100,3174,6,0.4,1,38,84,21,13.9,25.5
190200,13.3,25.6,0.000,3.380,45.9,207,8.20,0.00,0,0,0,0,0.00,0,0,10.94,2000,0,0,0,0,0,0,0,0,0,0,0,0,0,0,0,0,0,0,0,0,0,0,0,0,0,0,0,0,0,0,0,0,0,0,0,0,0,0,0,0,0,0,0,0,0,0,0,0,0,0,0,0,0,0,0,0,0,0,0,0,0,0,0,0,0,0,0,0,0,0,0,0,0,0,27,132.35,162.6,30,100,2759,5,0.4,1,38,84,17,13.9,25.5
190300,13.3,25.6,0.000,3.480,46.2,208,7.81,0.00,0,0,0,0,0.00,0,0,10.94,2000,0,0,0,0,0,0,0,0,0,0,0,0,0,0,0,0,0,0,0,0,0,0,0,0,0,0,0,0,0,0,0,0,0,0,0,0,0,0,0,0,0,0,0,0,0,0,0,0,0,0,0,0,0,0,0,0,0,0,0,0,0,0,0,0,0,0,0,0,0,0,0,0,0,0,27,132.35,162.6,30,100,2759,5,0.4,1,38,84,17,13.9,25.5
190400,13.3,25.6,0.000,3.487,46.2,209,7.42,0.00,0,0,0,0,0.00,0,0,10.94,2000,0,0,0,0,0,0,0,0,0,0,0,0,0,0,0,0,0,0,0,0,0,0,0,0,0,0,0,0,0,0,0,0,0,0,0,0,0,0,0,0,0,0,0,0,0,0,0,0,0,0,0,0,0,0,0,0,0,0,0,0,0,0,0,0,0,0,0,0,0,0,0,0,0,0,27,132.35,162.6,30,100,2633,5,0.4,1,38,84,17,13.9,25.5
190500,13.3,25.6,0.000,3.574,46.6,212,7.42,0.00,0,0,0,0,0.00,0,0,10.94,2000,0,0,0,0,0,0,0,0,0,0,0,0,0,0,0,0,0,0,0,0,0,0,0,0,0,0,0,0,0,0,0,0,0,0,0,0,0,0,0,0,0,0,0,0,0,0,0,0,0,0,0,0,0,0,0,0,0,0,0,0,0,0,0,0,0,0,0,0,0,0,0,0,0,0,27,132.35,162.6,30,100,2477,4,0.4,1,38,84,15,13.9,25.5
190600,13.3,25.6,0.000,3.574,46.6,212,7.42,0.00,0,0,0,0,0.00,0,0,10.94,2000,0,0,0,0,0,0,0,0,0,0,0,0,0,0,0,0,0,0,0,0,0,0,0,0,0,0,0,0,0,0,0,0,0,0,0,0,0,0,0,0,0,0,0,0,0,0,0,0,0,0,0,0,0,0,0,0,0,0,0,0,0,0,0,0,0,0,0,0,0,0,0,0,0,0,27,132.35,162.6,30,100,2317,-1,0.0,0,39,84,14,13.9,25.5
190700,13.3,25.6,0.000,3.650,47.0,215,6.25,0.00,0,0,0,0,0.00,0,0,10.94,1856,0,0,0,0,0,0,0,0,0,0,0,0,0,0,0,0,0,0,0,0,0,0,0,0,0,0,0,0,0,0,0,0,0,0,0,0,0,0,0,0,0,0,0,0,0,0,0,0,0,0,0,0,0,0,0,0,0,0,0,0,0,0,0,0,0,0,0,0,0,0,0,0,0,0,27,132.35,162.6,30,100,2128,-1,0.0,0,39,84,12,13.9,25.5
190800,13.3,25.6,0.000,3.650,47.0,215,6.25,0.00,0,0,0,0,0.00,0,0,10.94,1856,0,0,0,0,0,0,0,0,0,0,0,0,0,0,0,0,0,0,0,0,0,0,0,0,0,0,0,0,0,0,0,0,0,0,0,0,0,0,0,0,0,0,0,0,0,0,0,0,0,0,0,0,0,0,0,0,0,0,0,0,0,0,0,0,0,0,0,0,0,0,0,0,0,0,27,132.35,162.6,30,100,2128,-1,0.0,0,39,84,12,13.9,25.5
190900,13.3,25.6,0.000,3.677,47.0,216,5.86,0.00,0,0,0,0,0.00,0,0,10.94,1792,0,0,0,0,0,0,0,0,0,0,0,0,0,0,0,0,0,0,0,0,0,0,0,0,0,0,0,0,0,0,0,0,0,0,0,0,0,0,0,0,0,0,0,0,0,0,0,0,0,0,0,0,0,0,0,0,0,0,0,0,0,0,0,0,0,0,0,0,0,0,0,0,0,0,27,132.35,162.6,30,100,1889,3,0.0,0,39,84,9,13.9,25.5
191000,13.3,25.6,0.000,3.736,47.0,218,5.86,0.00,0,0,0,0,0.00,0,0,10.94,1728,0,0,0,0,0,0,0,0,0,0,0,0,0,0,0,0,0,0,0,0,0,0,0,0,0,0,0,0,0,0,0,0,0,0,0,0,0,0,0,0,0,0,0,0,0,0,0,0,0,0,0,0,0,0,0,0,0,0,0,0,0,0,0,0,0,0,0,0,0,0,0,0,0,0,27,132.35,162.6,30,100,1889,3,0.0,0,39,84,9,13.9,25.5
191100,13.3,25.6,0.000,3.736,47.4,218,5.47,0.00,0,0,0,0,0.00,0,0,10.94,1712,0,0,0,0,0,0,0,0,0,0,0,0,0,0,0,0,0,0,0,0,0,0,0,0,0,0,0,0,0,0,0,0,0,0,0,0,0,0,0,0,0,0,0,0,0,0,0,0,0,0,0,0,0,0,0,0,0,0,0,0,0,0,0,0,0,0,0,0,0,0,0,0,0,0,27,132.35,162.6,30,100,1880,3,0.0,0,39,84,7,13.9,25.5
191200,13.3,25.6,0.000,3.736,47.4,218,5.47,0.00,0,0,0,0,0.00,0,0,10.94,1712,0,0,0,0,0,0,0,0,0,0,0,0,0,0,0,0,0,0,0,0,0,0,0,0,0,0,0,0,0,0,0,0,0,0,0,0,0,0,0,0,0,0,0,0,0,0,0,0,0,0,0,0,0,0,0,0,0,0,0,0,0,0,0,0,0,0,0,0,0,0,0,0,0,0,27,132.35,162.6,19,100,1880,3,0.0,0,39,84,7,13.9,25.5
191300,13.3,25.6,0.000,3.664,47.0,218,5.47,0.00,0,0,0,0,0.00,0,0,10.94,1712,0,0,0,0,0,0,0,0,0,0,0,0,0,0,0,0,0,0,0,0,0,0,0,0,0,0,0,0,0,0,0,0,0,0,0,0,0,0,0,0,0,0,0,0,0,0,0,0,0,0,0,0,0,0,0,0,0,0,0,0,0,0,0,0,0,0,0,0,0,0,0,0,0,0,27,132.35,162.6,19,100,1839,3,0.0,0,39,84,3,13.9,25.5
191400,13.3,25.6,0.000,3.664,47.0,218,5.47,0.00,0,0,0,0,0.00,0,0,10.94,1712,0,0,0,0,0,0,0,0,0,0,0,0,0,0,0,0,0,0,0,0,0,0,0,0,0,0,0,0,0,0,0,0,0,0,0,0,0,0,0,0,0,0,0,0,0,0,0,0,0,0,0,0,0,0,0,0,0,0,0,0,0,0,0,0,0,0,0,0,0,0,0,0,0,0,28,137.25,162.6,19,100,1866,3,0.0,0,39,84,3,14.0,25.5
191500,13.3,25.6,0.000,3.664,47.0,218,5.47,0.00,0,0,0,0,0.00,0,0,10.94,1712,0,0,0,0,0,0,0,0,0,0,0,0,0,0,0,0,0,0,0,0,0,0,0,0,0,0,0,0,0,0,0,0,0,0,0,0,0,0,0,0,0,0,0,0,0,0,0,0,0,0,0,0,0,0,0,0,0,0,0,0,0,0,0,0,0,0,0,0,0,0,0,0,0,0,28,137.25,162.6,19,100,1866,3,0.0,0,39,84,3,14.0,25.5
191600,13.3,25.6,0.000,3.664,47.0,218,5.47,0.00,0,0,0,0,0.00,0,0,10.94,1712,0,0,0,0,0,0,0,0,0,0,0,0,0,0,0,0,0,0,0,0,0,0,0,0,0,0,0,0,0,0,0,0,0,0,0,0,0,0,0,0,0,0,0,0,0,0,0,0,0,0,0,0,0,0,0,0,0,0,0,0,0,0,0,0,0,0,0,0,0,0,0,0,0,0,28,137.25,162.6,19,100,1815,3,0.0,0,39,84,0,13.9,25.5
191700,13.3,25.6,0.000,3.664,47.0,218,5.47,0.00,0,0,0,0,0.00,0,0,10.94,1712,0,0,0,0,0,0,0,0,0,0,0,0,0,0,0,0,0,0,0,0,0,0,0,0,0,0,0,0,0,0,0,0,0,0,0,0,0,0,0,0,0,0,0,0,0,0,0,0,0,0,0,0,0,0,0,0,0,0,0,0,0,0,0,0,0,0,0,0,0,0,0,0,0,0,28,137.25,162.6,19,100,1815,3,0.0,0,39,84,0,13.9,25.5
191800,13.3,25.6,0.000,3.664,47.0,218,5.47,0.00,0,0,0,0,0.00,0,0,10.94,1712,0,0,0,0,0,0,0,0,0,0,0,0,0,0,0,0,0,0,0,0,0,0,0,0,0,0,0,0,0,0,0,0,0,0,0,0,0,0,0,0,0,0,0,0,0,0,0,0,0,0,0,0,0,0,0,0,0,0,0,0,0,0,0,0,0,0,0,0,0,0,0,0,0,0,27,132.35,162.6,19,100,1836,4,0.0,0,39,84,0,13.9,25.5
191900,13.3,25.6,0.000,3.664,47.0,218,5.47,0.00,0,0,0,0,0.00,0,0,10.94,1712,0,0,0,0,0,0,0,0,0,0,0,0,0,0,0,0,0,0,0,0,0,0,0,0,0,0,0,0,0,0,0,0,0,0,0,0,0,0,0,0,0,0,0,0,0,0,0,0,0,0,0,0,0,0,0,0,0,0,0,0,0,0,0,0,0,0,0,0,0,0,0,0,0,0,28,137.25,162.6,19,100,1802,4,0.0,0,39,84,0,13.9,25.5
192000,13.3,25.6,0.000,3.664,47.0,218,5.47,0.00,0,0,0,0,0.00,0,0,10.94,1712,0,0,0,0,0,0,0,0,0,0,0,0,0,0,0,0,0,0,0,0,0,0,0,0,0,0,0,0,0,0,0,0,0,0,0,0,0,0,0,0,0,0,0,0,0,0,0,0,0,0,0,0,0,0,0,0,0,0,0,0,0,0,0,0,0,0,0,0,0,0,0,0,0,0,28,137.25,162.6,19,100,1802,4,0.0,0,39,84,0,13.9,25.5
192100,13.3,25.6,0.000,3.677,47.4,219,5.08,0.00,0,0,0,0,0.00,0,0,10.94,1712,0,0,0,0,0,0,0,0,0,0,0,0,0,0,0,0,0,0,0,0,0,0,0,0,0,0,0,0,0,0,0,0,0,0,0,0,0,0,0,0,0,0,0,0,0,0,0,0,0,0,0,0,0,0,0,0,0,0,0,0,0,0,0,0,0,0,0,0,0,0,0,0,0,0,28,137.25,162.5,7,100,1771,4,0.0,0,39,84,0,13.9,25.5
192200,13.3,25.6,0.000,3.677,47.0,219,5.08,0.00,0,0,0,0,0.00,0,0,10.94,1712,0,0,0,0,0,0,0,0,0,0,0,0,0,0,0,0,0,0,0,0,0,0,0,0,0,0,0,0,0,0,0,0,0,0,0,0,0,0,0,0,0,0,0,0,0,0,0,0,0,0,0,0,0,0,0,0,0,0,0,0,0,0,0,0,0,0,0,0,0,0,0,0,0,0,28,137.25,162.5,7,100,1771,4,0.0,0,39,84,0,13.9,25.5
192300,13.3,25.6,0.000,3.664,47.0,218,5.47,0.00,0,0,0,0,0.00,0,0,10.94,1712,0,0,0,0,0,0,0,0,0,0,0,0,0,0,0,0,0,0,0,0,0,0,0,0,0,0,0,0,0,0,0,0,0,0,0,0,0,0,0,0,0,0,0,0,0,0,0,0,0,0,0,0,0,0,0,0,0,0,0,0,0,0,0,0,0,0,0,0,0,0,0,0,0,0,28,137.25,162.5,7,100,1845,3,0.0,0,39,84,0,13.9,25.5
192400,13.3,25.6,0.000,3.664,47.0,218,5.47,0.00,0,0,0,0,0.00,0,0,10.94,1712,0,0,0,0,0,0,0,0,0,0,0,0,0,0,0,0,0,0,0,0,0,0,0,0,0,0,0,0,0,0,0,0,0,0,0,0,0,0,0,0,0,0,0,0,0,0,0,0,0,0,0,0,0,0,0,0,0,0,0,0,0,0,0,0,0,0,0,0,0,0,0,0,0,0,28,137.25,162.5,7,100,1801,3,0.0,0,39,84,0,13.9,25.5
192500,13.3,25.6,0.000,3.664,47.0,218,5.47,0.00,0,0,0,0,0.00,0,0,10.94,1712,0,0,0,0,0,0,0,0,0,0,0,0,0,0,0,0,0,0,0,0,0,0,0,0,0,0,0,0,0,0,0,0,0,0,0,0,0,0,0,0,0,0,0,0,0,0,0,0,0,0,0,0,0,0,0,0,0,0,0,0,0,0,0,0,0,0,0,0,0,0,0,0,0,0,28,137.25,162.5,7,100,1785,4,0.0,0,39,84,0,13.9,25.5
192600,13.3,25.6,0.000,3.664,47.0,218,5.08,0.00,0,0,0,0,0.00,0,0,10.94,1712,0,0,0,0,0,0,0,0,0,0,0,0,0,0,0,0,0,0,0,0,0,0,0,0,0,0,0,0,0,0,0,0,0,0,0,0,0,0,0,0,0,0,0,0,0,0,0,0,0,0,0,0,0,0,0,0,0,0,0,0,0,0,0,0,0,0,0,0,0,0,0,0,0,0,28,137.25,162.5,7,100,1804,4,0.0,0,39,84,0,13.9,25.5
192700,13.3,25.6,0.000,3.664,47.0,218,5.08,0.00,0,0,0,0,0.00,0,0,10.94,1712,0,0,0,0,0,0,0,0,0,0,0,0,0,0,0,0,0,0,0,0,0,0,0,0,0,0,0,0,0,0,0,0,0,0,0,0,0,0,0,0,0,0,0,0,0,0,0,0,0,0,0,0,0,0,0,0,0,0,0,0,0,0,0,0,0,0,0,0,0,0,0,0,0,0,28,137.25,162.5,7,100,1804,4,0.0,0,39,84,0,13.9,25.5
192800,13.3,25.6,0.000,3.664,47.0,218,5.08,0.00,0,0,0,0,0.00,0,0,10.94,1712,0,0,0,0,0,0,0,0,0,0,0,0,0,0,0,0,0,0,0,0,0,0,0,0,0,0,0,0,0,0,0,0,0,0,0,0,0,0,0,0,0,0,0,0,0,0,0,0,0,0,0,0,0,0,0,0,0,0,0,0,0,0,0,0,0,0,0,0,0,0,0,0,0,0,28,137.25,162.5,7,100,1804,4,0.0,0,39,84,0,14.0,25.5
192900,13.3,25.6,0.000,3.677,47.0,219,5.47,0.00,0,0,0,0,0.00,0,0,10.94,1712,0,0,0,0,0,0,0,0,0,0,0,0,0,0,0,0,0,0,0,0,0,0,0,0,0,0,0,0,0,0,0,0,0,0,0,0,0,0,0,0,0,0,0,0,0,0,0,0,0,0,0,0,0,0,0,0,0,0,0,0,0,0,0,0,0,0,0,0,0,0,0,0,0,0,28,137.25,162.5,7,100,1796,4,0.0,0,39,84,0,13.9,25.5
193000,13.3,25.6,0.000,3.664,47.0,218,5.47,0.00,0,0,0,0,0.00,0,0,10.94,1712,0,0,0,0,0,0,0,0,0,0,0,0,0,0,0,0,0,0,0,0,0,0,0,0,0,0,0,0,0,0,0,0,0,0,0,0,0,0,0,0,0,0,0,0,0,0,0,0,0,0,0,0,0,0,0,0,0,0,0,0,0,0,0,0,0,0,0,0,0,0,0,0,0,0,28,137.25,162.5,7,100,1825,3,0.0,0,39,84,0,13.9,25.5
193100,13.3,25.6,0.000,3.664,47.0,218,5.47,0.00,0,0,0,0,0.00,0,0,10.94,1712,0,0,0,0,0,0,0,0,0,0,0,0,0,0,0,0,0,0,0,0,0,0,0,0,0,0,0,0,0,0,0,0,0,0,0,0,0,0,0,0,0,0,0,0,0,0,0,0,0,0,0,0,0,0,0,0,0,0,0,0,0,0,0,0,0,0,0,0,0,0,0,0,0,0,28,137.25,162.4,0,100,1825,3,0.0,0,39,84,0,13.9,25.5
193200,13.3,25.6,0.000,3.664,47.0,218,5.08,0.00,0,0,0,0,0.00,0,0,10.94,1712,0,0,0,0,0,0,0,0,0,0,0,0,0,0,0,0,0,0,0,0,0,0,0,0,0,0,0,0,0,0,0,0,0,0,0,0,0,0,0,0,0,0,0,0,0,0,0,0,0,0,0,0,0,0,0,0,0,0,0,0,0,0,0,0,0,0,0,0,0,0,0,0,0,0,28,137.25,162.4,0,100,1787,4,0.0,0,39,84,0,13.9,25.5
193300,13.3,25.6,0.000,3.664,47.0,218,5.08,0.00,0,0,0,0,0.00,0,0,10.94,1712,0,0,0,0,0,0,0,0,0,0,0,0,0,0,0,0,0,0,0,0,0,0,0,0,0,0,0,0,0,0,0,0,0,0,0,0,0,0,0,0,0,0,0,0,0,0,0,0,0,0,0,0,0,0,0,0,0,0,0,0,0,0,0,0,0,0,0,0,0,0,0,0,0,0,28,137.25,162.4,0,100,1787,4,0.0,0,39,84,0,13.9,25.5
193400,13.3,25.6,0.000,3.664,47.4,218,5.47,0.00,0,0,0,0,0.00,0,0,10.94,1712,0,0,0,0,0,0,0,0,0,0,0,0,0,0,0,0,0,0,0,0,0,0,0,0,0,0,0,0,0,0,0,0,0,0,0,0,0,0,0,0,0,0,0,0,0,0,0,0,0,0,0,0,0,0,0,0,0,0,0,0,0,0,0,0,0,0,0,0,0,0,0,0,0,0,28,137.25,162.4,0,100,1836,4,0.0,0,39,84,0,13.9,25.5
193500,13.3,25.6,0.000,3.677,47.0,219,5.47,0.00,0,0,0,0,0.00,0,0,10.94,1712,0,0,0,0,0,0,0,0,0,0,0,0,0,0,0,0,0,0,0,0,0,0,0,0,0,0,0,0,0,0,0,0,0,0,0,0,0,0,0,0,0,0,0,0,0,0,0,0,0,0,0,0,0,0,0,0,0,0,0,0,0,0,0,0,0,0,0,0,0,0,0,0,0,0,28,137.25,162.4,0,100,1779,4,0.0,0,39,84,0,13.9,25.5
193600,13.3,25.6,0.000,3.677,47.0,219,5.47,0.00,0,0,0,0,0.00,0,0,10.94,1712,0,0,0,0,0,0,0,0,0,0,0,0,0,0,0,0,0,0,0,0,0,0,0,0,0,0,0,0,0,0,0,0,0,0,0,0,0,0,0,0,0,0,0,0,0,0,0,0,0,0,0,0,0,0,0,0,0,0,0,0,0,0,0,0,0,0,0,0,0,0,0,0,0,0,28,137.25,162.4,0,100,1819,4,0.0,0,39,84,0,14.0,25.5
193700,13.3,25.6,0.000,3.705,47.4,219,5.08,0.00,0,0,0,0,0.00,0,0,10.94,1712,0,0,0,0,0,0,0,0,0,0,0,0,0,0,0,0,0,0,0,0,0,0,0,0,0,0,0,0,0,0,0,0,0,0,0,0,0,0,0,0,0,0,0,0,0,0,0,0,0,0,0,0,0,0,0,0,0,0,0,0,0,0,0,0,0,0,0,0,0,0,0,0,0,0,28,137.25,162.4,0,100,1742,5,0.0,0,39,84,0,13.9,25.5
193800,13.3,25.6,0.000,3.705,47.4,219,5.08,0.00,0,0,0,0,0.00,0,0,10.94,1712,0,0,0,0,0,0,0,0,0,0,0,0,0,0,0,0,0,0,0,0,0,0,0,0,0,0,0,0,0,0,0,0,0,0,0,0,0,0,0,0,0,0,0,0,0,0,0,0,0,0,0,0,0,0,0,0,0,0,0,0,0,0,0,0,0,0,0,0,0,0,0,0,0,0,28,137.25,162.4,0,100,1742,5,0.0,0,39,84,0,13.9,25.5
193900,13.3,25.6,0.000,3.677,47.0,219,5.47,0.00,0,0,0,0,0.00,0,0,10.94,1712,0,0,0,0,0,0,0,0,0,0,0,0,0,0,0,0,0,0,0,0,0,0,0,0,0,0,0,0,0,0,0,0,0,0,0,0,0,0,0,0,0,0,0,0,0,0,0,0,0,0,0,0,0,0,0,0,0,0,0,0,0,0,0,0,0,0,0,0,0,0,0,0,0,0,28,137.25,162.4,0,100,1797,4,0.0,0,39,84,0,13.9,25.5
194000,13.3,25.6,0.000,3.632,47.0,218,5.08,0.00,0,0,0,0,0.00,0,0,10.94,1712,0,0,0,0,0,0,0,0,0,0,0,0,0,0,0,0,0,0,0,0,0,0,0,0,0,0,0,0,0,0,0,0,0,0,0,0,0,0,0,0,0,0,0,0,0,0,0,0,0,0,0,0,0,0,0,0,0,0,0,0,0,0,0,0,0,0,0,0,0,0,0,0,0,0,28,137.25,162.4,0,100,1797,4,0.0,0,39,84,0,13.9,25.5
194100,13.3,25.6,0.000,3.664,47.0,218,5.47,0.00,0,0,0,0,0.00,0,0,10.94,1712,0,0,0,0,0,0,0,0,0,0,0,0,0,0,0,0,0,0,0,0,0,0,0,0,0,0,0,0,0,0,0,0,0,0,0,0,0,0,0,0,0,0,0,0,0,0,0,0,0,0,0,0,0,0,0,0,0,0,0,0,0,0,0,0,0,0,0,0,0,0,0,0,0,0,28,137.25,162.4,1,100,1843,4,0.0,0,39,84,0,13.9,25.5
194200,13.3,25.6,0.000,3.677,47.0,219,5.08,0.00,0,0,0,0,0.00,0,0,10.94,1712,0,0,0,0,0,0,0,0,0,0,0,0,0,0,0,0,0,0,0,0,0,0,0,0,0,0,0,0,0,0,0,0,0,0,0,0,0,0,0,0,0,0,0,0,0,0,0,0,0,0,0,0,0,0,0,0,0,0,0,0,0,0,0,0,0,0,0,0,0,0,0,0,0,0,28,137.25,162.4,1,100,1809,4,0.0,0,39,84,0,14.0,25.5
194300,13.3,25.6,0.000,3.677,47.0,219,5.08,0.00,0,0,0,0,0.00,0,0,10.94,1712,0,0,0,0,0,0,0,0,0,0,0,0,0,0,0,0,0,0,0,0,0,0,0,0,0,0,0,0,0,0,0,0,0,0,0,0,0,0,0,0,0,0,0,0,0,0,0,0,0,0,0,0,0,0,0,0,0,0,0,0,0,0,0,0,0,0,0,0,0,0,0,0,0,0,28,137.25,162.4,1,100,1809,4,0.0,0,39,84,0,14.0,25.5
194400,13.3,25.6,0.000,3.632,47.0,218,5.08,0.00,0,0,0,0,0.00,0,0,10.94,1712,0,0,0,0,0,0,0,0,0,0,0,0,0,0,0,0,0,0,0,0,0,0,0,0,0,0,0,0,0,0,0,0,0,0,0,0,0,0,0,0,0,0,0,0,0,0,0,0,0,0,0,0,0,0,0,0,0,0,0,0,0,0,0,0,0,0,0,0,0,0,0,0,0,0,28,137.25,162.4,1,100,1796,4,0.0,0,39,84,0,13.9,25.5
194500,13.3,25.6,0.000,3.650,47.0,219,5.08,0.00,0,0,0,0,0.00,0,0,10.94,1712,0,0,0,0,0,0,0,0,0,0,0,0,0,0,0,0,0,0,0,0,0,0,0,0,0,0,0,0,0,0,0,0,0,0,0,0,0,0,0,0,0,0,0,0,0,0,0,0,0,0,0,0,0,0,0,0,0,0,0,0,0,0,0,0,0,0,0,0,0,0,0,0,0,0,28,137.25,162.4,1,100,1798,4,0.0,0,39,84,0,13.9,25.5
194600,13.3,25.6,0.000,3.677,47.0,219,5.08,0.00,0,0,0,0,0.00,0,0,10.94,1712,0,0,0,0,0,0,0,0,0,0,0,0,0,0,0,0,0,0,0,0,0,0,0,0,0,0,0,0,0,0,0,0,0,0,0,0,0,0,0,0,0,0,0,0,0,0,0,0,0,0,0,0,0,0,0,0,0,0,0,0,0,0,0,0,0,0,0,0,0,0,0,0,0,0,28,137.25,162.4,1,100,1798,4,0.0,0,39,84,0,13.9,25.5
194700,13.3,25.6,0.000,3.677,47.0,219,5.08,0.00,0,0,0,0,0.00,0,0,10.94,1712,0,0,0,0,0,0,0,0,0,0,0,0,0,0,0,0,0,0,0,0,0,0,0,0,0,0,0,0,0,0,0,0,0,0,0,0,0,0,0,0,0,0,0,0,0,0,0,0,0,0,0,0,0,0,0,0,0,0,0,0,0,0,0,0,0,0,0,0,0,0,0,0,0,0,28,137.25,162.4,1,100,1763,5,0.0,0,39,84,0,13.9,25.5
194800,13.3,25.6,0.000,3.705,47.4,219,5.08,0.00,0,0,0,0,0.00,0,0,10.94,1712,0,0,0,0,0,0,0,0,0,0,0,0,0,0,0,0,0,0,0,0,0,0,0,0,0,0,0,0,0,0,0,0,0,0,0,0,0,0,0,0,0,0,0,0,0,0,0,0,0,0,0,0,0,0,0,0,0,0,0,0,0,0,0,0,0,0,0,0,0,0,0,0,0,0,28,137.25,162.4,1,100,1725,6,0.0,0,39,84,0,14.0,25.5
194900,13.3,25.6,0.000,3.705,47.4,219,5.08,0.00,0,0,0,0,0.00,0,0,10.94,1712,0,0,0,0,0,0,0,0,0,0,0,0,0,0,0,0,0,0,0,0,0,0,0,0,0,0,0,0,0,0,0,0,0,0,0,0,0,0,0,0,0,0,0,0,0,0,0,0,0,0,0,0,0,0,0,0,0,0,0,0,0,0,0,0,0,0,0,0,0,0,0,0,0,0,28,137.25,162.4,1,100,1725,6,0.0,0,39,84,0,14.0,25.5
195000,13.3,25.6,0.000,3.705,47.4,219,5.08,0.00,0,0,0,0,0.00,0,0,10.94,1712,0,0,0,0,0,0,0,0,0,0,0,0,0,0,0,0,0,0,0,0,0,0,0,0,0,0,0,0,0,0,0,0,0,0,0,0,0,0,0,0,0,0,0,0,0,0,0,0,0,0,0,0,0,0,0,0,0,0,0,0,0,0,0,0,0,0,0,0,0,0,0,0,0,0,28,137.25,162.4,1,100,1740,4,0.0,0,39,84,0,13.9,25.5
195100,13.3,25.6,0.000,3.677,47.0,219,5.08,0.00,0,0,0,0,0.00,0,0,10.94,1712,0,0,0,0,0,0,0,0,0,0,0,0,0,0,0,0,0,0,0,0,0,0,0,0,0,0,0,0,0,0,0,0,0,0,0,0,0,0,0,0,0,0,0,0,0,0,0,0,0,0,0,0,0,0,0,0,0,0,0,0,0,0,0,0,0,0,0,0,0,0,0,0,0,0,28,137.25,162.5,1,100,1799,5,0.0,0,39,84,0,13.9,25.5
195200,13.3,25.6,0.000,3.677,47.0,219,5.08,0.00,0,0,0,0,0.00,0,0,10.94,1712,0,0,0,0,0,0,0,0,0,0,0,0,0,0,0,0,0,0,0,0,0,0,0,0,0,0,0,0,0,0,0,0,0,0,0,0,0,0,0,0,0,0,0,0,0,0,0,0,0,0,0,0,0,0,0,0,0,0,0,0,0,0,0,0,0,0,0,0,0,0,0,0,0,0,28,137.25,162.5,1,100,1799,5,0.0,0,39,84,0,13.9,25.5
195300,13.3,25.6,0.000,3.664,47.0,218,5.08,0.00,0,0,0,0,0.00,0,0,10.94,1712,0,0,0,0,0,0,0,0,0,0,0,0,0,0,0,0,0,0,0,0,0,0,0,0,0,0,0,0,0,0,0,0,0,0,0,0,0,0,0,0,0,0,0,0,0,0,0,0,0,0,0,0,0,0,0,0,0,0,0,0,0,0,0,0,0,0,0,0,0,0,0,0,0,0,28,137.25,162.5,1,100,1781,4,0.0,0,39,84,0,13.9,25.5
195400,13.3,25.6,0.000,3.664,47.0,218,5.08,0.00,0,0,0,0,0.00,0,0,10.94,1712,0,0,0,0,0,0,0,0,0,0,0,0,0,0,0,0,0,0,0,0,0,0,0,0,0,0,0,0,0,0,0,0,0,0,0,0,0,0,0,0,0,0,0,0,0,0,0,0,0,0,0,0,0,0,0,0,0,0,0,0,0,0,0,0,0,0,0,0,0,0,0,0,0,0,28,137.25,162.5,1,100,1781,4,0.0,0,39,84,0,13.9,25.5
195500,13.3,25.6,0.000,3.650,47.0,219,5.08,0.00,0,0,0,0,0.00,0,0,10.94,1712,0,0,0,0,0,0,0,0,0,0,0,0,0,0,0,0,0,0,0,0,0,0,0,0,0,0,0,0,0,0,0,0,0,0,0,0,0,0,0,0,0,0,0,0,0,0,0,0,0,0,0,0,0,0,0,0,0,0,0,0,0,0,0,0,0,0,0,0,0,0,0,0,0,0,28,137.25,162.5,1,100,1795,4,0.0,0,39,84,0,14.0,25.5
195600,13.3,25.6,0.000,3.650,47.0,219,5.08,0.00,0,0,0,0,0.00,0,0,10.94,1712,0,0,0,0,0,0,0,0,0,0,0,0,0,0,0,0,0,0,0,0,0,0,0,0,0,0,0,0,0,0,0,0,0,0,0,0,0,0,0,0,0,0,0,0,0,0,0,0,0,0,0,0,0,0,0,0,0,0,0,0,0,0,0,0,0,0,0,0,0,0,0,0,0,0,28,137.25,162.5,1,100,1795,4,0.0,0,39,84,0,14.0,25.5
195700,13.3,25.6,0.000,3.650,47.0,219,5.08,0.00,0,0,0,0,0.00,0,0,10.94,1712,0,0,0,0,0,0,0,0,0,0,0,0,0,0,0,0,0,0,0,0,0,0,0,0,0,0,0,0,0,0,0,0,0,0,0,0,0,0,0,0,0,0,0,0,0,0,0,0,0,0,0,0,0,0,0,0,0,0,0,0,0,0,0,0,0,0,0,0,0,0,0,0,0,0,28,137.25,162.5,1,100,1767,4,0.0,0,39,84,0,13.9,25.5
195800,13.3,25.6,0.000,3.664,47.0,218,5.08,0.00,0,0,0,0,0.00,0,0,10.94,1712,0,0,0,0,0,0,0,0,0,0,0,0,0,0,0,0,0,0,0,0,0,0,0,0,0,0,0,0,0,0,0,0,0,0,0,0,0,0,0,0,0,0,0,0,0,0,0,0,0,0,0,0,0,0,0,0,0,0,0,0,0,0,0,0,0,0,0,0,0,0,0,0,0,0,28,137.25,162.5,1,100,1779,4,0.0,0,39,84,0,13.9,25.5
195900,13.3,25.6,0.000,3.664,47.0,218,5.08,0.00,0,0,0,0,0.00,0,0,10.94,1712,0,0,0,0,0,0,0,0,0,0,0,0,0,0,0,0,0,0,0,0,0,0,0,0,0,0,0,0,0,0,0,0,0,0,0,0,0,0,0,0,0,0,0,0,0,0,0,0,0,0,0,0,0,0,0,0,0,0,0,0,0,0,0,0,0,0,0,0,0,0,0,0,0,0,28,137.25,162.5,1,100,1790,4,0.0,0,39,84,0,13.9,25.5
196000,13.3,25.6,0.000,3.677,47.0,219,5.08,0.00,0,0,0,0,0.00,0,0,10.94,1712,0,0,0,0,0,0,0,0,0,0,0,0,0,0,0,0,0,0,0,0,0,0,0,0,0,0,0,0,0,0,0,0,0,0,0,0,0,0,0,0,0,0,0,0,0,0,0,0,0,0,0,0,0,0,0,0,0,0,0,0,0,0,0,0,0,0,0,0,0,0,0,0,0,0,28,137.25,162.5,1,100,1785,4,0.0,0,39,84,0,14.0,25.5
196100,13.3,25.6,0.000,3.677,47.0,219,5.08,0.00,0,0,0,0,0.00,0,0,10.94,1712,0,0,0,0,0,0,0,0,0,0,0,0,0,0,0,0,0,0,0,0,0,0,0,0,0,0,0,0,0,0,0,0,0,0,0,0,0,0,0,0,0,0,0,0,0,0,0,0,0,0,0,0,0,0,0,0,0,0,0,0,0,0,0,0,0,0,0,0,0,0,0,0,0,0,28,137.25,162.7,1,100,1785,4,0.0,0,39,84,0,14.0,25.5
196200,13.3,25.6,0.000,3.632,47.0,218,5.08,0.00,0,0,0,0,0.00,0,0,10.94,1712,0,0,0,0,0,0,0,0,0,0,0,0,0,0,0,0,0,0,0,0,0,0,0,0,0,0,0,0,0,0,0,0,0,0,0,0,0,0,0,0,0,0,0,0,0,0,0,0,0,0,0,0,0,0,0,0,0,0,0,0,0,0,0,0,0,0,0,0,0,0,0,0,0,0,28,137.25,162.7,1,100,1779,4,0.0,0,39,84,0,13.9,25.5
196300,13.3,25.6,0.000,3.664,47.0,218,5.47,0.00,0,0,0,0,0.00,0,0,10.94,1712,0,0,0,0,0,0,0,0,0,0,0,0,0,0,0,0,0,0,0,0,0,0,0,0,0,0,0,0,0,0,0,0,0,0,0,0,0,0,0,0,0,0,0,0,0,0,0,0,0,0,0,0,0,0,0,0,0,0,0,0,0,0,0,0,0,0,0,0,0,0,0,0,0,0,28,137.25,162.7,1,100,1796,4,0.0,0,39,84,0,13.9,25.5
196400,13.3,25.6,0.000,3.677,47.0,219,5.08,0.00,0,0,0,0,0.00,0,0,10.94,1712,0,0,0,0,0,0,0,0,0,0,0,0,0,0,0,0,0,0,0,0,0,0,0,0,0,0,0,0,0,0,0,0,0,0,0,0,0,0,0,0,0,0,0,0,0,0,0,0,0,0,0,0,0,0,0,0,0,0,0,0,0,0,0,0,0,0,0,0,0,0,0,0,0,0,28,137.25,162.7,1,100,1797,4,0.0,0,39,84,0,13.9,25.5
196500,13.3,25.6,0.000,3.677,47.0,219,5.08,0.00,0,0,0,0,0.00,0,0,10.94,1712,0,0,0,0,0,0,0,0,0,0,0,0,0,0,0,0,0,0,0,0,0,0,0,0,0,0,0,0,0,0,0,0,0,0,0,0,0,0,0,0,0,0,0,0,0,0,0,0,0,0,0,0,0,0,0,0,0,0,0,0,0,0,0,0,0,0,0,0,0,0,0,0,0,0,28,137.25,162.7,1,100,1769,4,0.0,0,39,84,0,13.9,25.5
196600,13.3,25.6,0.000,3.677,47.0,219,5.08,0.00,0,0,0,0,0.00,0,0,10.94,1712,0,0,0,0,0,0,0,0,0,0,0,0,0,0,0,0,0,0,0,0,0,0,0,0,0,0,0,0,0,0,0,0,0,0,0,0,0,0,0,0,0,0,0,0,0,0,0,0,0,0,0,0,0,0,0,0,0,0,0,0,0,0,0,0,0,0,0,0,0,0,0,0,0,0,28,137.25,162.7,1,100,1769,4,0.0,0,39,84,0,14.0,25.5
196700,13.3,25.6,0.000,3.632,47.0,218,5.08,0.00,0,0,0,0,0.00,0,0,10.94,1712,0,0,0,0,0,0,0,0,0,0,0,0,0,0,0,0,0,0,0,0,0,0,0,0,0,0,0,0,0,0,0,0,0,0,0,0,0,0,0,0,0,0,0,0,0,0,0,0,0,0,0,0,0,0,0,0,0,0,0,0,0,0,0,0,0,0,0,0,0,0,0,0,0,0,28,137.25,162.7,1,100,1784,4,0.0,0,39,84,0,13.9,25.5
196800,13.3,25.6,0.000,3.632,47.0,218,5.08,0.00,0,0,0,0,0.00,0,0,10.94,1712,0,0,0,0,0,0,0,0,0,0,0,0,0,0,0,0,0,0,0,0,0,0,0,0,0,0,0,0,0,0,0,0,0,0,0,0,0,0,0,0,0,0,0,0,0,0,0,0,0,0,0,0,0,0,0,0,0,0,0,0,0,0,0,0,0,0,0,0,0,0,0,0,0,0,28,137.25,162.7,1,100,1784,4,0.0,0,39,84,0,13.9,25.5
196900,13.3,25.6,0.000,3.650,47.0,219,5.08,0.00,0,0,0,0,0.00,0,0,10.94,1712,0,0,0,0,0,0,0,0,0,0,0,0,0,0,0,0,0,0,0,0,0,0,0,0,0,0,0,0,0,0,0,0,0,0,0,0,0,0,0,0,0,0,0,0,0,0,0,0,0,0,0,0,0,0,0,0,0,0,0,0,0,0,0,0,0,0,0,0,0,0,0,0,0,0,28,137.25,162.7,1,100,1778,4,0.0,0,39,84,0,13.9,25.5
197000,13.3,25.6,0.000,3.677,47.0,219,5.47,0.00,0,0,0,0,0.00,0,0,10.94,1712,0,0,0,0,0,0,0,0,0,0,0,0,0,0,0,0,0,0,0,0,0,0,0,0,0,0,0,0,0,0,0,0,0,0,0,0,0,0,0,0,0,0,0,0,0,0,0,0,0,0,0,0,0,0,0,0,0,0,0,0,0,0,0,0,0,0,0,0,0,0,0,0,0,0,28,137.25,162.7,1,100,1828,4,0.0,0,39,84,0,13.9,25.5
197100,13.3,25.6,0.000,3.677,47.0,219,5.47,0.00,0,0,0,0,0.00,0,0,10.94,1712,0,0,0,0,0,0,0,0,0,0,0,0,0,0,0,0,0,0,0,0,0,0,0,0,0,0,0,0,0,0,0,0,0,0,0,0,0,0,0,0,0,0,0,0,0,0,0,0,0,0,0,0,0,0,0,0,0,0,0,0,0,0,0,0,0,0,0,0,0,0,0,0,0,0,28,137.25,162.4,0,100,1788,4,0.0,0,39,84,0,13.9,25.5
197200,13.3,25.6,0.000,3.664,47.0,218,5.47,0.00,0,0,0,0,0.00,0,0,10.94,1712,0,0,0,0,0,0,0,0,0,0,0,0,0,0,0,0,0,0,0,0,0,0,0,0,0,0,0,0,0,0,0,0,0,0,0,0,0,0,0,0,0,0,0,0,0,0,0,0,0,0,0,0,0,0,0,0,0,0,0,0,0,0,0,0,0,0,0,0,0,0,0,0,0,0,28,137.25,162.4,0,100,1791,4,0.0,0,39,84,0,14.0,25.5
197300,13.3,25.6,0.000,3.664,47.0,218,5.47,0.00,0,0,0,0,0.00,0,0,10.94,1712,0,0,0,0,0,0,0,0,0,0,0,0,0,0,0,0,0,0,0,0,0,0,0,0,0,0,0,0,0,0,0,0,0,0,0,0,0,0,0,0,0,0,0,0,0,0,0,0,0,0,0,0,0,0,0,0,0,0,0,0,0,0,0,0,0,0,0,0,0,0,0,0,0,0,28,137.25,162.4,0,100,1791,4,0.0,0,39,84,0,14.0,25.5
197400,13.3,25.6,0.000,3.677,47.4,219,5.08,0.00,0,0,0,0,0.00,0,0,10.94,1712,0,0,0,0,0,0,0,0,0,0,0,0,0,0,0,0,0,0,0,0,0,0,0,0,0,0,0,0,0,0,0,0,0,0,0,0,0,0,0,0,0,0,0,0,0,0,0,0,0,0,0,0,0,0,0,0,0,0,0,0,0,0,0,0,0,0,0,0,0,0,0,0,0,0,28,137.25,162.4,0,100,1749,4,0.0,0,39,84,0,13.9,25.5
197500,13.3,25.6,0.000,3.677,47.0,219,5.08,0.00,0,0,0,0,0.00,0,0,10.94,1712,0,0,0,0,0,0,0,0,0,0,0,0,0,0,0,0,0,0,0,0,0,0,0,0,0,0,0,0,0,0,0,0,0,0,0,0,0,0,0,0,0,0,0,0,0,0,0,0,0,0,0,0,0,0,0,0,0,0,0,0,0,0,0,0,0,0,0,0,0,0,0,0,0,0,28,137.25,162.4,0,100,1762,4,0.0,0,39,84,0,13.9,25.5
197600,13.3,25.6,0.000,3.677,47.4,219,5.08,0.00,0,0,0,0,0.00,0,0,10.94,1712,0,0,0,0,0,0,0,0,0,0,0,0,0,0,0,0,0,0,0,0,0,0,0,0,0,0,0,0,0,0,0,0,0,0,0,0,0,0,0,0,0,0,0,0,0,0,0,0,0,0,0,0,0,0,0,0,0,0,0,0,0,0,0,0,0,0,0,0,0,0,0,0,0,0,28,137.25,162.4,0,100,1747,5,0.0,0,39,84,0,13.9,25.5
197700,13.3,25.6,0.000,3.677,47.0,219,5.08,0.00,0,0,0,0,0.00,0,0,10.94,1712,0,0,0,0,0,0,0,0,0,0,0,0,0,0,0,0,0,0,0,0,0,0,0,0,0,0,0,0,0,0,0,0,0,0,0,0,0,0,0,0,0,0,0,0,0,0,0,0,0,0,0,0,0,0,0,0,0,0,0,0,0,0,0,0,0,0,0,0,0,0,0,0,0,0,28,137.25,162.4,0,100,1791,4,0.0,0,39,84,0,14.0,25.5
197800,13.3,25.6,0.000,3.677,47.0,219,5.08,0.00,0,0,0,0,0.00,0,0,10.94,1712,0,0,0,0,0,0,0,0,0,0,0,0,0,0,0,0,0,0,0,0,0,0,0,0,0,0,0,0,0,0,0,0,0,0,0,0,0,0,0,0,0,0,0,0,0,0,0,0,0,0,0,0,0,0,0,0,0,0,0,0,0,0,0,0,0,0,0,0,0,0,0,0,0,0,28,137.25,162.4,0,100,1818,3,0.0,0,39,84,0,13.9,25.5
197900,13.3,25.6,0.000,3.632,47.0,218,5.08,0.00,0,0,0,0,0.00,0,0,10.94,1712,0,0,0,0,0,0,0,0,0,0,0,0,0,0,0,0,0,0,0,0,0,0,0,0,0,0,0,0,0,0,0,0,0,0,0,0,0,0,0,0,0,0,0,0,0,0,0,0,0,0,0,0,0,0,0,0,0,0,0,0,0,0,0,0,0,0,0,0,0,0,0,0,0,0,28,137.25,162.4,0,100,1769,4,0.0,0,39,84,0,13.9,25.5
198000,13.3,25.6,0.000,3.632,47.0,218,5.08,0.00,0,0,0,0,0.00,0,0,10.94,1712,0,0,0,0,0,0,0,0,0,0,0,0,0,0,0,0,0,0,0,0,0,0,0,0,0,0,0,0,0,0,0,0,0,0,0,0,0,0,0,0,0,0,0,0,0,0,0,0,0,0,0,0,0,0,0,0,0,0,0,0,0,0,0,0,0,0,0,0,0,0,0,0,0,0,28,137.25,162.4,0,100,1769,4,0.0,0,39,84,0,13.9,25.5
198100,13.3,25.6,0.000,3.677,47.0,219,5.08,0.00,0,0,0,0,0.00,0,0,10.94,1712,0,0,0,0,0,0,0,0,0,0,0,0,0,0,0,0,0,0,0,0,0,0,0,0,0,0,0,0,0,0,0,0,0,0,0,0,0,0,0,0,0,0,0,0,0,0,0,0,0,0,0,0,0,0,0,0,0,0,0,0,0,0,0,0,0,0,0,0,0,0,0,0,0,0,28,137.25,162.4,1,100,1769,4,0.0,0,39,84,0,14.0,25.5
198200,13.3,25.6,0.000,3.677,47.0,219,5.08,0.00,0,0,0,0,0.00,0,0,10.94,1712,0,0,0,0,0,0,0,0,0,0,0,0,0,0,0,0,0,0,0,0,0,0,0,0,0,0,0,0,0,0,0,0,0,0,0,0,0,0,0,0,0,0,0,0,0,0,0,0,0,0,0,0,0,0,0,0,0,0,0,0,0,0,0,0,0,0,0,0,0,0,0,0,0,0,28,137.25,162.4,1,100,1750,4,0.0,0,39,84,0,13.9,25.5
198300,13.3,25.6,0.000,3.677,47.0,219,5.08,0.00,0,0,0,0,0.00,0,0,10.94,1712,0,0,0,0,0,0,0,0,0,0,0,0,0,0,0,0,0,0,0,0,0,0,0,0,0,0,0,0,0,0,0,0,0,0,0,0,0,0,0,0,0,0,0,0,0,0,0,0,0,0,0,0,0,0,0,0,0,0,0,0,0,0,0,0,0,0,0,0,0,0,0,0,0,0,28,137.25,162.4,1,100,1750,4,0.0,0,39,84,0,13.9,25.5
198400,13.3,25.6,0.000,3.650,47.0,219,5.08,0.00,0,0,0,0,0.00,0,0,10.94,1712,0,0,0,0,0,0,0,0,0,0,0,0,0,0,0,0,0,0,0,0,0,0,0,0,0,0,0,0,0,0,0,0,0,0,0,0,0,0,0,0,0,0,0,0,0,0,0,0,0,0,0,0,0,0,0,0,0,0,0,0,0,0,0,0,0,0,0,0,0,0,0,0,0,0,29,142.16,162.4,1,100,1785,4,0.0,0,39,84,0,13.9,25.5
198500,13.3,25.6,0.000,3.677,47.0,219,5.47,0.00,0,0,0,0,0.00,0,0,10.94,1712,0,0,0,0,0,0,0,0,0,0,0,0,0,0,0,0,0,0,0,0,0,0,0,0,0,0,0,0,0,0,0,0,0,0,0,0,0,0,0,0,0,0,0,0,0,0,0,0,0,0,0,0,0,0,0,0,0,0,0,0,0,0,0,0,0,0,0,0,0,0,0,0,0,0,29,142.16,162.4,1,100,1785,4,0.0,0,39,84,0,13.9,25.5
198600,13.3,25.6,0.000,3.664,47.0,218,5.47,0.00,0,0,0,0,0.00,0,0,10.94,1712,0,0,0,0,0,0,0,0,0,0,0,0,0,0,0,0,0,0,0,0,0,0,0,0,0,0,0,0,0,0,0,0,0,0,0,0,0,0,0,0,0,0,0,0,0,0,0,0,0,0,0,0,0,0,0,0,0,0,0,0,0,0,0,0,0,0,0,0,0,0,0,0,0,0,28,137.25,162.4,1,100,1815,4,0.0,0,39,84,0,13.9,25.5
198700,13.3,25.6,0.000,3.677,47.4,219,5.08,0.00,0,0,0,0,0.00,0,0,10.94,1712,0,0,0,0,0,0,0,0,0,0,0,0,0,0,0,0,0,0,0,0,0,0,0,0,0,0,0,0,0,0,0,0,0,0,0,0,0,0,0,0,0,0,0,0,0,0,0,0,0,0,0,0,0,0,0,0,0,0,0,0,0,0,0,0,0,0,0,0,0,0,0,0,0,0,29,142.16,162.4,1,100,1742,5,0.0,0,39,84,0,13.9,25.5
198800,13.3,25.6,0.000,3.677,47.4,219,5.08,0.00,0,0,0,0,0.00,0,0,10.94,1712,0,0,0,0,0,0,0,0,0,0,0,0,0,0,0,0,0,0,0,0,0,0,0,0,0,0,0,0,0,0,0,0,0,0,0,0,0,0,0,0,0,0,0,0,0,0,0,0,0,0,0,0,0,0,0,0,0,0,0,0,0,0,0,0,0,0,0,0,0,0,0,0,0,0,29,142.16,162.4,1,100,1742,5,0.0,0,39,84,0,13.9,25.5
198900,13.3,25.6,0.000,3.677,47.4,219,5.08,0.00,0,0,0,0,0.00,0,0,10.94,1712,0,0,0,0,0,0,0,0,0,0,0,0,0,0,0,0,0,0,0,0,0,0,0,0,0,0,0,0,0,0,0,0,0,0,0,0,0,0,0,0,0,0,0,0,0,0,0,0,0,0,0,0,0,0,0,0,0,0,0,0,0,0,0,0,0,0,0,0,0,0,0,0,0,0,28,137.25,162.4,1,100,1744,5,0.0,0,39,84,0,13.9,25.5
199000,13.3,25.6,0.000,3.677,47.0,219,5.08,0.00,0,0,0,0,0.00,0,0,10.94,1712,0,0,0,0,0,0,0,0,0,0,0,0,0,0,0,0,0,0,0,0,0,0,0,0,0,0,0,0,0,0,0,0,0,0,0,0,0,0,0,0,0,0,0,0,0,0,0,0,0,0,0,0,0,0,0,0,0,0,0,0,0,0,0,0,0,0,0,0,0,0,0,0,0,0,28,137.25,162.4,1,100,1760,4,0.0,0,39,84,0,13.9,25.5
199100,13.3,25.6,0.000,3.650,47.0,219,5.08,0.00,0,0,0,0,0.00,0,0,10.94,1712,0,0,0,0,0,0,0,0,0,0,0,0,0,0,0,0,0,0,0,0,0,0,0,0,0,0,0,0,0,0,0,0,0,0,0,0,0,0,0,0,0,0,0,0,0,0,0,0,0,0,0,0,0,0,0,0,0,0,0,0,0,0,0,0,0,0,0,0,0,0,0,0,0,0,28,137.25,162.7,1,100,1760,4,0.0,0,39,84,0,13.9,25.5
199200,13.3,25.6,0.000,3.677,47.0,219,5.08,0.00,0,0,0,0,0.00,0,0,10.94,1712,0,0,0,0,0,0,0,0,0,0,0,0,0,0,0,0,0,0,0,0,0,0,0,0,0,0,0,0,0,0,0,0,0,0,0,0,0,0,0,0,0,0,0,0,0,0,0,0,0,0,0,0,0,0,0,0,0,0,0,0,0,0,0,0,0,0,0,0,0,0,0,0,0,0,28,137.25,162.7,1,100,1791,4,0.0,0,39,84,0,13.9,25.5
199300,13.3,25.6,0.000,3.677,47.0,219,5.47,0.00,0,0,0,0,0.00,0,0,10.94,1712,0,0,0,0,0,0,0,0,0,0,0,0,0,0,0,0,0,0,0,0,0,0,0,0,0,0,0,0,0,0,0,0,0,0,0,0,0,0,0,0,0,0,0,0,0,0,0,0,0,0,0,0,0,0,0,0,0,0,0,0,0,0,0,0,0,0,0,0,0,0,0,0,0,0,28,137.25,162.7,1,100,1822,4,0.0,0,39,84,0,14.0,25.5
199400,13.3,25.6,0.000,3.677,47.0,219,5.47,0.00,0,0,0,0,0.00,0,0,10.94,1712,0,0,0,0,0,0,0,0,0,0,0,0,0,0,0,0,0,0,0,0,0,0,0,0,0,0,0,0,0,0,0,0,0,0,0,0,0,0,0,0,0,0,0,0,0,0,0,0,0,0,0,0,0,0,0,0,0,0,0,0,0,0,0,0,0,0,0,0,0,0,0,0,0,0,28,137.25,162.7,1,100,1822,4,0.0,0,39,84,0,14.0,25.5
199500,13.3,25.6,0.000,3.677,47.0,219,5.08,0.00,0,0,0,0,0.00,0,0,10.94,1712,0,0,0,0,0,0,0,0,0,0,0,0,0,0,0,0,0,0,0,0,0,0,0,0,0,0,0,0,0,0,0,0,0,0,0,0,0,0,0,0,0,0,0,0,0,0,0,0,0,0,0,0,0,0,0,0,0,0,0,0,0,0,0,0,0,0,0,0,0,0,0,0,0,0,29,142.16,162.7,1,100,1760,4,0.0,0,39,84,0,13.9,25.5
199600,13.3,25.6,0.000,3.677,47.0,219,5.08,0.00,0,0,0,0,0.00,0,0,10.94,1712,0,0,0,0,0,0,0,0,0,0,0,0,0,0,0,0,0,0,0,0,0,0,0,0,0,0,0,0,0,0,0,0,0,0,0,0,0,0,0,0,0,0,0,0,0,0,0,0,0,0,0,0,0,0,0,0,0,0,0,0,0,0,0,0,0,0,0,0,0,0,0,0,0,0,29,142.16,162.7,1,100,1760,4,0.0,0,39,84,0,13.9,25.5
199700,13.3,25.6,0.000,3.677,47.0,219,5.08,0.00,0,0,0,0,0.00,0,0,10.94,1712,0,0,0,0,0,0,0,0,0,0,0,0,0,0,0,0,0,0,0,0,0,0,0,0,0,0,0,0,0,0,0,0,0,0,0,0,0,0,0,0,0,0,0,0,0,0,0,0,0,0,0,0,0,0,0,0,0,0,0,0,0,0,0,0,0,0,0,0,0,0,0,0,0,0,28,137.25,162.7,1,100,1796,4,0.0,0,39,84,0,13.9,25.5
199800,13.3,25.6,0.000,3.677,47.0,219,5.47,0.00,0,0,0,0,0.00,0,0,10.94,1712,0,0,0,0,0,0,0,0,0,0,0,0,0,0,0,0,0,0,0,0,0,0,0,0,0,0,0,0,0,0,0,0,0,0,0,0,0,0,0,0,0,0,0,0,0,0,0,0,0,0,0,0,0,0,0,0,0,0,0,0,0,0,0,0,0,0,0,0,0,0,0,0,0,0,28,137.25,162.7,1,100,1816,4,0.0,0,39,84,0,13.9,25.5
199900,13.3,25.6,0.000,3.677,47.0,219,5.47,0.00,0,0,0,0,0.00,0,0,10.94,1712,0,0,0,0,0,0,0,0,0,0,0,0,0,0,0,0,0,0,0,0,0,0,0,0,0,0,0,0,0,0,0,0,0,0,0,0,0,0,0,0,0,0,0,0,0,0,0,0,0,0,0,0,0,0,0,0,0,0,0,0,0,0,0,0,0,0,0,0,0,0,0,0,0,0,28,137.25,162.7,1,100,1782,3,0.0,0,39,84,0,14.0,25.5
200000,13.3,25.6,0.000,3.677,47.4,219,5.08,0.00,0,0,0,0,0.00,0,0,10.94,1712,0,0,0,0,0,0,0,0,0,0,0,0,0,0,0,0,0,0,0,0,0,0,0,0,0,0,0,0,0,0,0,0,0,0,0,0,0,0,0,0,0,0,0,0,0,0,0,0,0,0,0,0,0,0,0,0,0,0,0,0,0,0,0,0,0,0,0,0,0,0,0,0,0,0,28,137.25,162.7,1,100,1748,4,0.0,0,39,84,0,13.9,25.5
200100,13.3,25.6,0.000,3.677,47.4,219,5.08,0.00,0,0,0,0,0.00,0,0,10.94,1712,0,0,0,0,0,0,0,0,0,0,0,0,0,0,0,0,0,0,0,0,0,0,0,0,0,0,0,0,0,0,0,0,0,0,0,0,0,0,0,0,0,0,0,0,0,0,0,0,0,0,0,0,0,0,0,0,0,0,0,0,0,0,0,0,0,0,0,0,0,0,0,0,0,0,28,137.25,162.5,1,100,1748,4,0.0,0,39,84,0,13.9,25.5
200200,13.3,25.6,0.000,3.677,47.0,219,5.08,0.00,0,0,0,0,0.00,0,0,10.94,1712,0,0,0,0,0,0,0,0,0,0,0,0,0,0,0,0,0,0,0,0,0,0,0,0,0,0,0,0,0,0,0,0,0,0,0,0,0,0,0,0,0,0,0,0,0,0,0,0,0,0,0,0,0,0,0,0,0,0,0,0,0,0,0,0,0,0,0,0,0,0,0,0,0,0,28,137.25,162.5,1,100,1754,5,0.0,0,39,84,0,13.9,25.5
200300,13.3,25.6,0.000,3.677,47.0,219,5.08,0.00,0,0,0,0,0.00,0,0,10.94,1712,0,0,0,0,0,0,0,0,0,0,0,0,0,0,0,0,0,0,0,0,0,0,0,0,0,0,0,0,0,0,0,0,0,0,0,0,0,0,0,0,0,0,0,0,0,0,0,0,0,0,0,0,0,0,0,0,0,0,0,0,0,0,0,0,0,0,0,0,0,0,0,0,0,0,28,137.25,162.5,1,100,1754,5,0.0,0,39,84,0,13.9,25.5
200400,13.3,25.6,0.000,3.705,47.0,219,5.08,0.00,0,0,0,0,0.00,0,0,10.94,1712,0,0,0,0,0,0,0,0,0,0,0,0,0,0,0,0,0,0,0,0,0,0,0,0,0,0,0,0,0,0,0,0,0,0,0,0,0,0,0,0,0,0,0,0,0,0,0,0,0,0,0,0,0,0,0,0,0,0,0,0,0,0,0,0,0,0,0,0,0,0,0,0,0,0,28,137.25,162.5,1,100,1774,5,0.0,0,39,84,0,14.0,25.5
200500,13.3,25.6,0.000,3.677,47.0,219,5.08,0.00,0,0,0,0,0.00,0,0,10.94,1712,0,0,0,0,0,0,0,0,0,0,0,0,0,0,0,0,0,0,0,0,0,0,0,0,0,0,0,0,0,0,0,0,0,0,0,0,0,0,0,0,0,0,0,0,0,0,0,0,0,0,0,0,0,0,0,0,0,0,0,0,0,0,0,0,0,0,0,0,0,0,0,0,0,0,28,137.25,162.5,1,100,1772,4,0.0,0,39,84,0,13.9,25.5
200600,13.3,25.6,0.000,3.677,47.0,219,5.08,0.00,0,0,0,0,0.00,0,0,10.94,1712,0,0,0,0,0,0,0,0,0,0,0,0,0,0,0,0,0,0,0,0,0,0,0,0,0,0,0,0,0,0,0,0,0,0,0,0,0,0,0,0,0,0,0,0,0,0,0,0,0,0,0,0,0,0,0,0,0,0,0,0,0,0,0,0,0,0,0,0,0,0,0,0,0,0,28,137.25,162.5,1,100,1793,4,0.0,0,39,84,0,13.9,25.5
200700,13.3,25.6,0.000,3.664,47.0,218,5.47,0.00,0,0,0,0,0.00,0,0,10.94,1712,0,0,0,0,0,0,0,0,0,0,0,0,0,0,0,0,0,0,0,0,0,0,0,0,0,0,0,0,0,0,0,0,0,0,0,0,0,0,0,0,0,0,0,0,0,0,0,0,0,0,0,0,0,0,0,0,0,0,0,0,0,0,0,0,0,0,0,0,0,0,0,0,0,0,28,137.25,162.5,1,100,1803,4,0.0,0,39,84,0,13.9,25.5
200800,13.3,25.6,0.000,3.677,47.0,219,5.47,0.00,0,0,0,0,0.00,0,0,10.94,1712,0,0,0,0,0,0,0,0,0,0,0,0,0,0,0,0,0,0,0,0,0,0,0,0,0,0,0,0,0,0,0,0,0,0,0,0,0,0,0,0,0,0,0,0,0,0,0,0,0,0,0,0,0,0,0,0,0,0,0,0,0,0,0,0,0,0,0,0,0,0,0,0,0,0,28,137.25,162.5,1,100,1803,4,0.0,0,39,84,0,13.9,25.5
200900,13.3,25.6,0.000,3.650,47.0,219,5.08,0.00,0,0,0,0,0.00,0,0,10.94,1712,0,0,0,0,0,0,0,0,0,0,0,0,0,0,0,0,0,0,0,0,0,0,0,0,0,0,0,0,0,0,0,0,0,0,0,0,0,0,0,0,0,0,0,0,0,0,0,0,0,0,0,0,0,0,0,0,0,0,0,0,0,0,0,0,0,0,0,0,0,0,0,0,0,0,28,137.25,162.5,1,100,1762,5,0.0,0,39,84,0,14.0,25.5
201000,13.3,25.6,0.000,3.677,47.0,219,5.08,0.00,0,0,0,0,0.00,0,0,10.94,1712,0,0,0,0,0,0,0,0,0,0,0,0,0,0,0,0,0,0,0,0,0,0,0,0,0,0,0,0,0,0,0,0,0,0,0,0,0,0,0,0,0,0,0,0,0,0,0,0,0,0,0,0,0,0,0,0,0,0,0,0,0,0,0,0,0,0,0,0,0,0,0,0,0,0,28,137.25,162.5,1,100,1762,5,0.0,0,39,84,0,14.0,25.5
201100,13.3,25.6,0.000,3.705,47.4,219,5.08,0.00,0,0,0,0,0.00,0,0,10.94,1712,0,0,0,0,0,0,0,0,0,0,0,0,0,0,0,0,0,0,0,0,0,0,0,0,0,0,0,0,0,0,0,0,0,0,0,0,0,0,0,0,0,0,0,0,0,0,0,0,0,0,0,0,0,0,0,0,0,0,0,0,0,0,0,0,0,0,0,0,0,0,0,0,0,0,28,137.25,162.5,1,100,1719,5,0.0,0,39,84,0,13.9,25.5
201200,13.3,25.6,0.000,3.677,47.4,219,5.08,0.00,0,0,0,0,0.00,0,0,10.94,1712,0,0,0,0,0,0,0,0,0,0,0,0,0,0,0,0,0,0,0,0,0,0,0,0,0,0,0,0,0,0,0,0,0,0,0,0,0,0,0,0,0,0,0,0,0,0,0,0,0,0,0,0,0,0,0,0,0,0,0,0,0,0,0,0,0,0,0,0,0,0,0,0,0,0,28,137.25,162.5,1,100,1722,6,0.0,0,39,84,0,13.9,25.5
201300,13.3,25.6,0.000,3.677,47.4,219,5.08,0.00,0,0,0,0,0.00,0,0,10.94,1712,0,0,0,0,0,0,0,0,0,0,0,0,0,0,0,0,0,0,0,0,0,0,0,0,0,0,0,0,0,0,0,0,0,0,0,0,0,0,0,0,0,0,0,0,0,0,0,0,0,0,0,0,0,0,0,0,0,0,0,0,0,0,0,0,0,0,0,0,0,0,0,0,0,0,28,137.25,162.5,1,100,1722,6,0.0,0,39,84,0,13.9,25.5
201400,13.3,25.6,0.000,3.677,47.0,219,5.08,0.00,0,0,0,0,0.00,0,0,10.94,1712,0,0,0,0,0,0,0,0,0,0,0,0,0,0,0,0,0,0,0,0,0,0,0,0,0,0,0,0,0,0,0,0,0,0,0,0,0,0,0,0,0,0,0,0,0,0,0,0,0,0,0,0,0,0,0,0,0,0,0,0,0,0,0,0,0,0,0,0,0,0,0,0,0,0,28,137.25,162.5,1,100,1770,4,0.0,0,39,84,0,14.0,25.5
201500,13.3,25.6,0.000,3.677,47.0,219,5.08,0.00,0,0,0,0,0.00,0,0,10.94,1712,0,0,0,0,0,0,0,0,0,0,0,0,0,0,0,0,0,0,0,0,0,0,0,0,0,0,0,0,0,0,0,0,0,0,0,0,0,0,0,0,0,0,0,0,0,0,0,0,0,0,0,0,0,0,0,0,0,0,0,0,0,0,0,0,0,0,0,0,0,0,0,0,0,0,28,137.25,162.5,1,100,1770,4,0.0,0,39,84,0,14.0,25.5
201600,13.3,25.6,0.000,3.705,47.4,219,5.08,0.00,0,0,0,0,0.00,0,0,10.94,1712,0,0,0,0,0,0,0,0,0,0,0,0,0,0,0,0,0,0,0,0,0,0,0,0,0,0,0,0,0,0,0,0,0,0,0,0,0,0,0,0,0,0,0,0,0,0,0,0,0,0,0,0,0,0,0,0,0,0,0,0,0,0,0,0,0,0,0,0,0,0,0,0,0,0,28,137.25,162.5,1,100,1729,6,0.0,0,39,84,0,13.9,25.5
201700,13.3,25.6,0.000,3.677,47.0,219,5.08,0.00,0,0,0,0,0.00,0,0,10.94,1712,0,0,0,0,0,0,0,0,0,0,0,0,0,0,0,0,0,0,0,0,0,0,0,0,0,0,0,0,0,0,0,0,0,0,0,0,0,0,0,0,0,0,0,0,0,0,0,0,0,0,0,0,0,0,0,0,0,0,0,0,0,0,0,0,0,0,0,0,0,0,0,0,0,0,28,137.25,162.5,1,100,1758,4,0.0,0,39,84,0,13.9,25.5
201800,13.3,25.6,0.000,3.677,47.0,219,5.08,0.00,0,0,0,0,0.00,0,0,10.94,1712,0,0,0,0,0,0,0,0,0,0,0,0,0,0,0,0,0,0,0,0,0,0,0,0,0,0,0,0,0,0,0,0,0,0,0,0,0,0,0,0,0,0,0,0,0,0,0,0,0,0,0,0,0,0,0,0,0,0,0,0,0,0,0,0,0,0,0,0,0,0,0,0,0,0,28,137.25,162.5,1,100,1788,5,0.0,0,39,84,0,13.9,25.5
201900,13.3,25.6,0.000,3.677,47.0,219,5.08,0.00,0,0,0,0,0.00,0,0,10.94,1712,0,0,0,0,0,0,0,0,0,0,0,0,0,0,0,0,0,0,0,0,0,0,0,0,0,0,0,0,0,0,0,0,0,0,0,0,0,0,0,0,0,0,0,0,0,0,0,0,0,0,0,0,0,0,0,0,0,0,0,0,0,0,0,0,0,0,0,0,0,0,0,0,0,0,28,137.25,162.5,1,100,1768,4,0.0,0,39,84,0,14.0,25.5
202000,13.3,25.6,0.000,3.677,47.0,219,5.08,0.00,0,0,0,0,0.00,0,0,10.94,1712,0,0,0,0,0,0,0,0,0,0,0,0,0,0,0,0,0,0,0,0,0,0,0,0,0,0,0,0,0,0,0,0,0,0,0,0,0,0,0,0,0,0,0,0,0,0,0,0,0,0,0,0,0,0,0,0,0,0,0,0,0,0,0,0,0,0,0,0,0,0,0,0,0,0,28,137.25,162.5,1,100,1768,4,0.0,0,39,84,0,14.0,25.5
202100,13.3,25.6,0.000,3.677,47.0,219,5.08,0.00,0,0,0,0,0.00,0,0,10.94,1712,0,0,0,0,0,0,0,0,0,0,0,0,0,0,0,0,0,0,0,0,0,0,0,0,0,0,0,0,0,0,0,0,0,0,0,0,0,0,0,0,0,0,0,0,0,0,0,0,0,0,0,0,0,0,0,0,0,0,0,0,0,0,0,0,0,0,0,0,0,0,0,0,0,0,28,137.25,162.6,0,100,1754,5,0.0,0,39,84,0,13.9,25.5
202200,13.3,25.6,0.000,3.705,47.4,219,5.08,0.00,0,0,0,0,0.00,0,0,10.94,1712,0,0,0,0,0,0,0,0,0,0,0,0,0,0,0,0,0,0,0,0,0,0,0,0,0,0,0,0,0,0,0,0,0,0,0,0,0,0,0,0,0,0,0,0,0,0,0,0,0,0,0,0,0,0,0,0,0,0,0,0,0,0,0,0,0,0,0,0,0,0,0,0,0,0,28,137.25,162.6,0,100,1740,5,0.0,0,39,84,0,14.0,25.5
202300,13.3,25.6,0.000,3.705,47.4,219,5.08,0.00,0,0,0,0,0.00,0,0,10.94,1712,0,0,0,0,0,0,0,0,0,0,0,0,0,0,0,0,0,0,0,0,0,0,0,0,0,0,0,0,0,0,0,0,0,0,0,0,0,0,0,0,0,0,0,0,0,0,0,0,0,0,0,0,0,0,0,0,0,0,0,0,0,0,0,0,0,0,0,0,0,0,0,0,0,0,28,137.25,162.6,0,100,1751,5,0.0,0,39,84,0,13.9,25.5
202400,13.3,25.6,0.000,3.664,47.0,218,5.08,0.00,0,0,0,0,0.00,0,0,10.94,1712,0,0,0,0,0,0,0,0,0,0,0,0,0,0,0,0,0,0,0,0,0,0,0,0,0,0,0,0,0,0,0,0,0,0,0,0,0,0,0,0,0,0,0,0,0,0,0,0,0,0,0,0,0,0,0,0,0,0,0,0,0,0,0,0,0,0,0,0,0,0,0,0,0,0,28,137.25,162.6,0,100,1774,4,0.0,0,39,84,0,13.9,25.5
202500,13.3,25.6,0.000,3.664,47.0,218,5.08,0.00,0,0,0,0,0.00,0,0,10.94,1712,0,0,0,0,0,0,0,0,0,0,0,0,0,0,0,0,0,0,0,0,0,0,0,0,0,0,0,0,0,0,0,0,0,0,0,0,0,0,0,0,0,0,0,0,0,0,0,0,0,0,0,0,0,0,0,0,0,0,0,0,0,0,0,0,0,0,0,0,0,0,0,0,0,0,28,137.25,162.6,0,100,1774,4,0.0,0,39,84,0,13.9,25.5
202600,13.3,25.6,0.000,3.677,47.0,219,5.08,0.00,0,0,0,0,0.00,0,0,10.94,1712,0,0,0,0,0,0,0,0,0,0,0,0,0,0,0,0,0,0,0,0,0,0,0,0,0,0,0,0,0,0,0,0,0,0,0,0,0,0,0,0,0,0,0,0,0,0,0,0,0,0,0,0,0,0,0,0,0,0,0,0,0,0,0,0,0,0,0,0,0,0,0,0,0,0,29,142.16,162.6,0,100,1777,4,0.0,0,39,84,0,13.8,25.5
202700,13.3,25.6,0.000,3.677,47.0,219,5.08,0.00,0,0,0,0,0.00,0,0,10.94,1712,0,0,0,0,0,0,0,0,0,0,0,0,0,0,0,0,0,0,0,0,0,0,0,0,0,0,0,0,0,0,0,0,0,0,0,0,0,0,0,0,0,0,0,0,0,0,0,0,0,0,0,0,0,0,0,0,0,0,0,0,0,0,0,0,0,0,0,0,0,0,0,0,0,0,28,137.25,162.6,0,100,1752,4,0.0,0,39,84,0,14.0,25.5
202800,13.3,25.6,0.000,3.677,47.0,219,5.08,0.00,0,0,0,0,0.00,0,0,10.94,1712,0,0,0,0,0,0,0,0,0,0,0,0,0,0,0,0,0,0,0,0,0,0,0,0,0,0,0,0,0,0,0,0,0,0,0,0,0,0,0,0,0,0,0,0,0,0,0,0,0,0,0,0,0,0,0,0,0,0,0,0,0,0,0,0,0,0,0,0,0,0,0,0,0,0,28,137.25,162.6,0,100,1759,5,0.0,0,39,84,0,13.9,25.5
202900,13.3,25.6,0.000,3.677,47.0,219,5.08,0.00,0,0,0,0,0.00,0,0,10.94,1712,0,0,0,0,0,0,0,0,0,0,0,0,0,0,0,0,0,0,0,0,0,0,0,0,0,0,0,0,0,0,0,0,0,0,0,0,0,0,0,0,0,0,0,0,0,0,0,0,0,0,0,0,0,0,0,0,0,0,0,0,0,0,0,0,0,0,0,0,0,0,0,0,0,0,28,137.25,162.6,0,100,1767,4,0.0,0,39,84,0,13.9,25.5
203000,13.3,25.6,0.000,3.677,47.0,219,5.08,0.00,0,0,0,0,0.00,0,0,10.94,1712,0,0,0,0,0,0,0,0,0,0,0,0,0,0,0,0,0,0,0,0,0,0,0,0,0,0,0,0,0,0,0,0,0,0,0,0,0,0,0,0,0,0,0,0,0,0,0,0,0,0,0,0,0,0,0,0,0,0,0,0,0,0,0,0,0,0,0,0,0,0,0,0,0,0,28,137.25,162.6,0,100,1767,4,0.0,0,39,84,0,13.9,25.5
203100,13.3,25.6,0.000,3.677,47.0,219,5.08,0.00,0,0,0,0,0.00,0,0,10.94,1712,0,0,0,0,0,0,0,0,0,0,0,0,0,0,0,0,0,0,0,0,0,0,0,0,0,0,0,0,0,0,0,0,0,0,0,0,0,0,0,0,0,0,0,0,0,0,0,0,0,0,0,0,0,0,0,0,0,0,0,0,0,0,0,0,0,0,0,0,0,0,0,0,0,0,28,137.25,162.4,1,100,1753,4,0.0,0,39,84,0,13.9,25.5
203200,13.3,25.6,0.000,3.664,47.0,218,5.08,0.00,0,0,0,0,0.00,0,0,10.94,1712,0,0,0,0,0,0,0,0,0,0,0,0,0,0,0,0,0,0,0,0,0,0,0,0,0,0,0,0,0,0,0,0,0,0,0,0,0,0,0,0,0,0,0,0,0,0,0,0,0,0,0,0,0,0,0,0,0,0,0,0,0,0,0,0,0,0,0,0,0,0,0,0,0,0,28,137.25,162.4,1,100,1753,4,0.0,0,39,84,0,13.9,25.5
203300,13.3,25.6,0.000,3.705,47.4,219,5.08,0.00,0,0,0,0,0.00,0,0,10.94,1712,0,0,0,0,0,0,0,0,0,0,0,0,0,0,0,0,0,0,0,0,0,0,0,0,0,0,0,0,0,0,0,0,0,0,0,0,0,0,0,0,0,0,0,0,0,0,0,0,0,0,0,0,0,0,0,0,0,0,0,0,0,0,0,0,0,0,0,0,0,0,0,0,0,0,28,137.25,162.4,1,100,1733,5,0.0,0,39,84,0,14.0,25.5
203400,13.3,25.6,0.000,3.677,47.4,219,5.08,0.00,0,0,0,0,0.00,0,0,10.94,1712,0,0,0,0,0,0,0,0,0,0,0,0,0,0,0,0,0,0,0,0,0,0,0,0,0,0,0,0,0,0,0,0,0,0,0,0,0,0,0,0,0,0,0,0,0,0,0,0,0,0,0,0,0,0,0,0,0,0,0,0,0,0,0,0,0,0,0,0,0,0,0,0,0,0,29,142.16,162.4,1,100,1735,5,0.0,0,39,84,0,13.9,25.5
203500,13.3,25.6,0.000,3.677,47.4,219,5.08,0.00,0,0,0,0,0.00,0,0,10.94,1712,0,0,0,0,0,0,0,0,0,0,0,0,0,0,0,0,0,0,0,0,0,0,0,0,0,0,0,0,0,0,0,0,0,0,0,0,0,0,0,0,0,0,0,0,0,0,0,0,0,0,0,0,0,0,0,0,0,0,0,0,0,0,0,0,0,0,0,0,0,0,0,0,0,0,28,137.25,162.4,1,100,1772,4,0.0,0,39,84,0,13.9,25.5
203600,13.3,25.6,0.000,3.677,47.0,219,5.08,0.00,0,0,0,0,0.00,0,0,10.94,1712,0,0,0,0,0,0,0,0,0,0,0,0,0,0,0,0,0,0,0,0,0,0,0,0,0,0,0,0,0,0,0,0,0,0,0,0,0,0,0,0,0,0,0,0,0,0,0,0,0,0,0,0,0,0,0,0,0,0,0,0,0,0,0,0,0,0,0,0,0,0,0,0,0,0,28,137.25,162.4,1,100,1772,4,0.0,0,39,84,0,13.9,25.5
203700,13.3,25.6,0.000,3.677,47.0,219,5.08,0.00,0,0,0,0,0.00,0,0,10.94,1712,0,0,0,0,0,0,0,0,0,0,0,0,0,0,0,0,0,0,0,0,0,0,0,0,0,0,0,0,0,0,0,0,0,0,0,0,0,0,0,0,0,0,0,0,0,0,0,0,0,0,0,0,0,0,0,0,0,0,0,0,0,0,0,0,0,0,0,0,0,0,0,0,0,0,28,137.25,162.4,1,100,1813,4,0.0,0,39,84,0,13.9,25.5
203800,13.3,25.6,0.000,3.664,47.0,218,5.47,0.00,0,0,0,0,0.00,0,0,10.94,1712,0,0,0,0,0,0,0,0,0,0,0,0,0,0,0,0,0,0,0,0,0,0,0,0,0,0,0,0,0,0,0,0,0,0,0,0,0,0,0,0,0,0,0,0,0,0,0,0,0,0,0,0,0,0,0,0,0,0,0,0,0,0,0,0,0,0,0,0,0,0,0,0,0,0,28,137.25,162.4,1,100,1813,4,0.0,0,39,84,0,13.9,25.5
203900,13.3,25.6,0.000,3.677,47.0,219,5.08,0.00,0,0,0,0,0.00,0,0,10.94,1712,0,0,0,0,0,0,0,0,0,0,0,0,0,0,0,0,0,0,0,0,0,0,0,0,0,0,0,0,0,0,0,0,0,0,0,0,0,0,0,0,0,0,0,0,0,0,0,0,0,0,0,0,0,0,0,0,0,0,0,0,0,0,0,0,0,0,0,0,0,0,0,0,0,0,28,137.25,162.4,1,100,1754,4,0.0,0,39,84,0,13.9,25.5
204000,13.3,25.6,0.000,3.677,47.0,219,5.47,0.00,0,0,0,0,0.00,0,0,10.94,1712,0,0,0,0,0,0,0,0,0,0,0,0,0,0,0,0,0,0,0,0,0,0,0,0,0,0,0,0,0,0,0,0,0,0,0,0,0,0,0,0,0,0,0,0,0,0,0,0,0,0,0,0,0,0,0,0,0,0,0,0,0,0,0,0,0,0,0,0,0,0,0,0,0,0,28,137.25,162.4,1,100,1785,4,0.0,0,39,84,0,14.0,25.5
204100,13.3,25.6,0.000,3.677,47.0,219,5.47,0.00,0,0,0,0,0.00,0,0,10.94,1712,0,0,0,0,0,0,0,0,0,0,0,0,0,0,0,0,0,0,0,0,0,0,0,0,0,0,0,0,0,0,0,0,0,0,0,0,0,0,0,0,0,0,0,0,0,0,0,0,0,0,0,0,0,0,0,0,0,0,0,0,0,0,0,0,0,0,0,0,0,0,0,0,0,0,28,137.25,162.2,0,100,1785,4,0.0,0,39,84,0,14.0,25.5
204200,13.3,25.6,0.000,3.677,47.4,219,5.08,0.00,0,0,0,0,0.00,0,0,10.94,1712,0,0,0,0,0,0,0,0,0,0,0,0,0,0,0,0,0,0,0,0,0,0,0,0,0,0,0,0,0,0,0,0,0,0,0,0,0,0,0,0,0,0,0,0,0,0,0,0,0,0,0,0,0,0,0,0,0,0,0,0,0,0,0,0,0,0,0,0,0,0,0,0,0,0,28,137.25,162.2,0,100,1724,5,0.0,0,39,84,0,13.9,25.5
204300,13.3,25.6,0.000,3.677,47.4,219,5.08,0.00,0,0,0,0,0.00,0,0,10.94,1712,0,0,0,0,0,0,0,0,0,0,0,0,0,0,0,0,0,0,0,0,0,0,0,0,0,0,0,0,0,0,0,0,0,0,0,0,0,0,0,0,0,0,0,0,0,0,0,0,0,0,0,0,0,0,0,0,0,0,0,0,0,0,0,0,0,0,0,0,0,0,0,0,0,0,28,137.25,162.2,0,100,1724,5,0.0,0,39,84,0,13.9,25.5
204400,13.3,25.6,0.000,3.705,47.4,219,5.08,0.00,0,0,0,0,0.00,0,0,10.94,1712,0,0,0,0,0,0,0,0,0,0,0,0,0,0,0,0,0,0,0,0,0,0,0,0,0,0,0,0,0,0,0,0,0,0,0,0,0,0,0,0,0,0,0,0,0,0,0,0,0,0,0,0,0,0,0,0,0,0,0,0,0,0,0,0,0,0,0,0,0,0,0,0,0,0,28,137.25,162.2,0,100,1732,6,0.0,0,39,84,0,13.9,25.5
204500,13.3,25.6,0.000,3.705,47.0,219,5.08,0.00,0,0,0,0,0.00,0,0,10.94,1712,0,0,0,0,0,0,0,0,0,0,0,0,0,0,0,0,0,0,0,0,0,0,0,0,0,0,0,0,0,0,0,0,0,0,0,0,0,0,0,0,0,0,0,0,0,0,0,0,0,0,0,0,0,0,0,0,0,0,0,0,0,0,0,0,0,0,0,0,0,0,0,0,0,0,28,137.25,162.2,0,100,1792,5,0.0,0,39,84,0,14.0,25.5
204600,13.3,25.6,0.000,3.705,47.0,219,5.08,0.00,0,0,0,0,0.00,0,0,10.94,1712,0,0,0,0,0,0,0,0,0,0,0,0,0,0,0,0,0,0,0,0,0,0,0,0,0,0,0,0,0,0,0,0,0,0,0,0,0,0,0,0,0,0,0,0,0,0,0,0,0,0,0,0,0,0,0,0,0,0,0,0,0,0,0,0,0,0,0,0,0,0,0,0,0,0,28,137.25,162.2,0,100,1739,5,0.0,0,39,84,0,13.9,25.5
204700,13.3,25.6,0.000,3.705,47.4,219,5.08,0.00,0,0,0,0,0.00,0,0,10.94,1712,0,0,0,0,0,0,0,0,0,0,0,0,0,0,0,0,0,0,0,0,0,0,0,0,0,0,0,0,0,0,0,0,0,0,0,0,0,0,0,0,0,0,0,0,0,0,0,0,0,0,0,0,0,0,0,0,0,0,0,0,0,0,0,0,0,0,0,0,0,0,0,0,0,0,29,142.16,162.2,0,100,1713,5,0.0,0,39,84,0,13.9,25.5
204800,13.3,25.6,0.000,3.705,47.4,219,5.08,0.00,0,0,0,0,0.00,0,0,10.94,1712,0,0,0,0,0,0,0,0,0,0,0,0,0,0,0,0,0,0,0,0,0,0,0,0,0,0,0,0,0,0,0,0,0,0,0,0,0,0,0,0,0,0,0,0,0,0,0,0,0,0,0,0,0,0,0,0,0,0,0,0,0,0,0,0,0,0,0,0,0,0,0,0,0,0,29,142.16,162.2,0,100,1713,5,0.0,0,39,84,0,13.9,25.5
204900,13.3,25.6,0.000,3.705,47.0,219,5.08,0.00,0,0,0,0,0.00,0,0,10.94,1712,0,0,0,0,0,0,0,0,0,0,0,0,0,0,0,0,0,0,0,0,0,0,0,0,0,0,0,0,0,0,0,0,0,0,0,0,0,0,0,0,0,0,0,0,0,0,0,0,0,0,0,0,0,0,0,0,0,0,0,0,0,0,0,0,0,0,0,0,0,0,0,0,0,0,28,137.25,162.2,0,100,1758,6,0.0,0,39,84,0,13.9,25.5
205000,13.3,25.6,0.000,3.677,47.0,219,5.08,0.00,0,0,0,0,0.00,0,0,10.94,1712,0,0,0,0,0,0,0,0,0,0,0,0,0,0,0,0,0,0,0,0,0,0,0,0,0,0,0,0,0,0,0,0,0,0,0,0,0,0,0,0,0,0,0,0,0,0,0,0,0,0,0,0,0,0,0,0,0,0,0,0,0,0,0,0,0,0,0,0,0,0,0,0,0,0,28,137.25,162.2,0,100,1759,5,0.0,0,39,84,0,13.9,25.5
205100,13.3,25.6,0.000,3.677,47.0,219,5.08,0.00,0,0,0,0,0.00,0,0,10.94,1712,0,0,0,0,0,0,0,0,0,0,0,0,0,0,0,0,0,0,0,0,0,0,0,0,0,0,0,0,0,0,0,0,0,0,0,0,0,0,0,0,0,0,0,0,0,0,0,0,0,0,0,0,0,0,0,0,0,0,0,0,0,0,0,0,0,0,0,0,0,0,0,0,0,0,28,137.25,162.2,0,100,1788,4,0.0,0,39,84,0,13.9,25.5
205200,13.3,25.6,0.000,3.677,47.0,219,5.08,0.00,0,0,0,0,0.00,0,0,10.94,1712,0,0,0,0,0,0,0,0,0,0,0,0,0,0,0,0,0,0,0,0,0,0,0,0,0,0,0,0,0,0,0,0,0,0,0,0,0,0,0,0,0,0,0,0,0,0,0,0,0,0,0,0,0,0,0,0,0,0,0,0,0,0,0,0,0,0,0,0,0,0,0,0,0,0,28,137.25,162.2,0,100,1788,4,0.0,0,39,84,0,14.0,25.5
205300,13.3,25.6,0.000,3.677,47.0,219,5.08,0.00,0,0,0,0,0.00,0,0,10.94,1712,0,0,0,0,0,0,0,0,0,0,0,0,0,0,0,0,0,0,0,0,0,0,0,0,0,0,0,0,0,0,0,0,0,0,0,0,0,0,0,0,0,0,0,0,0,0,0,0,0,0,0,0,0,0,0,0,0,0,0,0,0,0,0,0,0,0,0,0,0,0,0,0,0,0,28,137.25,162.2,0,100,1788,4,0.0,0,39,84,0,14.0,25.5
205400,13.3,25.6,0.000,3.677,47.0,219,5.08,0.00,0,0,0,0,0.00,0,0,10.94,1712,0,0,0,0,0,0,0,0,0,0,0,0,0,0,0,0,0,0,0,0,0,0,0,0,0,0,0,0,0,0,0,0,0,0,0,0,0,0,0,0,0,0,0,0,0,0,0,0,0,0,0,0,0,0,0,0,0,0,0,0,0,0,0,0,0,0,0,0,0,0,0,0,0,0,28,137.25,162.2,0,100,1801,3,0.0,0,39,84,0,13.9,25.5
205500,13.3,25.6,0.000,3.664,47.0,218,5.47,0.00,0,0,0,0,0.00,0,0,10.94,1712,0,0,0,0,0,0,0,0,0,0,0,0,0,0,0,0,0,0,0,0,0,0,0,0,0,0,0,0,0,0,0,0,0,0,0,0,0,0,0,0,0,0,0,0,0,0,0,0,0,0,0,0,0,0,0,0,0,0,0,0,0,0,0,0,0,0,0,0,0,0,0,0,0,0,28,137.25,162.2,0,100,1801,3,0.0,0,39,84,0,13.9,25.5
205600,13.3,25.6,0.000,3.677,47.0,219,5.08,0.00,0,0,0,0,0.00,0,0,10.94,1712,0,0,0,0,0,0,0,0,0,0,0,0,0,0,0,0,0,0,0,0,0,0,0,0,0,0,0,0,0,0,0,0,0,0,0,0,0,0,0,0,0,0,0,0,0,0,0,0,0,0,0,0,0,0,0,0,0,0,0,0,0,0,0,0,0,0,0,0,0,0,0,0,0,0,28,137.25,162.2,0,100,1766,4,0.0,0,39,84,0,13.9,25.5
205700,13.3,25.6,0.000,3.677,47.0,219,5.08,0.00,0,0,0,0,0.00,0,0,10.94,1712,0,0,0,0,0,0,0,0,0,0,0,0,0,0,0,0,0,0,0,0,0,0,0,0,0,0,0,0,0,0,0,0,0,0,0,0,0,0,0,0,0,0,0,0,0,0,0,0,0,0,0,0,0,0,0,0,0,0,0,0,0,0,0,0,0,0,0,0,0,0,0,0,0,0,28,137.25,162.2,0,100,1766,4,0.0,0,39,84,0,13.9,25.5
205800,13.3,25.6,0.000,3.705,47.4,219,5.08,0.00,0,0,0,0,0.00,0,0,10.94,1712,0,0,0,0,0,0,0,0,0,0,0,0,0,0,0,0,0,0,0,0,0,0,0,0,0,0,0,0,0,0,0,0,0,0,0,0,0,0,0,0,0,0,0,0,0,0,0,0,0,0,0,0,0,0,0,0,0,0,0,0,0,0,0,0,0,0,0,0,0,0,0,0,0,0,29,142.16,162.2,0,100,1726,6,0.0,0,39,84,0,13.9,25.5
205900,13.3,25.6,0.000,3.705,47.4,219,5.08,0.00,0,0,0,0,0.00,0,0,10.94,1712,0,0,0,0,0,0,0,0,0,0,0,0,0,0,0,0,0,0,0,0,0,0,0,0,0,0,0,0,0,0,0,0,0,0,0,0,0,0,0,0,0,0,0,0,0,0,0,0,0,0,0,0,0,0,0,0,0,0,0,0,0,0,0,0,0,0,0,0,0,0,0,0,0,0,29,142.16,162.2,0,100,1726,6,0.0,0,39,84,0,13.9,25.5
206000,13.3,25.6,0.000,3.705,47.4,219,5.08,0.00,0,0,0,0,0.00,0,0,10.94,1712,0,0,0,0,0,0,0,0,0,0,0,0,0,0,0,0,0,0,0,0,0,0,0,0,0,0,0,0,0,0,0,0,0,0,0,0,0,0,0,0,0,0,0,0,0,0,0,0,0,0,0,0,0,0,0,0,0,0,0,0,0,0,0,0,0,0,0,0,0,0,0,0,0,0,28,137.25,162.2,0,100,1746,5,0.0,0,39,84,0,14.0,25.5
206100,13.3,25.6,0.000,3.677,47.0,219,5.08,0.00,0,0,0,0,0.00,0,0,10.94,1712,0,0,0,0,0,0,0,0,0,0,0,0,0,0,0,0,0,0,0,0,0,0,0,0,0,0,0,0,0,0,0,0,0,0,0,0,0,0,0,0,0,0,0,0,0,0,0,0,0,0,0,0,0,0,0,0,0,0,0,0,0,0,0,0,0,0,0,0,0,0,0,0,0,0,29,142.16,162.1,0,100,1751,4,0.0,0,39,84,0,13.9,25.5
206200,13.3,25.6,0.000,3.677,47.0,219,5.08,0.00,0,0,0,0,0.00,0,0,10.94,1712,0,0,0,0,0,0,0,0,0,0,0,0,0,0,0,0,0,0,0,0,0,0,0,0,0,0,0,0,0,0,0,0,0,0,0,0,0,0,0,0,0,0,0,0,0,0,0,0,0,0,0,0,0,0,0,0,0,0,0,0,0,0,0,0,0,0,0,0,0,0,0,0,0,0,28,137.25,162.1,0,100,1743,5,0.0,0,39,84,0,13.9,25.5
206300,13.3,25.6,0.000,3.677,47.0,219,5.08,0.00,0,0,0,0,0.00,0,0,10.94,1712,0,0,0,0,0,0,0,0,0,0,0,0,0,0,0,0,0,0,0,0,0,0,0,0,0,0,0,0,0,0,0,0,0,0,0,0,0,0,0,0,0,0,0,0,0,0,0,0,0,0,0,0,0,0,0,0,0,0,0,0,0,0,0,0,0,0,0,0,0,0,0,0,0,0,28,137.25,162.1,0,100,1795,4,0.0,0,39,84,0,13.9,25.5
206400,13.3,25.6,0.000,3.677,47.0,219,5.08,0.00,0,0,0,0,0.00,0,0,10.94,1712,0,0,0,0,0,0,0,0,0,0,0,0,0,0,0,0,0,0,0,0,0,0,0,0,0,0,0,0,0,0,0,0,0,0,0,0,0,0,0,0,0,0,0,0,0,0,0,0,0,0,0,0,0,0,0,0,0,0,0,0,0,0,0,0,0,0,0,0,0,0,0,0,0,0,28,137.25,162.1,0,100,1795,4,0.0,0,39,84,0,13.9,25.5
206500,13.3,25.6,0.000,3.677,47.0,219,5.08,0.00,0,0,0,0,0.00,0,0,10.94,1712,0,0,0,0,0,0,0,0,0,0,0,0,0,0,0,0,0,0,0,0,0,0,0,0,0,0,0,0,0,0,0,0,0,0,0,0,0,0,0,0,0,0,0,0,0,0,0,0,0,0,0,0,0,0,0,0,0,0,0,0,0,0,0,0,0,0,0,0,0,0,0,0,0,0,28,137.25,162.1,0,100,1795,4,0.0,0,39,84,0,14.0,25.5
206600,13.3,25.6,0.000,3.705,47.4,219,5.08,0.00,0,0,0,0,0.00,0,0,10.94,1712,0,0,0,0,0,0,0,0,0,0,0,0,0,0,0,0,0,0,0,0,0,0,0,0,0,0,0,0,0,0,0,0,0,0,0,0,0,0,0,0,0,0,0,0,0,0,0,0,0,0,0,0,0,0,0,0,0,0,0,0,0,0,0,0,0,0,0,0,0,0,0,0,0,0,28,137.25,162.1,0,100,1745,5,0.0,0,39,84,0,13.9,25.5
206700,13.3,25.6,0.000,3.677,47.0,219,5.47,0.00,0,0,0,0,0.00,0,0,10.94,1712,0,0,0,0,0,0,0,0,0,0,0,0,0,0,0,0,0,0,0,0,0,0,0,0,0,0,0,0,0,0,0,0,0,0,0,0,0,0,0,0,0,0,0,0,0,0,0,0,0,0,0,0,0,0,0,0,0,0,0,0,0,0,0,0,0,0,0,0,0,0,0,0,0,0,28,137.25,162.1,0,100,1788,4,0.0,0,39,84,0,13.9,25.5
206800,13.3,25.6,0.000,3.677,47.0,219,5.47,0.00,0,0,0,0,0.00,0,0,10.94,1712,0,0,0,0,0,0,0,0,0,0,0,0,0,0,0,0,0,0,0,0,0,0,0,0,0,0,0,0,0,0,0,0,0,0,0,0,0,0,0,0,0,0,0,0,0,0,0,0,0,0,0,0,0,0,0,0,0,0,0,0,0,0,0,0,0,0,0,0,0,0,0,0,0,0,28,137.25,162.1,0,100,1768,4,0.0,0,39,84,0,13.9,25.5
206900,13.3,25.6,0.000,3.677,47.0,219,5.08,0.00,0,0,0,0,0.00,0,0,10.94,1712,0,0,0,0,0,0,0,0,0,0,0,0,0,0,0,0,0,0,0,0,0,0,0,0,0,0,0,0,0,0,0,0,0,0,0,0,0,0,0,0,0,0,0,0,0,0,0,0,0,0,0,0,0,0,0,0,0,0,0,0,0,0,0,0,0,0,0,0,0,0,0,0,0,0,28,137.25,162.1,0,100,1761,5,0.0,0,39,84,0,13.9,25.5
207000,13.3,25.6,0.000,3.677,47.0,219,5.08,0.00,0,0,0,0,0.00,0,0,10.94,1712,0,0,0,0,0,0,0,0,0,0,0,0,0,0,0,0,0,0,0,0,0,0,0,0,0,0,0,0,0,0,0,0,0,0,0,0,0,0,0,0,0,0,0,0,0,0,0,0,0,0,0,0,0,0,0,0,0,0,0,0,0,0,0,0,0,0,0,0,0,0,0,0,0,0,28,137.25,162.2,0,100,1761,5,0.0,0,39,84,0,13.9,25.5
207100,13.3,25.6,0.000,3.705,47.4,219,5.08,0.00,0,0,0,0,0.00,0,0,10.94,1712,0,0,0,0,0,0,0,0,0,0,0,0,0,0,0,0,0,0,0,0,0,0,0,0,0,0,0,0,0,0,0,0,0,0,0,0,0,0,0,0,0,0,0,0,0,0,0,0,0,0,0,0,0,0,0,0,0,0,0,0,0,0,0,0,0,0,0,0,0,0,0,0,0,0,28,137.25,162.2,0,100,1733,5,0.0,0,39,84,0,14.0,25.5
207200,13.3,25.6,0.000,3.677,47.4,219,5.08,0.00,0,0,0,0,0.00,0,0,10.94,1712,0,0,0,0,0,0,0,0,0,0,0,0,0,0,0,0,0,0,0,0,0,0,0,0,0,0,0,0,0,0,0,0,0,0,0,0,0,0,0,0,0,0,0,0,0,0,0,0,0,0,0,0,0,0,0,0,0,0,0,0,0,0,0,0,0,0,0,0,0,0,0,0,0,0,28,137.25,162.2,0,100,1738,4,0.0,0,39,84,0,13.9,25.5
207300,13.3,25.6,0.000,3.705,47.0,219,5.08,0.00,0,0,0,0,0.00,0,0,10.94,1712,0,0,0,0,0,0,0,0,0,0,0,0,0,0,0,0,0,0,0,0,0,0,0,0,0,0,0,0,0,0,0,0,0,0,0,0,0,0,0,0,0,0,0,0,0,0,0,0,0,0,0,0,0,0,0,0,0,0,0,0,0,0,0,0,0,0,0,0,0,0,0,0,0,0,28,137.25,162.2,0,100,1776,4,0.0,0,39,84,0,13.9,25.5
207400,13.3,25.6,0.000,3.677,47.0,219,5.08,0.00,0,0,0,0,0.00,0,0,10.94,1712,0,0,0,0,0,0,0,0,0,0,0,0,0,0,0,0,0,0,0,0,0,0,0,0,0,0,0,0,0,0,0,0,0,0,0,0,0,0,0,0,0,0,0,0,0,0,0,0,0,0,0,0,0,0,0,0,0,0,0,0,0,0,0,0,0,0,0,0,0,0,0,0,0,0,28,137.25,162.2,0,100,1759,5,0.0,0,39,84,0,14.0,25.5
207500,13.3,25.6,0.000,3.677,47.0,219,5.08,0.00,0,0,0,0,0.00,0,0,10.94,1712,0,0,0,0,0,0,0,0,0,0,0,0,0,0,0,0,0,0,0,0,0,0,0,0,0,0,0,0,0,0,0,0,0,0,0,0,0,0,0,0,0,0,0,0,0,0,0,0,0,0,0,0,0,0,0,0,0,0,0,0,0,0,0,0,0,0,0,0,0,0,0,0,0,0,28,137.25,162.2,0,100,1759,5,0.0,0,39,84,0,14.0,25.5
207600,13.3,25.6,0.000,3.705,47.4,219,5.08,0.00,0,0,0,0,0.00,0,0,10.94,1712,0,0,0,0,0,0,0,0,0,0,0,0,0,0,0,0,0,0,0,0,0,0,0,0,0,0,0,0,0,0,0,0,0,0,0,0,0,0,0,0,0,0,0,0,0,0,0,0,0,0,0,0,0,0,0,0,0,0,0,0,0,0,0,0,0,0,0,0,0,0,0,0,0,0,29,142.16,162.2,0,100,1729,6,0.0,0,39,84,0,13.9,25.5
207700,13.3,25.6,0.000,3.705,47.4,219,5.08,0.00,0,0,0,0,0.00,0,0,10.94,1712,0,0,0,0,0,0,0,0,0,0,0,0,0,0,0,0,0,0,0,0,0,0,0,0,0,0,0,0,0,0,0,0,0,0,0,0,0,0,0,0,0,0,0,0,0,0,0,0,0,0,0,0,0,0,0,0,0,0,0,0,0,0,0,0,0,0,0,0,0,0,0,0,0,0,29,142.16,162.2,0,100,1729,6,0.0,0,39,84,0,13.9,25.5
207800,13.3,25.6,0.000,3.677,47.0,219,5.08,0.00,0,0,0,0,0.00,0,0,10.94,1712,0,0,0,0,0,0,0,0,0,0,0,0,0,0,0,0,0,0,0,0,0,0,0,0,0,0,0,0,0,0,0,0,0,0,0,0,0,0,0,0,0,0,0,0,0,0,0,0,0,0,0,0,0,0,0,0,0,0,0,0,0,0,0,0,0,0,0,0,0,0,0,0,0,0,28,137.25,162.2,0,100,1798,4,0.0,0,39,84,0,13.9,25.5
207900,13.3,25.6,0.000,3.677,47.0,219,5.08,0.00,0,0,0,0,0.00,0,0,10.94,1712,0,0,0,0,0,0,0,0,0,0,0,0,0,0,0,0,0,0,0,0,0,0,0,0,0,0,0,0,0,0,0,0,0,0,0,0,0,0,0,0,0,0,0,0,0,0,0,0,0,0,0,0,0,0,0,0,0,0,0,0,0,0,0,0,0,0,0,0,0,0,0,0,0,0,28,137.25,162.2,0,100,1762,4,0.0,0,39,84,0,13.9,25.5
208000,13.3,25.6,0.000,3.677,47.0,219,5.08,0.00,0,0,0,0,0.00,0,0,10.94,1712,0,0,0,0,0,0,0,0,0,0,0,0,0,0,0,0,0,0,0,0,0,0,0,0,0,0,0,0,0,0,0,0,0,0,0,0,0,0,0,0,0,0,0,0,0,0,0,0,0,0,0,0,0,0,0,0,0,0,0,0,0,0,0,0,0,0,0,0,0,0,0,0,0,0,28,137.25,162.2,0,100,1763,4,0.0,0,39,84,0,14.0,25.5
208100,13.3,25.6,0.000,3.705,47.4,219,5.08,0.00,0,0,0,0,0.00,0,0,10.94,1712,0,0,0,0,0,0,0,0,0,0,0,0,0,0,0,0,0,0,0,0,0,0,0,0,0,0,0,0,0,0,0,0,0,0,0,0,0,0,0,0,0,0,0,0,0,0,0,0,0,0,0,0,0,0,0,0,0,0,0,0,0,0,0,0,0,0,0,0,0,0,0,0,0,0,28,137.25,162.2,0,100,1716,5,0.0,0,39,84,0,13.9,25.5
208200,13.3,25.6,0.000,3.705,47.4,219,5.08,0.00,0,0,0,0,0.00,0,0,10.94,1712,0,0,0,0,0,0,0,0,0,0,0,0,0,0,0,0,0,0,0,0,0,0,0,0,0,0,0,0,0,0,0,0,0,0,0,0,0,0,0,0,0,0,0,0,0,0,0,0,0,0,0,0,0,0,0,0,0,0,0,0,0,0,0,0,0,0,0,0,0,0,0,0,0,0,28,137.25,162.2,0,100,1716,5,0.0,0,39,84,0,13.9,25.5
208300,13.3,25.6,0.000,3.705,47.4,219,5.08,0.00,0,0,0,0,0.00,0,0,10.94,1712,0,0,0,0,0,0,0,0,0,0,0,0,0,0,0,0,0,0,0,0,0,0,0,0,0,0,0,0,0,0,0,0,0,0,0,0,0,0,0,0,0,0,0,0,0,0,0,0,0,0,0,0,0,0,0,0,0,0,0,0,0,0,0,0,0,0,0,0,0,0,0,0,0,0,29,142.16,162.2,0,100,1721,6,0.0,0,39,84,0,13.9,25.5
208400,13.3,25.6,0.000,3.705,47.4,219,5.08,0.00,0,0,0,0,0.00,0,0,10.94,1712,0,0,0,0,0,0,0,0,0,0,0,0,0,0,0,0,0,0,0,0,0,0,0,0,0,0,0,0,0,0,0,0,0,0,0,0,0,0,0,0,0,0,0,0,0,0,0,0,0,0,0,0,0,0,0,0,0,0,0,0,0,0,0,0,0,0,0,0,0,0,0,0,0,0,29,142.16,162.2,0,100,1721,6,0.0,0,39,84,0,13.9,25.5
208500,13.3,25.6,0.000,3.705,47.4,219,5.08,0.00,0,0,0,0,0.00,0,0,10.94,1712,0,0,0,0,0,0,0,0,0,0,0,0,0,0,0,0,0,0,0,0,0,0,0,0,0,0,0,0,0,0,0,0,0,0,0,0,0,0,0,0,0,0,0,0,0,0,0,0,0,0,0,0,0,0,0,0,0,0,0,0,0,0,0,0,0,0,0,0,0,0,0,0,0,0,28,137.25,162.2,0,100,1727,6,0.0,0,39,84,0,13.9,25.5
208600,13.3,25.6,0.000,3.677,47.0,219,5.08,0.00,0,0,0,0,0.00,0,0,10.94,1712,0,0,0,0,0,0,0,0,0,0,0,0,0,0,0,0,0,0,0,0,0,0,0,0,0,0,0,0,0,0,0,0,0,0,0,0,0,0,0,0,0,0,0,0,0,0,0,0,0,0,0,0,0,0,0,0,0,0,0,0,0,0,0,0,0,0,0,0,0,0,0,0,0,0,29,142.16,162.2,0,100,1750,4,0.0,0,39,84,0,13.9,25.5
208700,13.3,25.6,0.000,3.677,47.0,219,5.08,0.00,0,0,0,0,0.00,0,0,10.94,1712,0,0,0,0,0,0,0,0,0,0,0,0,0,0,0,0,0,0,0,0,0,0,0,0,0,0,0,0,0,0,0,0,0,0,0,0,0,0,0,0,0,0,0,0,0,0,0,0,0,0,0,0,0,0,0,0,0,0,0,0,0,0,0,0,0,0,0,0,0,0,0,0,0,0,29,142.16,162.2,0,100,1750,4,0.0,0,39,84,0,13.9,25.5
208800,13.3,25.6,0.000,3.705,47.4,219,5.08,0.00,0,0,0,0,0.00,0,0,10.94,1712,0,0,0,0,0,0,0,0,0,0,0,0,0,0,0,0,0,0,0,0,0,0,0,0,0,0,0,0,0,0,0,0,0,0,0,0,0,0,0,0,0,0,0,0,0,0,0,0,0,0,0,0,0,0,0,0,0,0,0,0,0,0,0,0,0,0,0,0,0,0,0,0,0,0,29,142.16,162.2,0,100,1720,6,0.0,0,39,84,0,13.9,25.5
208900,13.3,25.6,0.000,3.705,47.4,219,5.08,0.00,0,0,0,0,0.00,0,0,10.94,1712,0,0,0,0,0,0,0,0,0,0,0,0,0,0,0,0,0,0,0,0,0,0,0,0,0,0,0,0,0,0,0,0,0,0,0,0,0,0,0,0,0,0,0,0,0,0,0,0,0,0,0,0,0,0,0,0,0,0,0,0,0,0,0,0,0,0,0,0,0,0,0,0,0,0,29,142.16,162.2,0,100,1720,6,0.0,0,39,84,0,13.9,25.5
209000,13.3,25.6,0.000,3.705,47.4,219,5.08,0.00,0,0,0,0,0.00,0,0,10.94,1712,0,0,0,0,0,0,0,0,0,0,0,0,0,0,0,0,0,0,0,0,0,0,0,0,0,0,0,0,0,0,0,0,0,0,0,0,0,0,0,0,0,0,0,0,0,0,0,0,0,0,0,0,0,0,0,0,0,0,0,0,0,0,0,0,0,0,0,0,0,0,0,0,0,0,29,142.16,162.1,0,100,1754,4,0.0,0,39,84,0,14.0,25.5
209100,13.3,25.6,0.000,3.677,47.4,219,5.08,0.00,0,0,0,0,0.00,0,0,10.94,1712,0,0,0,0,0,0,0,0,0,0,0,0,0,0,0,0,0,0,0,0,0,0,0,0,0,0,0,0,0,0,0,0,0,0,0,0,0,0,0,0,0,0,0,0,0,0,0,0,0,0,0,0,0,0,0,0,0,0,0,0,0,0,0,0,0,0,0,0,0,0,0,0,0,0,28,137.25,162.1,0,100,1747,4,0.0,0,39,84,0,13.9,25.5
209200,13.3,25.6,0.000,3.677,47.4,219,5.08,0.00,0,0,0,0,0.00,0,0,10.94,1712,0,0,0,0,0,0,0,0,0,0,0,0,0,0,0,0,0,0,0,0,0,0,0,0,0,0,0,0,0,0,0,0,0,0,0,0,0,0,0,0,0,0,0,0,0,0,0,0,0,0,0,0,0,0,0,0,0,0,0,0,0,0,0,0,0,0,0,0,0,0,0,0,0,0,28,137.25,162.1,0,100,1747,4,0.0,0,39,84,0,13.9,25.5
209300,13.3,25.6,0.000,3.705,47.0,219,5.08,0.00,0,0,0,0,0.00,0,0,10.94,1712,0,0,0,0,0,0,0,0,0,0,0,0,0,0,0,0,0,0,0,0,0,0,0,0,0,0,0,0,0,0,0,0,0,0,0,0,0,0,0,0,0,0,0,0,0,0,0,0,0,0,0,0,0,0,0,0,0,0,0,0,0,0,0,0,0,0,0,0,0,0,0,0,0,0,28,137.25,162.1,0,100,1755,5,0.0,0,39,84,0,13.9,25.5
209400,13.3,25.6,0.000,3.677,47.0,219,5.08,0.00,0,0,0,0,0.00,0,0,10.94,1712,0,0,0,0,0,0,0,0,0,0,0,0,0,0,0,0,0,0,0,0,0,0,0,0,0,0,0,0,0,0,0,0,0,0,0,0,0,0,0,0,0,0,0,0,0,0,0,0,0,0,0,0,0,0,0,0,0,0,0,0,0,0,0,0,0,0,0,0,0,0,0,0,0,0,28,137.25,162.1,0,100,1802,4,0.0,0,39,84,0,13.9,25.5
209500,13.3,25.6,0.000,3.677,47.0,219,5.08,0.00,0,0,0,0,0.00,0,0,10.94,1712,0,0,0,0,0,0,0,0,0,0,0,0,0,0,0,0,0,0,0,0,0,0,0,0,0,0,0,0,0,0,0,0,0,0,0,0,0,0,0,0,0,0,0,0,0,0,0,0,0,0,0,0,0,0,0,0,0,0,0,0,0,0,0,0,0,0,0,0,0,0,0,0,0,0,28,137.25,162.1,0,100,1758,5,0.0,0,39,84,0,13.9,25.5
209600,13.3,25.6,0.000,3.677,47.4,219,5.08,0.00,0,0,0,0,0.00,0,0,10.94,1712,0,0,0,0,0,0,0,0,0,0,0,0,0,0,0,0,0,0,0,0,0,0,0,0,0,0,0,0,0,0,0,0,0,0,0,0,0,0,0,0,0,0,0,0,0,0,0,0,0,0,0,0,0,0,0,0,0,0,0,0,0,0,0,0,0,0,0,0,0,0,0,0,0,0,28,137.25,162.1,0,100,1745,4,0.0,0,39,84,0,13.9,25.5
209700,13.3,25.6,0.000,3.677,47.4,219,5.08,0.00,0,0,0,0,0.00,0,0,10.94,1712,0,0,0,0,0,0,0,0,0,0,0,0,0,0,0,0,0,0,0,0,0,0,0,0,0,0,0,0,0,0,0,0,0,0,0,0,0,0,0,0,0,0,0,0,0,0,0,0,0,0,0,0,0,0,0,0,0,0,0,0,0,0,0,0,0,0,0,0,0,0,0,0,0,0,28,137.25,162.1,0,100,1745,4,0.0,0,39,84,0,13.9,25.5
209800,13.3,25.6,0.000,3.677,47.0,219,5.08,0.00,0,0,0,0,0.00,0,0,10.94,1712,0,0,0,0,0,0,0,0,0,0,0,0,0,0,0,0,0,0,0,0,0,0,0,0,0,0,0,0,0,0,0,0,0,0,0,0,0,0,0,0,0,0,0,0,0,0,0,0,0,0,0,0,0,0,0,0,0,0,0,0,0,0,0,0,0,0,0,0,0,0,0,0,0,0,28,137.25,162.1,0,100,1787,5,0.0,0,39,84,0,13.9,25.5
209900,13.3,25.6,0.000,3.677,47.0,219,5.08,0.00,0,0,0,0,0.00,0,0,10.94,1712,0,0,0,0,0,0,0,0,0,0,0,0,0,0,0,0,0,0,0,0,0,0,0,0,0,0,0,0,0,0,0,0,0,0,0,0,0,0,0,0,0,0,0,0,0,0,0,0,0,0,0,0,0,0,0,0,0,0,0,0,0,0,0,0,0,0,0,0,0,0,0,0,0,0,28,137.25,162.1,0,100,1787,5,0.0,0,39,84,0,13.9,25.5
210000,13.3,25.6,0.000,3.677,47.4,219,5.08,0.00,0,0,0,0,0.00,0,0,10.94,1712,0,0,0,0,0,0,0,0,0,0,0,0,0,0,0,0,0,0,0,0,0,0,0,0,0,0,0,0,0,0,0,0,0,0,0,0,0,0,0,0,0,0,0,0,0,0,0,0,0,0,0,0,0,0,0,0,0,0,0,0,0,0,0,0,0,0,0,0,0,0,0,0,0,0,28,137.25,162.3,0,100,1744,4,0.0,0,39,84,0,14.0,25.5
210100,13.3,25.6,0.000,3.705,47.4,219,5.08,0.00,0,0,0,0,0.00,0,0,10.94,1712,0,0,0,0,0,0,0,0,0,0,0,0,0,0,0,0,0,0,0,0,0,0,0,0,0,0,0,0,0,0,0,0,0,0,0,0,0,0,0,0,0,0,0,0,0,0,0,0,0,0,0,0,0,0,0,0,0,0,0,0,0,0,0,0,0,0,0,0,0,0,0,0,0,0,28,137.25,162.3,0,100,1726,6,0.0,0,39,84,0,14.0,25.5
210200,13.3,25.6,0.000,3.705,47.4,219,5.08,0.00,0,0,0,0,0.00,0,0,10.94,1712,0,0,0,0,0,0,0,0,0,0,0,0,0,0,0,0,0,0,0,0,0,0,0,0,0,0,0,0,0,0,0,0,0,0,0,0,0,0,0,0,0,0,0,0,0,0,0,0,0,0,0,0,0,0,0,0,0,0,0,0,0,0,0,0,0,0,0,0,0,0,0,0,0,0,29,142.16,162.3,0,100,1771,4,0.0,0,39,84,0,13.9,25.5
210300,13.3,25.6,0.000,3.650,47.0,219,5.08,0.00,0,0,0,0,0.00,0,0,10.94,1712,0,0,0,0,0,0,0,0,0,0,0,0,0,0,0,0,0,0,0,0,0,0,0,0,0,0,0,0,0,0,0,0,0,0,0,0,0,0,0,0,0,0,0,0,0,0,0,0,0,0,0,0,0,0,0,0,0,0,0,0,0,0,0,0,0,0,0,0,0,0,0,0,0,0,28,137.25,162.3,0,100,1756,5,0.0,0,39,84,0,13.9,25.5
210400,13.3,25.6,0.000,3.650,47.0,219,5.08,0.00,0,0,0,0,0.00,0,0,10.94,1712,0,0,0,0,0,0,0,0,0,0,0,0,0,0,0,0,0,0,0,0,0,0,0,0,0,0,0,0,0,0,0,0,0,0,0,0,0,0,0,0,0,0,0,0,0,0,0,0,0,0,0,0,0,0,0,0,0,0,0,0,0,0,0,0,0,0,0,0,0,0,0,0,0,0,28,137.25,162.3,0,100,1756,5,0.0,0,39,84,0,13.9,25.5
210500,13.3,25.6,0.000,3.677,47.0,219,5.08,0.00,0,0,0,0,0.00,0,0,10.94,1712,0,0,0,0,0,0,0,0,0,0,0,0,0,0,0,0,0,0,0,0,0,0,0,0,0,0,0,0,0,0,0,0,0,0,0,0,0,0,0,0,0,0,0,0,0,0,0,0,0,0,0,0,0,0,0,0,0,0,0,0,0,0,0,0,0,0,0,0,0,0,0,0,0,0,28,137.25,162.3,0,100,1759,4,0.0,0,39,84,0,13.9,25.5
210600,13.3,25.6,0.000,3.677,47.4,219,5.08,0.00,0,0,0,0,0.00,0,0,10.94,1712,0,0,0,0,0,0,0,0,0,0,0,0,0,0,0,0,0,0,0,0,0,0,0,0,0,0,0,0,0,0,0,0,0,0,0,0,0,0,0,0,0,0,0,0,0,0,0,0,0,0,0,0,0,0,0,0,0,0,0,0,0,0,0,0,0,0,0,0,0,0,0,0,0,0,29,142.16,162.3,0,100,1735,5,0.0,0,39,84,0,13.9,25.5
210700,13.3,25.6,0.000,3.705,47.0,219,5.08,0.00,0,0,0,0,0.00,0,0,10.94,1712,0,0,0,0,0,0,0,0,0,0,0,0,0,0,0,0,0,0,0,0,0,0,0,0,0,0,0,0,0,0,0,0,0,0,0,0,0,0,0,0,0,0,0,0,0,0,0,0,0,0,0,0,0,0,0,0,0,0,0,0,0,0,0,0,0,0,0,0,0,0,0,0,0,0,29,142.16,162.3,0,100,1759,5,0.0,0,39,84,0,13.9,25.5
210800,13.3,25.6,0.000,3.677,47.0,219,5.08,0.00,0,0,0,0,0.00,0,0,10.94,1712,0,0,0,0,0,0,0,0,0,0,0,0,0,0,0,0,0,0,0,0,0,0,0,0,0,0,0,0,0,0,0,0,0,0,0,0,0,0,0,0,0,0,0,0,0,0,0,0,0,0,0,0,0,0,0,0,0,0,0,0,0,0,0,0,0,0,0,0,0,0,0,0,0,0,28,137.25,162.3,0,100,1790,5,0.0,0,39,84,0,13.9,25.5
210900,13.3,25.6,0.000,3.677,47.0,219,5.08,0.00,0,0,0,0,0.00,0,0,10.94,1712,0,0,0,0,0,0,0,0,0,0,0,0,0,0,0,0,0,0,0,0,0,0,0,0,0,0,0,0,0,0,0,0,0,0,0,0,0,0,0,0,0,0,0,0,0,0,0,0,0,0,0,0,0,0,0,0,0,0,0,0,0,0,0,0,0,0,0,0,0,0,0,0,0,0,28,137.25,162.3,0,100,1790,5,0.0,0,39,84,0,13.9,25.5
211000,13.3,25.6,0.000,3.705,47.4,219,5.08,0.00,0,0,0,0,0.00,0,0,10.94,1712,0,0,0,0,0,0,0,0,0,0,0,0,0,0,0,0,0,0,0,0,0,0,0,0,0,0,0,0,0,0,0,0,0,0,0,0,0,0,0,0,0,0,0,0,0,0,0,0,0,0,0,0,0,0,0,0,0,0,0,0,0,0,0,0,0,0,0,0,0,0,0,0,0,0,28,137.25,162.3,0,100,1714,6,0.0,0,39,84,0,14.0,25.5
